split,file_number,filename,duration_s,declared_duration_s,duration_mismatch_s,sample_rate,channels,subtype,n_samples,mean,std,variance,skewness,kurtosis_excess,min,max,abs_peak,rms,crest_factor,dynamic_range_db,silence_ratio,zero_crossing_rate,spectral_centroid_hz,spectral_bandwidth_hz,spectral_rolloff85_hz,spectral_flatness,dominant_freq_hz,spectral_entropy,low_freq_energy_ratio_2khz
train,1,nips4b_birds_trainfile001.wav,5.00390022675737,5.0039,2.2675737021415898e-07,44100,1,PCM_16,220672,8.054233205843968e-06,0.0013166253935963342,1.7335024270627023e-06,-0.0011017365810827495,0.023773222100447633,-0.00634765625,0.0068359375,0.0068359375,0.0013166500285707043,5.191916873628738,14.30655460953908,0.14928491154292342,0.3400764033334693,6574.4364985892735,5778.068272879419,13874.177512325985,0.4016928006185493,18.98519069025522,0.9302803203747976,0.2886389767873634
train,2,nips4b_birds_trainfile002.wav,5.00390022675737,5.0039,2.2675737021415898e-07,44100,1,PCM_16,220672,9.061012356574463e-06,0.0006124764905365678,3.751274514599904e-07,0.05998014685216313,3.2939040524422385,-0.00537109375,0.00537109375,0.00537109375,0.000612543511438099,8.768509746172994,18.858515780641547,0.3560170751160093,0.26370479129563923,5121.381426253524,6096.1542353585455,13741.281177494198,0.2837934771486709,16264.91263051044,0.8573809172525341,0.5020905835931002
train,3,nips4b_birds_trainfile003.wav,5.00390022675737,5.0039,2.2675737021415898e-07,44100,1,PCM_16,220672,2.153179761705155e-05,0.0015156056724424907,2.297060554339855e-06,0.015116838752079547,34.63970969910203,-0.02197265625,0.0224609375,0.0224609375,0.0015157586129224126,14.818281293942226,23.41595669386153,0.27291183294663574,0.2964367769212991,5663.920225271737,3531.954028241082,7597.2737819025515,0.2059875049703073,4818.841085411833,0.8730022361766336,0.06739959985586039
train,4,nips4b_birds_trainfile004.wav,5.00390022675737,5.0039,2.2675737021415898e-07,44100,1,PCM_16,220672,1.0291274351752828e-05,0.0067690607632555164,4.582018361664535e-05,-0.11925178055448617,0.5599527330822065,-0.03369140625,0.0341796875,0.0341796875,0.0067690685863694075,5.049392994602864,14.06478346360444,0.09287993039443156,0.26298426163836663,6306.921790395265,4047.3104197768953,8300.525213892111,0.1192469896196796,8098.083127900231,0.8674073847951435,0.1641978548190667
train,5,nips4b_birds_trainfile005.wav,5.00390022675737,5.0039,2.2675737021415898e-07,44100,1,PCM_16,220672,1.016072496737239e-05,0.006562861255145198,4.3071147854286006e-05,-0.023133690740969267,0.6980497286681677,-0.037109375,0.03271484375,0.037109375,0.006562869120637548,5.654443859516586,15.047797930161577,0.09711245649651973,0.25699797436002014,5296.041828858868,3214.5463182553863,7908.03137688515,0.13039984231413598,5630.208182279582,0.8807106900081703,0.18255570652263292
train,6,nips4b_birds_trainfile006.wav,2.6877097505668934,2.6877,9.750566893451662e-06,44100,1,PCM_16,118528,4.613888701403888e-06,0.004029616740645483,1.6237811076490323e-05,0.001507584465710926,0.256011661198313,-0.02001953125,0.02294921875,0.02294921875,0.004029619382083036,5.6951331066252795,15.110077577248195,0.048258639308855295,0.27721109958068624,4191.6080740070265,7111.549684653108,16607.82009314255,0.039622159824586355,99.71314794816415,0.6974230137329575,0.7535144538497177
train,7,nips4b_birds_trainfile007.wav,5.00390022675737,5.0039,2.2675737021415898e-07,44100,1,PCM_16,220672,8.330820884616082e-06,0.008694753266384563,7.559873436330503e-05,0.08400812256605154,5.444262492738369,-0.08203125,0.09716796875,0.09716796875,0.008694757257444376,11.175466533790306,20.965313246945744,0.1886827508700696,0.06833702661428098,512.9989392100351,1782.6137108600658,501.0091901102088,0.026753778955049736,18.18581424013921,0.6510282181410307,0.9426572946185697
train,8,nips4b_birds_trainfile008.wav,5.00390022675737,5.0039,2.2675737021415898e-07,44100,1,PCM_16,220672,1.0313401366054597e-05,0.0005024650486169092,2.52471125081593e-07,0.005529889731560653,0.8347808285324394,-0.0029296875,0.00341796875,0.00341796875,0.0005025708818956091,6.800968526286327,16.65141530021193,0.4185986441415313,0.17183499417685152,3405.9469130099133,4438.744863025322,7036.7110462587,0.20272704404430328,1076.9599224187934,0.8609654386971315,0.6261324189826617
train,9,nips4b_birds_trainfile009.wav,5.00390022675737,5.0039,2.2675737021415898e-07,44100,1,PCM_16,220672,-0.00016862555059092227,0.09530432770264159,0.009082914878852497,-0.6321961546296366,-1.0630932079009285,-0.2578125,0.1865234375,0.2578125,0.09530447688030615,2.7051457438226048,8.643813366913289,0.015443735498839907,0.00771737110902656,62.42929135208528,513.1818895938685,53.35837804524362,0.0018841555747932915,26.579266966357306,0.1549565513213844,0.996676754927917
train,10,nips4b_birds_trainfile010.wav,4.911020408163266,4.911,2.0408163265983603e-05,44100,1,PCM_16,216576,9.099360617058215e-06,0.00036780487266332046,1.3528042435488137e-07,-0.0008811885291587962,0.034641513072195096,-0.00146484375,0.00146484375,0.00146484375,0.00036791741290474506,3.9814471906477897,12.000819193598309,0.5303219193262412,0.2547847166108738,7145.246390888085,5937.614251540267,14621.808510638297,0.44540312356421097,11.810172872340425,0.9400349640229395,0.23372467230839955
train,11,nips4b_birds_trainfile011.wav,3.436553287981859,3.4366,-4.671201814065995e-05,44100,1,PCM_16,151552,9.259662112674198e-06,0.0015062301681292413,2.2687293193826426e-06,-0.006485096855349633,6.945825308710289,-0.01806640625,0.01806640625,0.01806640625,0.0015062586300914871,11.994225884636215,21.579444471037874,0.16187843116554054,0.26316553503441087,5296.201958792454,3231.234957758683,8222.482712204392,0.18860093935329028,5598.923801731419,0.8906367044910327,0.14801198842669788
train,12,nips4b_birds_trainfile012.wav,5.00390022675737,5.0039,2.2675737021415898e-07,44100,1,PCM_16,220672,6.398911265928618e-05,0.011343775436700183,0.00012868124115828243,-0.07602724612127866,2.3329623067438634,-0.06591796875,0.0703125,0.0703125,0.011343955913384947,6.19823459619029,15.845360195415399,0.09348263486078887,0.053033701755101484,281.12454019937775,1291.9585456228324,110.11410600348027,0.012826845924954262,47.16321055684455,0.5508292834058809,0.9626308240756276
train,13,nips4b_birds_trainfile013.wav,5.00390022675737,5.0039,2.2675737021415898e-07,44100,1,PCM_16,220672,9.640740131280815e-06,0.0003928932023013937,1.5436506841464388e-07,-0.010416943199521049,0.09005385528284382,-0.001953125,0.001953125,0.001953125,0.0003930114658440931,4.969638724929213,13.926496364314202,0.4987809962296984,0.2523303923034744,6889.25953210334,6203.40593562707,14644.976254350348,0.4335855059997668,22.782228828306263,0.9331699528517017,0.31923670474645294
train,14,nips4b_birds_trainfile014.wav,5.00390022675737,5.0039,2.2675737021415898e-07,44100,1,PCM_16,220672,9.713759278476653e-06,0.0008851566562455054,7.835023060957239e-07,0.04281141705578809,1.901305881535988,-0.00732421875,0.00732421875,0.00732421875,0.0008852099543131246,8.273990497184592,18.35430035530719,0.24274488834106728,0.24517947532752377,5435.107936500903,3684.7242842765713,7343.471758990719,0.21644573715042503,7072.483142401392,0.8842648360218663,0.1799340134449542
train,15,nips4b_birds_trainfile015.wav,3.790657596371882,3.7907,-4.240362811813725e-05,44100,1,PCM_16,167168,9.992403786908978e-06,0.0013552219669056998,1.8366265795837536e-06,0.020529530378452603,9.511181800512315,-0.015625,0.01513671875,0.015625,0.0013552588047001186,11.52916324602472,21.235955771529646,0.19836930513016846,0.23553093612973852,4862.187529799625,3370.3764017247986,7757.229254402757,0.17492187719856112,2153.188409264931,0.8763546548267885,0.20236845489930644
train,16,nips4b_birds_trainfile016.wav,5.00390022675737,5.0039,2.2675737021415898e-07,44100,1,PCM_16,220672,9.483638329738253e-06,0.0014706798350436908,2.162899177204138e-06,-0.0047604072718182705,9.075769356295076,-0.013671875,0.0146484375,0.0146484375,0.0014707104122158472,9.960110011004762,19.96528270604117,0.24168449100928074,0.21989749446007859,4605.739022698031,1962.754008219387,5903.994616444315,0.06853172320563164,4362.59697650812,0.8153837028959077,0.05382036666940033
train,17,nips4b_birds_trainfile017.wav,4.702040816326531,4.702,4.081632653107903e-05,44100,1,PCM_16,207360,9.5367431640625e-06,0.0031045770454248005,9.638398630978585e-06,0.14114464062177862,1.9615345952202823,-0.017578125,0.0224609375,0.0224609375,0.0031045916930328796,7.234747664372535,17.18846776540605,0.07232831790123456,0.04426140172358084,479.1753925025837,1056.6004963497778,864.9435763888889,0.01033135015132133,73.37239583333333,0.6660120183309347,0.967150991668911
train,18,nips4b_birds_trainfile018.wav,5.00390022675737,5.0039,2.2675737021415898e-07,44100,1,PCM_16,220672,9.516828851190908e-06,0.00039115719529473437,1.5300395143084298e-07,0.06867492679979652,0.4698710141419107,-0.00146484375,0.00341796875,0.00341796875,0.00039127295007734163,8.735509953663756,18.82576525815388,0.5001450116009281,0.2565402794204948,6828.514911929447,6251.1930124297905,14660.164406902551,0.4273004531679226,14.188931989559164,0.925873951517776,0.3307415320157542
train,19,nips4b_birds_trainfile019.wav,1.207437641723356,1.2074,3.764172335607441e-05,44100,1,PCM_16,53248,1.8404080317570613e-05,0.004991925839998459,2.4919323592044324e-05,0.05284481455640532,-0.875054863749329,-0.013671875,0.0166015625,0.0166015625,0.004991959765684882,3.3256603176412654,10.437557767738042,0.026104266826923076,0.020019907224820176,244.90341814075623,784.2257518988769,99.3840144230769,0.0047777410127268745,96.89941406249999,0.34449319778095294,0.9882242183118867
train,20,nips4b_birds_trainfile020.wav,2.8676643990929707,2.8677,-3.560090702947605e-05,44100,1,PCM_16,126464,1.7606295072115383e-05,0.005928770758167655,3.5150322702903876e-05,-0.12479097277377817,0.4830426656172997,-0.0302734375,0.0400390625,0.0400390625,0.005928796900259784,6.753319969224379,16.5903465376482,0.10103270495951416,0.025572697152526826,139.32195584110144,701.8644946539588,100.43016194331983,0.003427335422023548,40.10232160931174,0.3314193896556671,0.9837940521506179
train,21,nips4b_birds_trainfile021.wav,5.00390022675737,5.0039,2.2675737021415898e-07,44100,1,PCM_16,220672,9.313260319614632e-06,0.0003147692326254329,9.90796698076039e-08,0.003113529125504717,0.12955983702797536,-0.00146484375,0.00146484375,0.00146484375,0.00031490698090925963,4.651671251524571,13.352180283235572,0.6149443517981439,0.19885712214110599,6722.272276005744,6226.21410020936,14373.787793648491,0.4159939342716007,26.579266966357306,0.925852831052974,0.34526207670133957
train,22,nips4b_birds_trainfile022.wav,3.030204081632653,3.0302,4.081632653196721e-06,44100,1,PCM_16,133632,9.525781390310704e-06,0.0008240245616735722,6.790164782413228e-07,-0.02541001987873441,1.5779095393359839,-0.00732421875,0.00537109375,0.00732421875,0.0008240796191827697,8.887756206449254,18.97584266562757,0.26263170498084293,0.20194415966355111,4345.05267122855,4278.320644236216,8391.84401939655,0.2480310420643079,1614.4127155172414,0.8944929831712477,0.4157935196416227
train,23,nips4b_birds_trainfile023.wav,5.00390022675737,5.0039,2.2675737021415898e-07,44100,1,PCM_16,220672,1.0384207811820258e-05,0.000318041301051011,1.0115026917421983e-07,0.012426881020349105,0.13889131995961712,-0.00146484375,0.00146484375,0.00146484375,0.000318210780688051,4.603375620501112,13.261528267183442,0.6100864631670534,0.20059273760485066,6548.856858991874,6096.134086436854,14114.390135585845,0.4052847326722679,10.791582076566124,0.9250840028989077,0.3303132184495036
train,24,nips4b_birds_trainfile024.wav,5.00390022675737,5.0039,2.2675737021415898e-07,44100,1,PCM_16,220672,9.100840982317648e-06,0.00048804038202543074,2.3818341448752837e-07,0.0029351246002233206,0.17724807590276281,-0.00244140625,0.00244140625,0.00244140625,0.00048812522962259774,5.001598159324021,13.982175930222487,0.40349477958236657,0.2938220246430206,6860.441976589427,6297.402459019665,16097.243420098606,0.3615695631451234,16097.643108323664,0.8871118433976894,0.3346225833407799
train,25,nips4b_birds_trainfile025.wav,2.6644897959183673,2.6645,-1.0204081632547712e-05,44100,1,PCM_16,117504,9.366369974639161e-06,0.0005988146630443846,3.585790006769599e-07,0.021220812609701933,2.9136165958794953,-0.00439453125,0.0048828125,0.0048828125,0.0005988879106840125,8.153132519277532,18.226490026226113,0.3654173474945534,0.2531169416951057,5791.023990258207,5311.427887816012,12090.119485294117,0.3752884121096739,67.93045343137256,0.9262809143197406,0.3082157204753742
train,26,nips4b_birds_trainfile026.wav,4.881995464852608,4.882,-4.535147391848682e-06,44100,1,PCM_16,215296,9.307679891869798e-06,0.0007360866161174469,5.418235064272337e-07,-0.005829021558214214,0.9331175741512183,-0.005859375,0.005859375,0.005859375,0.0007361454607156137,7.959534239746651,18.017753105944262,0.2743432297859691,0.21533709561299613,4326.420120600089,4134.417022613407,8198.696678061831,0.2417506907885909,861.7377935493461,0.9002424413310921,0.36368101588323715
train,27,nips4b_birds_trainfile027.wav,5.00390022675737,5.0039,2.2675737021415898e-07,44100,1,PCM_16,220672,1.0313401366054597e-05,0.0014927010290483385,2.228156362121969e-06,0.01084703085274554,7.591394392883025,-0.013671875,0.01416015625,0.01416015625,0.0014927366574080327,9.486037727905403,19.541696951939123,0.21622589182134572,0.20614851974205944,4753.007979839746,2942.91529934601,6707.367948810905,0.14387693219509604,4448.92963312065,0.8764958506449195,0.1962470917906497
train,28,nips4b_birds_trainfile028.wav,2.594829931972789,2.5948,2.9931972788777017e-05,44100,1,PCM_16,114432,9.353262199384788e-06,0.0004278698666969592,1.8307262282727365e-07,-0.013588446679269669,0.07305589302812887,-0.001953125,0.001953125,0.001953125,0.0004279720859367397,4.563673809998672,13.186291910452926,0.4571972874720358,0.24684744518530818,6066.1996736409665,5817.353991744133,13568.904677013423,0.38903577965182085,23.12290268456376,0.9188208141869837,0.3537290509084774
train,29,nips4b_birds_trainfile029.wav,5.00390022675737,5.0039,2.2675737021415898e-07,44100,1,PCM_16,220672,2.7975184181726727e-05,0.0005371712489885276,2.885529507398947e-07,-0.011119767963534722,1.7523516375256953,-0.00390625,0.00390625,0.00390625,0.0005378992114419729,7.2620481995657205,17.22118254159518,0.41885694605568446,0.23222806802887558,5891.157606685519,5037.04571987577,12198.884316995358,0.33936597439133487,0.1998441125290023,0.9138982267989925,0.16718016860847995
train,30,nips4b_birds_trainfile030.wav,4.307301587301588,4.3073,1.5873015879463992e-06,44100,1,PCM_16,189952,1.711986778238713e-06,0.0025025697210664687,6.262855208798703e-06,-0.017669537160015212,-0.08175238217643743,-0.01025390625,0.0087890625,0.01025390625,0.0025025703066442373,4.097349921708987,12.250061102728447,0.07819870283018868,0.048928407852551446,268.23563523723135,1410.2005100753731,104.93808962264151,0.014496070531524302,44.575471698113205,0.5210806076900975,0.9782037162014491
train,31,nips4b_birds_trainfile031.wav,5.00390022675737,5.0039,2.2675737021415898e-07,44100,1,PCM_16,220672,9.158371219502248e-06,0.001322266170038223,1.7483878244275506e-06,0.011070274334346385,0.17004929922742074,-0.0068359375,0.00732421875,0.00732421875,0.0013222978863293038,5.539008135551072,14.86864006055181,0.1482245142111369,0.342065790248832,6662.345810764985,5740.603159087207,13715.501286977957,0.4044923251252951,11.19127030162413,0.9300010131745767,0.28016140536543716
train,32,nips4b_birds_trainfile032.wav,5.00390022675737,5.0039,2.2675737021415898e-07,44100,1,PCM_16,220672,2.977189774303038e-05,0.0029438992517080375,8.666542804207143e-06,-0.0005397071969209268,9.349795190607432,-0.03564453125,0.04150390625,0.04150390625,0.0029440497906968836,14.097555816192784,22.982876455158568,0.5524987311484919,0.21404715617367032,4890.629124660033,3382.466582176576,8728.591302929233,0.14313872706526787,2057.9946708236657,0.8862781264012211,0.14994989537841688
train,33,nips4b_birds_trainfile033.wav,5.00390022675737,5.0039,2.2675737021415898e-07,44100,1,PCM_16,220672,9.702695771325768e-06,0.0011571263369456975,1.3389413596533682e-06,-0.0055455131502062825,5.628006078325308,-0.0087890625,0.0087890625,0.0087890625,0.001157167015585304,7.595327538397233,17.610930139489874,0.30034168358468677,0.2188824086536065,4377.991388395903,4275.040379279014,8611.28280887471,0.25165506443638513,179.26016893851508,0.8979610615466636,0.3587155304570924
train,34,nips4b_birds_trainfile034.wav,5.00390022675737,5.0039,2.2675737021415898e-07,44100,1,PCM_16,220672,1.6624025844919157e-05,0.0009269312198855475,8.59201486398509e-07,0.014531282673663447,35.57740558833609,-0.0146484375,0.01513671875,0.01513671875,0.0009270802794978445,16.32730097354551,24.258287970085675,0.3560170751160093,0.304126958231938,7139.206310980314,5463.68299009934,13955.31422201276,0.426242239888507,8.992985063805104,0.9392055649926446,0.19761592408944303
train,35,nips4b_birds_trainfile035.wav,5.00390022675737,5.0039,2.2675737021415898e-07,44100,1,PCM_16,220672,9.939454824354698e-06,0.0008140455213395579,6.626701108129926e-07,-0.021647512873599655,3.1388301945276176,-0.00537109375,0.005859375,0.005859375,0.0008141061991995873,7.197310382553061,17.14340463905895,0.3044881090487239,0.27311246153776436,6614.396786560217,3714.8598622406516,7921.021244199535,0.09819093805866415,16208.95627900232,0.7714909584787312,0.18416098433445957
train,36,nips4b_birds_trainfile036.wav,5.00390022675737,5.0039,2.2675737021415898e-07,44100,1,PCM_16,220672,7.84402656997716e-06,0.0014854044575257248,2.206426402437293e-06,-0.3860960789894045,87.00866244201482,-0.04541015625,0.04345703125,0.04541015625,0.0014854251684922144,30.570477202896544,29.70604436167726,0.599690944025522,0.25136968609377763,3612.1426270634493,3665.318400499902,8121.464889066125,0.14129504204918866,1625.5320113109046,0.8569127802060277,0.5141042238370166
train,37,nips4b_birds_trainfile037.wav,5.00390022675737,5.0039,2.2675737021415898e-07,44100,1,PCM_16,220672,9.824394349985498e-06,0.0003873260176249731,1.50021443929221e-07,0.03496086641387081,0.09705480196497085,-0.00146484375,0.00244140625,0.00244140625,0.00038745059382270283,6.301206628469348,15.988474423702927,0.501903277262181,0.25416117206157585,6750.4144320798205,6199.688367760382,14551.049521461715,0.4269527973902486,26.97895519141531,0.9296800666214753,0.3262152717526586
train,38,nips4b_birds_trainfile038.wav,3.5874829931972787,3.5875,-1.7006802721208913e-05,44100,1,PCM_16,158208,9.802167083838996e-06,0.00038692534490828454,1.4971122253239493e-07,-0.011511787615974253,7.942262107400687,-0.00390625,0.00341796875,0.00390625,0.0003870494865155287,10.092378716650948,20.079870781155126,0.5886617617313916,0.2000670008280291,6181.931005229657,5474.277033119874,13234.069705703883,0.3648687463561357,23.9722390776699,0.9182159036695051,0.258519265603244
train,39,nips4b_birds_trainfile039.wav,5.00390022675737,5.0039,2.2675737021415898e-07,44100,1,PCM_16,220672,9.979283450097883e-06,0.0003374105721387106,1.1384589419097205e-07,-0.006873936953129562,0.3971400949310069,-0.001953125,0.001953125,0.001953125,0.00033755811394358374,5.786040741791877,15.247629747224764,0.5857109193735499,0.21090673445989733,6834.358430051706,5979.06493452502,14097.003697795823,0.4204173525922943,12.590179089327146,0.93005388089069,0.3100824441683961
train,40,nips4b_birds_trainfile040.wav,5.00390022675737,5.0039,2.2675737021415898e-07,44100,1,PCM_16,220672,1.34089706668721e-05,0.00932917899956467,8.703358080591846e-05,-0.18986096088130902,9.65864802654255,-0.1611328125,0.12158203125,0.1611328125,0.00932918863601829,17.271899924704673,24.74680225966563,0.30971758990719256,0.09883038550602481,1123.0586720517247,2692.319042650531,1516.2172817575404,0.05683203914129315,47.762742894431554,0.6994556923638001,0.8725952792972802
train,41,nips4b_birds_trainfile041.wav,5.00390022675737,5.0039,2.2675737021415898e-07,44100,1,PCM_16,220672,9.846521364287268e-06,0.0006367612236194333,4.05464855905318e-07,-0.014792281836266885,0.8034425645819407,-0.00390625,0.00390625,0.00390625,0.0006368373496335587,6.133826796194802,15.754630168766099,0.3284240864269142,0.23572195712168795,4371.806556959831,6014.7152199792945,12842.582203451275,0.23798350227026405,16210.555031902551,0.8144654223949674,0.58878918276499
train,42,nips4b_birds_trainfile042.wav,3.4829931972789114,3.483,-6.802721088661201e-06,44100,1,PCM_16,153600,9.5367431640625e-06,0.0003114572807796447,9.700563775065044e-08,-0.004891294579073184,0.08177891613338151,-0.00146484375,0.00146484375,0.00146484375,0.0003116032529047599,4.700989916968944,13.443786393646164,0.6185546875,0.19851040696879538,6605.717397590583,6163.061786777341,14152.1953125,0.411445361639781,22.96875,0.924238301923574,0.3393965185898222
train,43,nips4b_birds_trainfile043.wav,5.00390022675737,5.0039,2.2675737021415898e-07,44100,1,PCM_16,220672,9.488063732598608e-06,0.0049355349708014844,2.435950544800441e-05,0.006250580588571802,0.12243476628362426,-0.025390625,0.02587890625,0.02587890625,0.00493554409071156,5.243374544805055,14.392217627027694,0.1195258120649652,0.2255303143593857,4223.141863460768,3389.8259560937113,6328.063823230858,0.15625931757385197,1900.117821925754,0.8894539235579126,0.2909094388445896
train,44,nips4b_birds_trainfile044.wav,5.00390022675737,5.0039,2.2675737021415898e-07,44100,1,PCM_16,220672,9.35751434821817e-06,0.000356884317712025,1.273664162287776e-07,-7.102200711594752e-05,-0.024217507162999308,-0.00146484375,0.00146484375,0.00146484375,0.00035700697374638874,4.10312362984987,12.262292054925407,0.5425654364849188,0.255244232364017,7443.660650478427,6206.048988778106,15072.043122824825,0.45935764905683396,14.588620214617169,0.9402061425405256,0.2681276891464731
train,45,nips4b_birds_trainfile045.wav,5.00390022675737,5.0039,2.2675737021415898e-07,44100,1,PCM_16,220672,1.4254222613199682e-05,0.0020712811114572465,4.290205442679566e-06,-0.026466666825264044,18.82097362819292,-0.02978515625,0.03173828125,0.03173828125,0.002071330158507299,15.322656853928176,23.706681516060442,0.648324209686775,0.26607030375536433,4922.829736239321,1549.1749522794298,5878.614414153132,0.04297056534654419,3724.894413428074,0.819495568692914,0.007144230993361184
train,46,nips4b_birds_trainfile046.wav,5.00390022675737,5.0039,2.2675737021415898e-07,44100,1,PCM_16,220672,2.6607734697877393e-05,0.0004785927666449612,2.2905103628487828e-07,0.0003738814565830632,0.44801726630487737,-0.00244140625,0.00341796875,0.00341796875,0.0004793318347769433,7.130694233130893,17.062636282705093,0.43997426044083526,0.23457545395634224,6086.926696902358,5178.734492536629,12645.735752610208,0.3577003606601146,0.1998441125290023,0.9183841398367831,0.175720001208296
train,47,nips4b_birds_trainfile047.wav,5.00390022675737,5.0039,2.2675737021415898e-07,44100,1,PCM_16,220672,9.640740131280815e-06,0.0026684439475659237,7.12059310130121e-06,-0.007323818909671888,10.925530697872942,-0.025390625,0.0244140625,0.025390625,0.002668461362877771,9.515080620323383,19.568249447443954,0.3392772984338747,0.3046526276674325,4581.827203947663,3296.4664363044344,5771.497969837586,0.13378690687204606,3634.964562790023,0.7823793690380507,0.07258190872182847
train,48,nips4b_birds_trainfile048.wav,5.00390022675737,5.0039,2.2675737021415898e-07,44100,1,PCM_16,220672,8.945951882205263e-06,0.00039079761749490256,1.5272277783969216e-07,-0.008607314679850186,0.14023933837895974,-0.001953125,0.001953125,0.001953125,0.0003908999973072025,4.996482510755988,13.973287431673036,0.5024153494779582,0.24744529185982753,6611.117957690152,5841.3185213646675,13907.3516350058,0.4261848836957008,7.194388051044083,0.9368110396071948,0.27781200973124476
train,49,nips4b_birds_trainfile049.wav,5.00390022675737,5.0039,2.2675737021415898e-07,44100,1,PCM_16,220672,1.0994913406549087e-05,0.001176470432389192,1.3840826782860122e-06,0.012078479764232824,0.14359109453639984,-0.0048828125,0.00537109375,0.00537109375,0.0011765218087255458,4.565230929138643,13.189255018409632,0.16851707511600927,0.07229314227968332,653.7722716757403,2384.4232285775024,389.29633120649646,0.03962155084370275,43.765860643851504,0.6545391352995755,0.9427707559506696
train,50,nips4b_birds_trainfile050.wav,5.00390022675737,5.0039,2.2675737021415898e-07,44100,1,PCM_16,220672,9.563295581224623e-06,0.000380752279533398,1.4497229836987883e-07,0.010955187923193742,0.034284205940271484,-0.00146484375,0.00244140625,0.00244140625,0.0003808723604992264,6.410037858352178,16.137211890298005,0.5110299448955916,0.2558831926261267,6938.591162878872,6215.891840851712,14667.358794953596,0.43814875731184694,12.790023201856147,0.9323787635315736,0.31284249053423335
train,51,nips4b_birds_trainfile051.wav,5.00390022675737,5.0039,2.2675737021415898e-07,44100,1,PCM_16,220672,9.6230385198394e-06,0.0004468561413555224,1.9968041106714664e-07,0.010690599692473692,1.2011571256916493,-0.00439453125,0.00732421875,0.00732421875,0.0004469597453210982,16.386752558081586,24.289857917238184,0.4538591212296984,0.2877994843001572,7304.350083386884,5630.960523992296,14068.026301479118,0.4425447154462972,15.58784077726218,0.9423204168087058,0.21423076109587494
train,52,nips4b_birds_trainfile052.wav,2.7457596371882085,2.7458,-4.036281179153889e-05,44100,1,PCM_16,121088,8.903648586152219e-06,0.0005146200129873985,2.6483375776715016e-07,0.11684166971773766,0.8306903021604359,-0.005859375,0.005859375,0.005859375,0.0005146970300334906,11.38412436461648,21.125992630090373,0.3828290169133192,0.21600171777317137,4734.089324917622,5271.9388829143845,10925.938160676535,0.31571972719227254,39.33337737843552,0.900385792430146,0.420490436750272
train,53,nips4b_birds_trainfile053.wav,5.00390022675737,5.0039,2.2675737021415898e-07,44100,1,PCM_16,220672,1.219641028313515e-05,0.0033478855835653424,1.1208337880644653e-05,-0.006229892173515961,0.1659748508621881,-0.01806640625,0.01953125,0.01953125,0.003347907799367905,5.833867349539183,15.319130998223326,0.05934599767981438,0.1502326993578676,1777.054817540713,3407.483365487059,4369.791364559164,0.1000944589279331,63.750271896751734,0.7657884902164661,0.7629302059258929
train,54,nips4b_birds_trainfile054.wav,2.9373242630385485,2.9373,2.4263038548522076e-05,44100,1,PCM_16,129536,8.228739259742465e-06,0.0008409266725743,7.07157668646884e-07,0.019208114639756527,11.929090115641026,-0.0107421875,0.01123046875,0.01123046875,0.0008409669320470864,13.354233468684352,22.512379292487218,0.3297075716403162,0.22511290384838076,4971.3492951008775,5123.049271425164,10925.930243330038,0.3247691295644833,94.30351408102766,0.9087679384567177,0.4073934368545295
train,55,nips4b_birds_trainfile055.wav,1.5731519274376418,1.5732,-4.8072562358170146e-05,44100,1,PCM_16,69376,1.0106836297855166e-05,0.0003784965908523291,1.4325966928683544e-07,0.008133329516719431,-0.0174706152635955,-0.00146484375,0.00146484375,0.00146484375,0.00037863150612011553,3.86878462653686,11.751491068397081,0.5131457564575646,0.2626162162162162,7243.761611520601,6208.2795611811425,14930.535055350552,0.45056612291701365,14.620329797047969,0.9328600749175219,0.28949672304500446
train,56,nips4b_birds_trainfile056.wav,2.3626303854875284,2.3626,3.0385487528317157e-05,44100,1,PCM_16,104192,1.0994201210265663e-05,0.0005619496472712525,3.1578740606828516e-07,-0.004905296361611471,0.000652460456988635,-0.00244140625,0.00244140625,0.00244140625,0.0005620571843936672,4.3436972567724155,12.75719097114184,0.3479921683046683,0.23841790557725714,5031.316679389056,5116.977245029459,10991.985949017198,0.3254391577774558,1025.1286087223586,0.9083907368833709,0.4149324116178659
train,57,nips4b_birds_trainfile057.wav,5.00390022675737,5.0039,2.2675737021415898e-07,44100,1,PCM_16,220672,7.83163544196817e-05,0.008512698241915976,7.246603135791936e-05,0.355110848345423,1.5112330346237242,-0.03564453125,0.0390625,0.0390625,0.008513058487364512,4.588538896799362,13.23348835094222,0.07832439095127611,0.018674859859247477,44.9226234960636,385.95089567014946,41.367731293503475,0.0011319667306958791,40.56835484338747,0.44333159688727647,0.9982727585685492
train,58,nips4b_birds_trainfile058.wav,5.00390022675737,5.0039,2.2675737021415898e-07,44100,1,PCM_16,220672,1.1041380136582802e-05,0.0017594245872942001,3.0955748783753662e-06,-0.04326469166488543,1.3857552042372623,-0.0107421875,0.009765625,0.0107421875,0.0017594592323923527,6.1053915329392145,15.714270401302208,0.12819931844547564,0.32964911565180743,6616.309547118315,5421.360588499653,13289.633483178653,0.38134173536358223,9.992205626450115,0.9261445407135531,0.2509179635177865
train,59,nips4b_birds_trainfile059.wav,5.00390022675737,5.0039,2.2675737021415898e-07,44100,1,PCM_16,220672,8.94152647934491e-06,0.0006077074100317346,3.693082962074788e-07,-0.03477194651580411,1.279254542978042,-0.00341796875,0.00390625,0.00390625,0.0006077731872197553,6.427150921002377,16.160369960831254,0.35207457221577726,0.2508213584929601,3047.7131950080875,5382.601216759008,9050.740012325985,0.16184396577750737,16116.62829901392,0.7476107778113952,0.7175474714066817
train,60,nips4b_birds_trainfile060.wav,2.103401360544218,5.0039,-2.900498639455782,44100,1,PCM_16,92760,-0.00023932841483145347,0.0015789503705295742,2.49308427259548e-06,0.21251993900342886,0.32990940172140615,-0.006439208984375,0.00787353515625,0.00787353515625,0.0015969853984120256,4.930248682348072,13.857376513932705,0.1215610176800345,0.3355685162625729,7191.1484412864465,5966.829044585037,14591.128719275548,0.4369166122271501,0.4754204398447606,0.9064126032611939,0.2454702810813961
train,61,nips4b_birds_trainfile061.wav,2.507755102040816,2.5078,-4.489795918383166e-05,44100,1,PCM_16,110592,9.519082528573495e-06,0.0014487220981659358,2.0987957177143115e-06,-0.02497113743289629,-0.03727176761032558,-0.00537109375,0.00537109375,0.00537109375,0.001448753371228691,3.7073899924351954,11.381365465689214,0.12895146122685186,0.058648533786655334,488.8691124504287,1901.4165578173945,399.56054687500006,0.02650316454924151,71.77734375,0.60432649825506,0.9628441101446615
train,62,nips4b_birds_trainfile062.wav,5.00390022675737,5.0039,2.2675737021415898e-07,44100,1,PCM_16,220672,8.720256336327218e-06,0.0013521557509410791,1.8283251748030338e-06,0.0017742575935436307,0.09207091544540225,-0.00634765625,0.005859375,0.00634765625,0.0013521838697727483,4.694373592155633,13.431552981584556,0.14676533497679814,0.3232640446637755,6351.060313295207,5621.798539495996,13559.023346867749,0.38251769728356516,18.98519069025522,0.9242014469818848,0.268622190573094
train,63,nips4b_birds_trainfile063.wav,5.00390022675737,5.0039,2.2675737021415898e-07,44100,1,PCM_16,220672,1.0156299564512037e-05,0.0006238281773311467,3.891615948323006e-07,-0.04241827180597177,7.231381429956455,-0.0068359375,0.00634765625,0.0068359375,0.0006239108471994575,10.956593447099703,20.79351094228612,0.414085158062645,0.2568620253680819,6097.775798874817,4188.148708898127,9661.063931989558,0.27897383546884436,5480.724786107889,0.8989421114986642,0.09456275682852397
train,64,nips4b_birds_trainfile064.wav,1.3583673469387756,1.3584,-3.265306122446354e-05,44100,1,PCM_16,59904,9.18624747512687e-06,0.0009492154675877484,9.010100039078277e-07,-0.014475652479239627,0.07448946247764932,-0.00341796875,0.00390625,0.00390625,0.0009492599175412927,4.115047868151537,12.287497829863261,0.20602964743589744,0.14182929068661002,2463.999718772786,3253.4060683895077,3022.010216346154,0.11708740260304903,884.1496394230769,0.8026296692206689,0.7007057101399013
train,65,nips4b_birds_trainfile065.wav,5.00390022675737,5.0039,2.2675737021415898e-07,44100,1,PCM_16,220672,8.959228090786325e-06,0.0006414864667925174,4.1150488707794756e-07,0.1144455143196141,1.6229163909310724,-0.00390625,0.00537109375,0.00537109375,0.0006415490276244913,8.372070595894948,18.456657635756187,0.3248939602668213,0.2349742376660277,3649.8292534761467,5713.8429531860675,11031.195167488399,0.19501818727656486,16209.156123114848,0.7812127736668149,0.6588924750005849
train,66,nips4b_birds_trainfile066.wav,3.0418140589569163,3.0418,1.4058956916418452e-05,44100,1,PCM_16,134144,8.888827025435353e-06,0.0013479702345204469,1.8170237531531086e-06,0.0014912153543146865,0.7708888335428363,-0.0078125,0.00732421875,0.0078125,0.0013479995416909448,5.795625115866076,15.262005716189066,0.15701037690839695,0.36959811544396654,8172.318696266507,4590.714845832486,11695.652433206105,0.15470365431946076,11514.510526001906,0.8684470242558076,0.23490514559388434
train,67,nips4b_birds_trainfile067.wav,5.00390022675737,5.0039,2.2675737021415898e-07,44100,1,PCM_16,220672,2.8944347408144213e-05,0.0008245615589537028,6.799017645041607e-07,0.007333464915988269,2.5259088604918816,-0.005859375,0.005859375,0.005859375,0.0008250694151106584,7.101675195673251,17.027216107967092,0.29048995794663574,0.2130773866978443,4331.211137520856,3283.622509437263,5937.368583236658,0.147659346523474,3667.7389972447795,0.8339684610857754,0.08935826380770648
train,68,nips4b_birds_trainfile068.wav,5.00390022675737,5.0039,2.2675737021415898e-07,44100,1,PCM_16,220672,9.587635296956568e-06,0.0003641546087648429,1.326085790846758e-07,0.004318237947966855,-0.016651660674063873,-0.00146484375,0.00146484375,0.00146484375,0.00036428080080518,4.021193943689085,12.087100395869449,0.5323194605568445,0.255348459924503,7453.278642979372,6206.749010648588,15097.823013341065,0.46183883882340704,13.589399651972156,0.940695009471358,0.26737276067043836
train,69,nips4b_birds_trainfile069.wav,5.00390022675737,5.0039,2.2675737021415898e-07,44100,1,PCM_16,220672,2.953513869000145e-05,0.0007977283758177534,6.363705615848308e-07,-0.004790222269900414,13.413201535609772,-0.0078125,0.0078125,0.0078125,0.0007982749438647491,9.786728319664839,19.812750648755582,0.3810950188515081,0.22319199169804824,4159.388831778772,2452.906237115351,3994.284277117169,0.08306124938266485,3652.7506888051043,0.7766130486812982,0.02935075245730896
train,70,nips4b_birds_trainfile070.wav,5.00390022675737,5.0039,2.2675737021415898e-07,44100,1,PCM_16,220672,2.816547650472194e-05,0.000368148202997011,1.3553309936992842e-07,0.024133704865688922,1.0706298554479874,-0.00244140625,0.00244140625,0.00244140625,0.00036922404233292615,6.612262393786927,16.40700158616927,0.5654999274941995,0.23435340393617649,7876.718741256422,5445.036900068261,14484.701276102087,0.42511409517187265,0.1998441125290023,0.9318804263639558,0.055414405514108214
train,71,nips4b_birds_trainfile071.wav,5.00390022675737,5.0039,2.2675737021415898e-07,44100,1,PCM_16,220672,7.653734246981947e-06,0.002390202143277542,5.713066285728555e-06,0.021412252396509974,1.3060861037993545,-0.01220703125,0.0126953125,0.0126953125,0.0023902143973661607,5.311369772514673,14.504130752813113,0.09510495214617169,0.05771034707777642,622.217159158369,1524.639147859123,1119.7265625,0.01975927844367767,77.33967154872389,0.652430632572018,0.95303442007346
train,72,nips4b_birds_trainfile072.wav,2.3858503401360545,2.3859,-4.965986394545041e-05,44100,1,PCM_16,105216,1.0446330346620286e-05,0.0004481531893125253,2.0084128109098815e-07,-0.003179959126315564,-0.03892656507318337,-0.001953125,0.001953125,0.001953125,0.000448274923354741,4.356980277601655,12.783711881073778,0.43340366484184917,0.29991921303996577,7267.94975379971,6451.311546324482,16099.08188868613,0.3726278777025697,16099.08188868613,0.8748598075463653,0.31695657623800055
train,73,nips4b_birds_trainfile073.wav,5.00390022675737,5.0039,2.2675737021415898e-07,44100,1,PCM_16,220672,9.417257286832947e-06,0.00042962151578936037,1.8457464682914762e-07,-0.03194734410795728,2.349519731014988,-0.00341796875,0.00341796875,0.00341796875,0.00042972471602638123,7.953856556368444,18.011555088947453,0.4987084904292343,0.2636911963964454,6602.19359407272,5186.258486433045,13159.135277697214,0.3703010914501405,13.389555539443155,0.919593569542027,0.1532140104374067
train,74,nips4b_birds_trainfile074.wav,2.8908843537414968,2.8909,-1.5646258503032584e-05,44100,1,PCM_16,127488,9.575043337412149e-06,0.0007311197573867902,5.34536099641319e-07,-0.029524689710645143,4.574935001515494,-0.00634765625,0.005859375,0.00634765625,0.0007311824540401886,8.68135745726074,18.77175277565899,0.32972515060240964,0.2254661259579408,5069.248122136152,5127.114456040354,10955.47110316265,0.3289793340437768,94.08885542168674,0.9104470034334274,0.38506680061677023
train,75,nips4b_birds_trainfile075.wav,5.00390022675737,5.0039,2.2675737021415898e-07,44100,1,PCM_16,220672,7.861728181418577e-06,0.00133900970580014,1.7929469922269777e-06,0.01168994023850727,0.23005459164374464,-0.00634765625,0.00830078125,0.00830078125,0.0013390327848850365,6.199087388821976,15.846555173282974,0.14868673868909513,0.331316756619583,6456.380035745329,5478.1015492482,13392.952889356147,0.37748000982857755,21.383320040603248,0.9234303123716996,0.2536526429890137
train,76,nips4b_birds_trainfile076.wav,5.00390022675737,5.0039,2.2675737021415898e-07,44100,1,PCM_16,220672,9.561082879794447e-06,0.0018999468617020626,3.609798077291517e-06,-0.019398278586174107,6.490908278929432,-0.0185546875,0.01708984375,0.0185546875,0.0018999709186188485,9.765774474847234,19.794133814361842,0.13402697215777262,0.31749980740559475,5723.501967195256,3808.567328949909,7902.635585846867,0.2155516053725505,5764.903114124129,0.8672276333596353,0.11214760041412025
train,77,nips4b_birds_trainfile077.wav,5.00390022675737,5.0039,2.2675737021415898e-07,44100,1,PCM_16,220672,9.032247237982163e-06,0.0003690506115153173,1.3619835385982963e-07,0.005992814508247366,0.08598433596637767,-0.001953125,0.00146484375,0.001953125,0.0003691611238334796,5.290711491281003,14.470281591779312,0.5304705626450116,0.2545735506704551,7399.665452062511,6176.0239042046605,15026.67850928074,0.4609983685771216,31.17568155452436,0.9412713957052286,0.2634317686042138
train,78,nips4b_birds_trainfile078.wav,5.00390022675737,5.0039,2.2675737021415898e-07,44100,1,PCM_16,220672,9.819968947125145e-06,0.002049208223651514,4.199254343880993e-06,-0.033396975954740754,1.4746382542855327,-0.01416015625,0.01220703125,0.01416015625,0.002049231752552921,6.909982842281924,16.789539380156807,0.10993238834106729,0.2892496068808316,5105.521540328085,3715.3509774255294,7328.683294663572,0.20971679626173279,2938.7076747389788,0.8741040517208573,0.10182725482056874
train,79,nips4b_birds_trainfile079.wav,5.00390022675737,5.0039,2.2675737021415898e-07,44100,1,PCM_16,220672,1.0036813687282483e-05,0.0006627399313763007,4.392242166406638e-07,0.011836012131473722,0.6699487311027741,-0.00634765625,0.00537109375,0.00634765625,0.0006628159278937531,9.576801013474597,19.62440927508321,0.3072433294663573,0.22979911270624595,4944.537020534632,4583.391178826351,9671.655669953596,0.28638308974574817,2103.958816705336,0.9059037642867419,0.27923679309582644
train,80,nips4b_birds_trainfile080.wav,2.3510204081632655,2.351,2.0408163265539514e-05,44100,1,PCM_16,103680,9.371910566165123e-06,0.0003638037054352233,1.3235313608839873e-07,0.001565769163561768,-0.024510346336854116,-0.00146484375,0.00146484375,0.00146484375,0.00036392439983609084,4.025132007251385,12.095602559075246,0.5326774691358025,0.2685403987306976,7803.200165748651,6134.996392122548,15191.276041666666,0.4766050470662501,11.059027777777777,0.9418913026440324,0.23362866942676255
train,81,nips4b_birds_trainfile081.wav,5.00390022675737,5.0039,2.2675737021415898e-07,44100,1,PCM_16,220672,2.9143490536860137e-05,0.000518795576666591,2.691488503688206e-07,0.03008190594746033,3.4382619437567383,-0.00390625,0.00390625,0.00390625,0.0005196135038752291,7.517606780554299,17.521592111243997,0.45793757250580047,0.22594722460132957,5411.6966230448415,4517.516969306999,10388.296657482599,0.24564396578214454,3540.438297563805,0.8661412595029947,0.08155654795903727
train,82,nips4b_birds_trainfile082.wav,5.00390022675737,5.0039,2.2675737021415898e-07,44100,1,PCM_16,220672,9.554444775503915e-06,0.001972464927577632,3.890617890523833e-06,0.060543105115653535,8.720240835739222,-0.02197265625,0.021484375,0.02197265625,0.001972488067882491,11.139563583564856,20.937363534954862,0.12817212877030162,0.32898749722437476,5821.758832359671,4902.70502106219,11972.06124927494,0.3047265255899854,3500.2696309454755,0.8939242619442757,0.1777572397446671
train,83,nips4b_birds_trainfile083.wav,1.7008616780045351,1.7009,-3.832199546494053e-05,44100,1,PCM_16,75008,2.1488593300047995e-05,0.001220202720959306,1.4888946802364942e-06,-0.030370447803957725,-0.0729468843954093,-0.00537109375,0.0048828125,0.00537109375,0.0012203919206052248,4.4011220160621285,12.871268180929082,0.15299701365187712,0.06968682922927194,711.3818223622062,2394.881169453421,789.5997760238907,0.04257841392079543,55.85404223549488,0.5971115746310733,0.9299601089218879
train,84,nips4b_birds_trainfile084.wav,2.589024943310658,2.589,2.4943310657832285e-05,44100,1,PCM_16,114176,9.716358954596412e-06,0.0007055522695224141,4.978040050282292e-07,0.016784279781684713,0.02897221325407484,-0.0029296875,0.00341796875,0.00341796875,0.0007056191697081108,4.84392842021836,13.703954337092181,0.2785436519058296,0.1960324063936939,3391.137620246792,4648.082775931316,7534.496741872196,0.21581435565588838,302.04421244394615,0.8530825239799714,0.6194148914289117
train,85,nips4b_birds_trainfile085.wav,5.00390022675737,5.0039,2.2675737021415898e-07,44100,1,PCM_16,220672,1.1076783359465632e-05,0.0019415287779686295,3.76953399568036e-06,0.020310922635184917,3.0814131431942524,-0.0126953125,0.01318359375,0.01318359375,0.0019415603752677777,6.790205402797085,16.63765823657352,0.1259561702436195,0.3268304398856216,5826.655211594627,4075.3882407255614,9202.221849622969,0.22509270579603213,3936.9290168213456,0.8441791284848091,0.13537640545775967
train,86,nips4b_birds_trainfile086.wav,5.00390022675737,5.0039,2.2675737021415898e-07,44100,1,PCM_16,220672,1.1846803457167198e-05,0.0033591391497642302,1.1283815827478754e-05,0.026706856704585093,0.16395572815777637,-0.017578125,0.0185546875,0.0185546875,0.0033591600399848335,5.523609259201527,14.844458978962185,0.05925536542923434,0.15775067861205141,2139.4783461792676,3373.7344394712472,5110.613489704176,0.10075838154228424,73.54263341067285,0.7811750752680618,0.6399643122085814
train,87,nips4b_birds_trainfile087.wav,2.728344671201814,2.7283,4.467120181406159e-05,44100,1,PCM_16,120320,7.0125498670212766e-06,0.0025008822526416973,6.2544120415782115e-06,0.040624331525590404,0.4199678680767627,-0.01318359375,0.01318359375,0.01318359375,0.0025008920843238814,5.27155643085823,14.438777198126097,0.08021110372340426,0.12677133287344475,1619.1214275813697,3943.9411105874947,1293.824800531915,0.050035435291035525,160.90342420212767,0.652098749798622,0.8877750457793051
train,88,nips4b_birds_trainfile088.wav,4.911020408163266,4.911,2.0408163265983603e-05,44100,1,PCM_16,216576,9.403724760592125e-06,0.0006830232006708033,4.6652069265458843e-07,-0.020150387609026814,0.41201103684642426,-0.00537109375,0.00390625,0.00537109375,0.0006830879318901494,7.8629609736155475,17.911722402590225,0.2929779846335697,0.21889414752395245,4433.07810159709,4333.678881500138,9028.673537234043,0.2570888060472097,1160.654920212766,0.9021644202303367,0.396817042858629
train,89,nips4b_birds_trainfile089.wav,5.00390022675737,5.0039,2.2675737021415898e-07,44100,1,PCM_16,220672,2.9782961250181263e-05,0.000934235039883855,8.727951097467882e-07,0.012620167707730471,2.380057378177769,-0.0068359375,0.00732421875,0.00732421875,0.000934709652527253,7.835822311449223,17.881691583636076,0.2564666110788863,0.20819681788726202,4054.0678435250866,2953.3127905971305,5895.00163138051,0.12600898380547396,2069.585629350348,0.8478624420936118,0.14340643927346114
train,90,nips4b_birds_trainfile090.wav,5.00390022675737,5.0039,2.2675737021415898e-07,44100,1,PCM_16,220672,1.8642009549240503e-05,0.0030872707935591715,9.531240952763476e-06,0.6600575523837562,19.038244687708676,-0.025390625,0.02978515625,0.02978515625,0.0030873270764989426,9.647554506526935,19.688344818342653,0.4310877682714617,0.08196817887262033,534.3508084909654,2298.985173310551,171.46624854988397,0.03464856659881753,16.58706133990719,0.5853263846503431,0.9512705514883104
train,91,nips4b_birds_trainfile091.wav,2.9895691609977324,2.9896,-3.083900226741321e-05,44100,1,PCM_16,131840,1.096262515169903e-05,0.0008735960750166202,7.631701022844443e-07,-0.015903935120631867,2.7416131067413954,-0.005859375,0.005859375,0.005859375,0.0008736648564722407,6.7066621217425295,16.53012854709327,0.26089199029126214,0.2491827152815176,5010.096993285384,4563.791917256942,9490.99969660194,0.3041556561493418,16.390321601941746,0.9142031294166465,0.300397264125885
train,92,nips4b_birds_trainfile092.wav,3.680362811791383,3.6804,-3.718820861697836e-05,44100,1,PCM_16,162304,9.335177929995564e-06,0.0008921544289759198,7.959395251413496e-07,-0.016615417548474745,12.075652961663009,-0.0087890625,0.0087890625,0.0087890625,0.0008922032675844301,9.850964258173692,19.8695748668205,0.32930180402208203,0.20482677461291535,3363.679409344896,4041.8154707700523,6246.395036474763,0.18361593244196495,96.72959384858044,0.8436838533206839,0.6075826024185483
train,93,nips4b_birds_trainfile093.wav,2.919909297052154,2.9199,9.297052153911523e-06,44100,1,PCM_16,128768,8.774562100055914e-06,0.00045675018484385877,2.0862073135489916e-07,-0.02077002715214757,-0.011457912170320661,-0.001953125,0.001953125,0.001953125,0.00045683446049411255,4.275345160887158,12.619423646394992,0.4233582877733598,0.2990129458634588,7278.9369978862105,6258.815325210941,16084.403733846919,0.383153617274655,16084.746210238569,0.889097432525419,0.28190141400574503
train,94,nips4b_birds_trainfile094.wav,2.681904761904762,2.6819,4.7619047616187515e-06,44100,1,PCM_16,118272,2.5596453513933984e-06,0.0026869092027740145,7.219481063951691e-06,0.05278527040888572,1.0253390830452522,-0.01904296875,0.02392578125,0.02392578125,0.002686910421978376,8.904569744600348,18.992258797018053,0.07530945616883117,0.36089996702488353,5983.825579049225,7712.129492472698,17104.261363636364,0.07729291031163425,72.70951704545455,0.8024800568615243,0.645206115019272
train,95,nips4b_birds_trainfile095.wav,5.00390022675737,5.0039,2.2675737021415898e-07,44100,1,PCM_16,220672,9.379641362519938e-06,0.002309571945619533,5.334122571992796e-06,-0.03152417074879655,2.85429625055854,-0.0166015625,0.0166015625,0.0166015625,0.002309590991856542,7.188096315986666,17.132277754997162,0.09740247969837587,0.07436409859020895,1520.166746352913,2111.0346028210383,3658.146479843387,0.0149612905004973,59.75338964617169,0.626413311200729,0.6316962366592648
train,96,nips4b_birds_trainfile096.wav,5.00390022675737,5.0039,2.2675737021415898e-07,44100,1,PCM_16,220672,9.884137288600275e-06,0.001412133901798986,1.9941221566100285e-06,0.03430866471021104,5.07550725907517,-0.02880859375,0.03125,0.03125,0.0014121684930559696,22.12908739549498,26.899270079473222,0.41158823955916474,0.3306370116598919,6301.854341917028,5447.6808584828395,13188.31251812645,0.38374266572384874,21.58316415313225,0.9282005243708101,0.3021268392612575
train,97,nips4b_birds_trainfile097.wav,2.0259410430839004,2.0259,4.104308390040501e-05,44100,1,PCM_16,89344,8.4819629745702e-06,0.0003913651047297672,1.5316664520014165e-07,-0.01329454500963198,0.06178605984414043,-0.001953125,0.001953125,0.001953125,0.0003914570077237648,4.989372936141791,13.960919339377897,0.49996642191977075,0.2542560693059333,6730.920881548805,5903.5671432890695,14187.480972421203,0.41906035373584816,19.25031339541547,0.9239560993045999,0.25996209338042836
train,98,nips4b_birds_trainfile098.wav,5.00390022675737,5.0039,2.2675737021415898e-07,44100,1,PCM_16,220672,9.4504478082856e-06,0.0005367645021211687,2.881161307373861e-07,-0.04676947797490962,8.599886175466324,-0.0068359375,0.00634765625,0.0068359375,0.0005368476894810699,12.733476615327866,22.098939901374145,0.46467608033642693,0.25840731224311303,6911.854415674248,5459.185381581972,13862.186865574246,0.4093149091483028,21.58316415313225,0.9334353877117182,0.1717144430965202
train,99,nips4b_birds_trainfile099.wav,4.266666666666667,4.2667,-3.333333333355171e-05,44100,1,PCM_16,188160,8.84646461123512e-06,0.0003517878590054022,1.2375469774360474e-07,0.02082562212086285,3.1975054859589713,-0.0029296875,0.00341796875,0.00341796875,0.0003518990731441653,9.712923422789846,19.746999294965207,0.5984693877551021,0.2005644162649674,6568.161851096853,6188.522087167604,14204.765625,0.41007928969467283,20.15625,0.9220721140713593,0.35171956155486317
train,100,nips4b_birds_trainfile100.wav,5.00390022675737,5.0039,2.2675737021415898e-07,44100,1,PCM_16,220672,8.605195861958018e-06,0.002517399563757084,6.337300563604358e-06,-0.1393341129299324,3.1064451424635475,-0.0185546875,0.017578125,0.0185546875,0.0025174142712315307,7.370534008660784,17.34997908855975,0.10732217952436195,0.07316774746115258,960.4007663748718,1857.6263775733555,1805.1918684744778,0.03018459310611484,48.36227523201856,0.6902985551100631,0.8801876320796682
train,101,nips4b_birds_trainfile101.wav,5.00390022675737,5.0039,2.2675737021415898e-07,44100,1,PCM_16,220672,9.483638329738253e-06,0.0008238505282592061,6.78729692912973e-07,-0.00799076646838312,1.876812164715922,-0.00634765625,0.00537109375,0.00634765625,0.0008239051112288006,7.7043535274746455,17.734724058416727,0.287041400812065,0.2381191910128653,5456.168049931537,3997.0691480418673,8532.344384425753,0.2567102901863405,3761.0661977958234,0.9005937035890929,0.16455906984365512
train,102,nips4b_birds_trainfile102.wav,5.00390022675737,5.0039,2.2675737021415898e-07,44100,1,PCM_16,220672,9.638527429850638e-06,0.0012553784290776325,1.5759750001934244e-06,0.06697281070821282,5.554975448104271,-0.01025390625,0.009765625,0.01025390625,0.0012554154298097665,8.167739543836719,18.24203760685133,0.259765625,0.18910504778607068,2961.1454830898983,5318.552171460658,8654.848825406032,0.15614179401976927,16115.229390226217,0.7508552566658924,0.7269125028539069
train,103,nips4b_birds_trainfile103.wav,4.220226757369614,4.2202,2.6757369614216486e-05,44100,1,PCM_16,186112,9.615450810533442e-06,0.0020294243352035374,4.11856313231632e-06,0.04977465908195042,1.8036597875729647,-0.0107421875,0.0107421875,0.0107421875,0.002029447114169426,5.293159612289952,14.474299801955059,0.11525855398899587,0.08563706605197974,1287.7877748214828,1984.9270154984845,2470.009456671252,0.029253044168850485,33.17357290233838,0.7299149964245023,0.6724385901942372
train,104,nips4b_birds_trainfile104.wav,5.00390022675737,5.0039,2.2675737021415898e-07,44100,1,PCM_16,220672,9.662867145582583e-06,0.004996070508071233,2.4960720521619146e-05,0.005448729025889536,0.4078536538088118,-0.02783203125,0.02978515625,0.02978515625,0.004996079852506425,5.961705402898521,15.507410232132095,0.11826602378190255,0.224130039742422,4101.54955351029,3575.639049222179,6431.78291763341,0.16855233486144489,1412.6980314675172,0.89159700794337,0.32535113907267454
train,105,nips4b_birds_trainfile105.wav,5.00390022675737,5.0039,2.2675737021415898e-07,44100,1,PCM_16,220672,8.691491217734918e-06,0.0013152986886929342,1.7300106404773524e-06,-0.0021654374711645484,0.056556100990613256,-0.005859375,0.005859375,0.005859375,0.0013153274050581249,4.454689362867089,12.976348498787473,0.1495613399071926,0.3424419157931944,6606.226470531488,5785.858530046095,13847.598245359628,0.4046314919068731,14.388776102088165,0.9288083630407331,0.2967747828624551
train,106,nips4b_birds_trainfile106.wav,4.069297052154195,4.0693,-2.947845804790461e-06,44100,1,PCM_16,179456,9.939435885398092e-06,0.0003892055133063216,1.5148093158803726e-07,0.017765700623771464,-0.01034778037872952,-0.00146484375,0.001953125,0.001953125,0.0003893324080702211,5.016600107042024,14.00818966166793,0.49849545292439373,0.25941879579838956,6856.910645820228,6224.452637212767,14703.768054564905,0.4312988470139009,47.182596291012835,0.9294665035120278,0.3229180925818494
train,107,nips4b_birds_trainfile107.wav,5.00390022675737,5.0039,2.2675737021415898e-07,44100,1,PCM_16,220672,9.461511315436485e-06,0.00037313922283796274,1.392328796201188e-07,-0.006650718614989901,-0.009786877514526449,-0.001953125,0.00146484375,0.001953125,0.00037325915905238137,5.232624445059922,14.374391315121873,0.5200070693155452,0.25435603228335396,7062.744543136464,6233.538493734169,14834.028784802784,0.4457853820047386,26.97895519141531,0.9356156517087958,0.3041330241313962
train,108,nips4b_birds_trainfile108.wav,5.00390022675737,5.0039,2.2675737021415898e-07,44100,1,PCM_16,220672,9.470362121157193e-06,0.000389828872054783,1.5196654948750434e-07,-0.00015804668822334096,0.5997367803478446,-0.0029296875,0.0029296875,0.0029296875,0.0003899438898690557,7.513100156496356,17.516383568419705,0.5072505800464037,0.2614752278278523,7090.7519689867195,5959.108319100931,14535.061992459396,0.44269227517398246,12.590179089327146,0.9377685114322979,0.26242643094347035
train,109,nips4b_birds_trainfile109.wav,2.7573696145124718,2.7574,-3.0385487528317157e-05,44100,1,PCM_16,121600,2.7100412469161184e-05,0.0004833827391871999,2.3365887254412055e-07,-0.004260036036632639,0.232777914379108,-0.001953125,0.001953125,0.001953125,0.0004841418231263636,4.0342001180307525,12.115148755080018,0.42969572368421055,0.23339007722102978,5905.381046302442,5159.786155449915,12408.202302631578,0.34693880745443895,0.3626644736842105,0.9098505146140194,0.19323999921136364
train,110,nips4b_birds_trainfile110.wav,5.00390022675737,5.0039,2.2675737021415898e-07,44100,1,PCM_16,220672,9.862010274298507e-06,0.0003214200969660323,1.0331087873365363e-07,-0.0006784235720342697,0.1332646129157884,-0.00146484375,0.00146484375,0.00146484375,0.0003215713575247398,4.555268109932035,13.170278867617606,0.6043222520301624,0.20144921625406148,6313.492001765513,5901.35410626459,13880.972212151972,0.38831530354397403,14.588620214617169,0.9187424178653614,0.30425134045092855
train,111,nips4b_birds_trainfile111.wav,3.599092970521542,3.5991,-7.029478457987182e-06,44100,1,PCM_16,158720,1.1262586039881553e-05,0.00042002424871179385,1.7642036950590684e-07,-0.006393588634145875,0.0094601971854682,-0.001953125,0.001953125,0.001953125,0.00042017521981931846,4.6483583702053455,13.345992061496425,0.46389868951612906,0.2868717670852261,7499.029233699159,5984.443011390059,14839.294354838708,0.46363204359184634,15.837323588709676,0.9424715162728478,0.2307090531983471
train,112,nips4b_birds_trainfile112.wav,2.861859410430839,2.8619,-4.058956916086487e-05,44100,1,PCM_16,126208,9.200152228860294e-06,0.0007786883789916696,6.063555915766741e-07,-0.0020479740394349793,0.5290847240816361,-0.00439453125,0.00439453125,0.00439453125,0.0007787427266932952,5.643110489981846,15.030371073519389,0.26785940669371194,0.21167605600323278,4268.911915032728,4099.010344000482,7843.152573529412,0.23078827047520653,84.56040821501014,0.8836662370431405,0.28063851823579467
train,113,nips4b_birds_trainfile113.wav,5.00390022675737,5.0039,2.2675737021415898e-07,44100,1,PCM_16,220672,5.261804000960702e-06,0.006447326505867266,4.156801907325862e-05,0.1498556229947426,1.180115739882817,-0.0263671875,0.03125,0.03125,0.006447328653003502,4.846968672124713,13.709404254297002,0.10462587006960557,0.025096183911796292,111.71667144409108,561.2023224012735,129.6988290313225,0.002269769421412688,80.33733323665892,0.5537546905895699,0.996528564725012
train,114,nips4b_birds_trainfile114.wav,5.00390022675737,5.0039,2.2675737021415898e-07,44100,1,PCM_16,220672,9.3641524525087e-06,0.002254650543236623,5.083449072117199e-06,0.010568669673343587,11.12837491052535,-0.02099609375,0.02392578125,0.02392578125,0.0022546699890379418,10.611655526673786,20.51566287126256,0.15779981148491878,0.24416892115411631,5589.3306954269765,1608.5435539496666,5940.566089037123,0.052030359980162484,5640.000543793503,0.7553707640081819,0.0372197991921032
train,115,nips4b_birds_trainfile115.wav,3.308843537414966,3.3088,4.353741496565533e-05,44100,1,PCM_16,145920,1.1223240902549342e-05,0.007907889178186531,6.253471125447964e-05,-0.015004362341450025,0.42477362190518786,-0.03955078125,0.03466796875,0.03955078125,0.007907897142452979,5.001428387032814,13.981881094778766,0.07767955043859649,0.14188008415627848,1307.479909273248,3905.660431399256,782.7508223684212,0.01296543250146214,65.88404605263159,0.6831995539758696,0.936472292392299
train,116,nips4b_birds_trainfile116.wav,1.5151020408163265,1.5151,2.0408163265983603e-06,44100,1,PCM_16,66816,9.295584141522989e-06,0.0004483072118894245,2.0097935623206936e-07,-0.00199619810528817,-0.033533791583897354,-0.001953125,0.001953125,0.001953125,0.0004484035728187293,4.355730235872956,12.781219493760748,0.43202227011494254,0.3006510514106114,7279.116744321493,6398.1468824328485,16084.725215517241,0.3852155426280131,16084.725215517241,0.8837484192329802,0.3078989236505315
train,117,nips4b_birds_trainfile117.wav,5.00390022675737,5.0039,2.2675737021415898e-07,44100,1,PCM_16,220672,9.868648378589037e-06,0.00038371808630339646,1.472395697563408e-07,0.012429248593012995,0.006110816637841854,-0.00146484375,0.00146484375,0.00146484375,0.0003838449686750642,3.8162379854978177,11.632709000754925,0.5065889646171694,0.2589193867794137,6824.310828035025,6258.328531035561,14697.335411832946,0.42866311658336625,9.592517401392112,0.9270443751359008,0.33132058399989966
train,118,nips4b_birds_trainfile118.wav,3.947392290249433,3.9474,-7.709750566853302e-06,44100,1,PCM_16,174080,9.609671200022978e-06,0.00047847003170270604,2.2893357123758854e-07,0.006481010356537777,0.12684962769414998,-0.001953125,0.00244140625,0.00244140625,0.00047856652308551743,5.101498187251457,14.153954733354938,0.4141371783088235,0.22160053768691226,4680.697699236018,5310.755978592088,11498.47713694853,0.28761835336516794,1840.7088694852944,0.8856459382411659,0.5411825906948091
train,119,nips4b_birds_trainfile119.wav,5.00390022675737,5.0039,2.2675737021415898e-07,44100,1,PCM_16,220672,9.12075529518924e-06,0.0014901940074454998,2.2206781798264783e-06,0.01720860811050726,9.590794009761323,-0.015625,0.01611328125,0.01611328125,0.0014902219190454933,10.81267228999072,20.678660812224805,0.2341982671113689,0.22301072637546393,4639.539555222984,2019.8996563136473,5940.366244924594,0.07402619661172362,4760.486604553364,0.8215672940758574,0.06226338447695896
train,120,nips4b_birds_trainfile120.wav,5.00390022675737,5.0039,2.2675737021415898e-07,44100,1,PCM_16,220672,9.158371219502248e-06,0.0004321908328144827,1.867889159688761e-07,-0.03480824652490117,3.4271188436416553,-0.0048828125,0.00439453125,0.0048828125,0.00043228785748881536,11.295280252294233,21.0579402173277,0.48811811194895594,0.2482745807106507,6671.882899641268,6191.323284910701,14447.92995939675,0.4223338322154164,20.583943590487237,0.9290893167696149,0.33886086444282615
train,121,nips4b_birds_trainfile121.wav,5.00390022675737,5.0039,2.2675737021415898e-07,44100,1,PCM_16,220672,9.373003258229408e-06,0.0008627509726798952,7.443392408601053e-07,0.015685891707459314,1.8768054230638684,-0.00537109375,0.00537109375,0.00537109375,0.0008628018857479299,6.225176183225428,15.883032944495522,0.2758075333526682,0.23304376198050492,5151.901335121919,3997.82128430603,8230.180086281902,0.24281883106021013,3771.8577798723895,0.883809554242597,0.16929308140768543
train,122,nips4b_birds_trainfile122.wav,2.5774149659863945,2.5774,1.4965986394610553e-05,44100,1,PCM_16,113664,1.0632179878853463e-05,0.0003101023648548684,9.616347668858191e-08,0.0004477133462393856,0.06241257956045976,-0.0009765625,0.00146484375,0.00146484375,0.0003102845789554457,4.720968586100244,13.480622211850221,0.6199852195945946,0.19910612952323975,6604.602595793372,6208.266548111573,14389.999472128378,0.41259408006210924,33.7547508445946,0.9211053678730351,0.3354768438225753
train,123,nips4b_birds_trainfile123.wav,4.6033560090702945,4.6034,-4.399092970519547e-05,44100,1,PCM_16,203008,1.0965450714996454e-05,0.0007851025044853438,6.163859425491592e-07,0.06382808157657399,0.6147282800065974,-0.0048828125,0.00439453125,0.0048828125,0.0007851790774457392,6.218724670917423,15.874026583936484,0.26030993852459017,0.13941391183555246,1893.0989209494107,4176.126466924,3680.1411767023965,0.1267351438536117,69.51450189155108,0.7209854405692623,0.7908420296900458
train,124,nips4b_birds_trainfile124.wav,2.589024943310658,2.589,2.4943310657832285e-05,44100,1,PCM_16,114176,9.985782640397282e-06,0.0007510048032188845,5.640082144578355e-07,-0.0046486301818065385,0.5079244087153616,-0.0048828125,0.00390625,0.0048828125,0.0007510711885785373,6.501131416372282,16.25977890247999,0.2679109445067265,0.3869235822202759,8925.136446057408,4808.066796623683,12786.280829596411,0.27407446389793483,12.746111266816142,0.8924672630668625,0.16528047057366185
train,125,nips4b_birds_trainfile125.wav,5.00390022675737,5.0039,2.2675737021415898e-07,44100,1,PCM_16,220672,9.5655082826548e-06,0.000639879034194213,4.094451784013188e-07,-0.0064007933276248345,0.6958580295972481,-0.00341796875,0.00341796875,0.00341796875,0.0006399505272675571,5.340989036439969,14.55243372969351,0.33774108178654294,0.1876594568384609,3324.1003521397224,4483.703584721181,6810.6873549883985,0.19502018383372385,972.0417633410672,0.8551094958490164,0.653831379020052
train,126,nips4b_birds_trainfile126.wav,2.536780045351474,2.5368,-1.9954648525999374e-05,44100,1,PCM_16,111872,8.956245754076088e-06,0.0012858107661305358,1.6533093262971953e-06,-0.008041283445394789,1.009030068632919,-0.0087890625,0.00732421875,0.0087890625,0.001285841957876318,6.835258754906331,16.695099196514022,0.1566433066361556,0.07185955252031358,621.5785393565541,2279.426514302528,399.71932208237985,0.03670727232597655,27.988236556064074,0.633450367984823,0.9421160220961295
train,127,nips4b_birds_trainfile127.wav,5.00390022675737,5.0039,2.2675737021415898e-07,44100,1,PCM_16,220672,9.182710935234193e-06,0.0003707410161950169,1.374489010893138e-07,-0.0030325314497437975,0.03468228315753219,-0.00146484375,0.00146484375,0.00146484375,0.0003708547198963953,3.9499126515343512,11.931749834675644,0.5262380365429234,0.25416117206157585,7308.829038338433,6085.143276367538,14856.611169518561,0.4563316698846046,16.58706133990719,0.9409571388396185,0.25666949362127817
train,128,nips4b_birds_trainfile128.wav,2.501950113378685,2.502,-4.988662131477639e-05,44100,1,PCM_16,110336,1.0182851981674158e-05,0.0003106739860212385,9.651832559032469e-08,0.0016001886110940929,0.08070614564360756,-0.0009765625,0.00146484375,0.00146484375,0.000310840821104316,4.712520526730975,13.46506509823594,0.6198248984918794,0.19889427652150268,6605.149801157402,6192.224081369962,14207.71733613689,0.40825638953827137,29.177240429234338,0.919864037871353,0.3508075060587712
train,129,nips4b_birds_trainfile129.wav,1.0913378684807256,1.0913,3.786848072562243e-05,44100,1,PCM_16,48128,8.339577532829122e-06,0.0008257881590414893,6.81926083613132e-07,0.026195637490907354,0.004316480041684834,-0.00341796875,0.00341796875,0.00341796875,0.0008258302683763523,4.138827166894714,12.337545821897214,0.23745013297872342,0.1490639350052985,2452.9717718302127,3755.5217179569495,3500.290890957447,0.1355691261808857,617.5905917553191,0.7864415316264695,0.7513438168549526
train,130,nips4b_birds_trainfile130.wav,5.00390022675737,5.0039,2.2675737021415898e-07,44100,1,PCM_16,220672,9.375215959659585e-06,0.0003606032772468482,1.3003472356116726e-07,0.00435163544937825,0.006417625734833621,-0.00146484375,0.00146484375,0.00146484375,0.0003607251283670955,4.060830906432687,12.17229811567053,0.538931083236659,0.2550312456099805,7479.3795381695945,6191.061079909539,15072.442811049883,0.4633362341824824,19.185034802784223,0.9415298253875868,0.26357989103624824
train,131,nips4b_birds_trainfile131.wav,2.728344671201814,2.7283,4.467120181406159e-05,44100,1,PCM_16,120320,-1.897608980219415e-05,0.006739106581559319,4.5415557517616123e-05,-0.13763182181093592,0.23307644392646765,-0.0361328125,0.03076171875,0.0361328125,0.006739133298102977,5.3616408671084095,14.58595441503145,0.08334441489361702,0.024634513252271045,322.1405867930902,1126.1501152722155,117.2872340425532,0.005752962921989588,50.21359707446808,0.44699863125677575,0.9402333641124745
train,132,nips4b_birds_trainfile132.wav,5.00390022675737,5.0039,2.2675737021415898e-07,44100,1,PCM_16,220672,2.0162135431772043e-05,0.003134525100987945,9.825247608723488e-06,0.36686027963384193,3.77915256081039,-0.01904296875,0.02294921875,0.02294921875,0.003134589944542772,7.321282577950558,17.291743390930826,0.07684708526682135,0.04953981266228911,169.5495968063694,1054.9076247020807,92.12813587587006,0.007215077211398858,47.36305466937355,0.5391292221858586,0.9870412410779018
train,133,nips4b_birds_trainfile133.wav,5.00390022675737,5.0039,2.2675737021415898e-07,44100,1,PCM_16,220672,8.567579937645012e-06,0.0006966914875342171,4.853790288026403e-07,0.008834058780749783,-0.13503654699798773,-0.00244140625,0.0029296875,0.0029296875,0.0006967441655504754,4.204825307270922,12.474959148151893,0.2672654437354988,0.10594958105052318,1501.406017695299,3727.244963628212,2727.2726036832946,0.09749766509357549,48.36227523201856,0.6055737201555338,0.8365224583415298
train,134,nips4b_birds_trainfile134.wav,2.589024943310658,2.589,2.4943310657832285e-05,44100,1,PCM_16,114176,1.629371814129064e-06,0.002428324135218058,5.89675810568253e-06,-0.05529404898658475,-0.21853286417381135,-0.01025390625,0.01123046875,0.01123046875,0.002428324681860941,4.624780546806268,13.301822591999278,0.07334290919282511,0.10694985767462228,995.1186608620287,3198.0834575563076,259.94342068385646,0.04247124410360741,46.34949551569506,0.4897123231386188,0.9121856282143401
train,135,nips4b_birds_trainfile135.wav,5.00390022675737,5.0039,2.2675737021415898e-07,44100,1,PCM_16,220672,9.647378235571345e-06,0.001218661242754583,1.4851352245921447e-06,0.0097447459464885,2.3235186604531233,-0.00830078125,0.0087890625,0.0087890625,0.0012186994282836784,7.211837714880882,17.160918908082415,0.20886655307424595,0.23069637605303822,5252.806006808205,2617.044538774315,6949.978701421113,0.11301662750896056,4671.755818590487,0.8404251838383656,0.0884786727005566
train,136,nips4b_birds_trainfile136.wav,5.00390022675737,5.0039,2.2675737021415898e-07,44100,1,PCM_16,220672,9.95936913722629e-06,0.005634742029083846,3.175031773432394e-05,-0.002363544545099106,0.367512031291104,-0.0361328125,0.0390625,0.0390625,0.005634750830636396,6.93242721357179,16.817706368719367,0.10672853828306264,0.23809653284754226,4654.263395767968,3726.861091833422,7645.835901247099,0.1727423947537471,4937.348644141531,0.8998265860780681,0.2664998600547114
train,137,nips4b_birds_trainfile137.wav,3.9996371882086166,3.9996,3.718820861653427e-05,44100,1,PCM_16,176384,9.558889447172079e-06,0.0003933794939319376,1.547474262461473e-07,-0.004704549321179151,0.028297512999698515,-0.00146484375,0.001953125,0.001953125,0.0003934956144782437,4.9635241871494555,13.915802850572184,0.4954134161828737,0.25801806296525176,6897.991750540235,5969.394802758605,14296.046693577648,0.43698046378445066,33.00299346879535,0.936490248703629,0.2827318181075895
train,138,nips4b_birds_trainfile138.wav,5.00390022675737,5.0039,2.2675737021415898e-07,44100,1,PCM_16,220672,8.605195861958018e-06,0.0003207933959110149,1.0290840286012115e-07,-0.007798814964653866,0.12468017961080768,-0.00146484375,0.00146484375,0.00146484375,0.0003209087911789638,4.564673172767924,13.188193756378192,0.6052285745359629,0.20268635208069932,6631.381220694383,6140.260155984062,14331.8205300174,0.4146545969661663,11.19127030162413,0.9258933138020005,0.3339221731391746
train,139,nips4b_birds_trainfile139.wav,5.00390022675737,5.0039,2.2675737021415898e-07,44100,1,PCM_16,220672,9.344238139637108e-06,0.0015105846007038772,2.281865835883692e-06,-5.754429352996264,1209.5855545193276,-0.11279296875,0.08251953125,0.11279296875,0.0015106135014192421,74.66699367113392,37.46257331226984,0.9821137253480279,0.2446447426259001,5387.018433544801,4436.795778881621,9927.05644576566,0.2735524114762362,11.391114414153131,0.9130602922201906,0.24529734649780144
train,140,nips4b_birds_trainfile140.wav,2.5425850340136056,2.5426,-1.4965986394610553e-05,44100,1,PCM_16,112128,2.966841606244649e-05,0.013518806536022682,0.00018275813015840962,0.18222349884973785,0.10770055661864442,-0.04638671875,0.05615234375,0.05615234375,0.013518839091183876,4.1536365194714815,12.368569783824686,0.07330015696347032,0.017569363311245284,222.13560283917803,380.79435415214715,302.44809503424653,0.0011132778103937983,50.342465753424655,0.4285881538995123,0.9952451249136712
train,141,nips4b_birds_trainfile141.wav,2.5658049886621317,2.5658,4.9886621318329105e-06,44100,1,PCM_16,113152,9.16131481326004e-06,0.0008786145463656336,7.719635210852881e-07,-0.005171990288615122,0.4135779737830374,-0.0087890625,0.0087890625,0.0087890625,0.0008786623075871615,10.002776293130275,20.002411122889537,0.22434424490950225,0.25022315313165594,5049.525851943234,4321.682866953944,9638.690434106335,0.2778841901143537,2160.7253959276018,0.9067800026723535,0.3104415341412218
train,142,nips4b_birds_trainfile142.wav,5.00390022675737,5.0039,2.2675737021415898e-07,44100,1,PCM_16,220672,9.282282499592155e-06,0.0015938587497709858,2.54038571422153e-06,-0.007190688818096509,7.539147371333618,-0.017578125,0.01708984375,0.017578125,0.001593885778526784,11.02847220096745,20.850307056335524,0.1417850928074246,0.32970802688164735,6713.999780532488,5793.815591544328,13966.105804089326,0.41084086873531467,15.987529002320183,0.9326576698263047,0.28532958685206755
train,143,nips4b_birds_trainfile143.wav,2.5309750566893423,2.531,-2.4943310657832285e-05,44100,1,PCM_16,111616,8.77555357206852e-06,0.0005990833404734685,3.589008488328497e-07,0.02431375945588463,0.07158176347354717,-0.00244140625,0.00244140625,0.00244140625,0.0005991476105045784,4.07479927683254,12.202124408214203,0.3306694380733945,0.12079917573802804,1827.774466742222,4280.736883031483,2906.7848695527528,0.12009429149856526,68.35310349770643,0.6974175484934733,0.8334001499194411
train,144,nips4b_birds_trainfile144.wav,5.00390022675737,5.0039,2.2675737021415898e-07,44100,1,PCM_16,220672,8.602983160527842e-06,0.0014469985901475182,2.0938049198889055e-06,-0.011822859666615719,1.0269165138319973,-0.0107421875,0.01123046875,0.01123046875,0.0014470241640028565,7.7610789296935545,17.798442004134664,0.14235154437354988,0.34550529974486904,6916.8022464554,5336.3595579786725,13338.795134860788,0.3712555863882512,15.987529002320183,0.9224691953785542,0.2449386092658487
train,145,nips4b_birds_trainfile145.wav,5.00390022675737,5.0039,2.2675737021415898e-07,44100,1,PCM_16,220672,1.010319473018779e-05,0.0012939897341521503,1.6744094320911527e-06,-0.05686830812835537,35.530235560402026,-0.01806640625,0.017578125,0.01806640625,0.001294029175341464,13.961359291016526,22.89855407326316,0.39696019431554525,0.2701125204489942,5676.410948525014,2286.168543400517,6461.160002175174,0.09889530188916293,5112.811774941995,0.8210920884618086,0.025988280916901394
train,146,nips4b_birds_trainfile146.wav,5.00390022675737,5.0039,2.2675737021415898e-07,44100,1,PCM_16,220672,8.498986193309527e-06,0.0018078465824931413,3.26830926583213e-06,0.01570872883784484,1.5657036637119859,-0.01171875,0.01318359375,0.01318359375,0.0018078665599535945,7.292348916691288,17.257348802973162,0.12113906612529002,0.2880713822840337,5163.8631966852945,5185.583319926322,11795.199209686774,0.3158278328187005,16.58706133990719,0.909713254997099,0.408789749308399
train,147,nips4b_birds_trainfile147.wav,2.838639455782313,2.8386,3.94557823129027e-05,44100,1,PCM_16,125184,1.5524023637206033e-06,0.0034948824933761667,1.221420364250721e-05,0.006471221045940781,0.06639804715459618,-0.01416015625,0.015625,0.015625,0.0034948828381592867,4.470822263166196,13.007748098051879,0.05531857106339468,0.05784331738335077,345.09333539627596,1432.752565182405,103.57074386503068,0.016488996837721814,59.53556365030675,0.5261302450592089,0.9662014425464185
train,148,nips4b_birds_trainfile148.wav,5.00390022675737,5.0039,2.2675737021415898e-07,44100,1,PCM_16,220672,1.0344379186077073e-05,0.0005030167207433264,2.530258213473696e-07,0.04349934738621803,0.015330434701465556,-0.001953125,0.00244140625,0.00244140625,0.0005031230739372971,4.8525030483977885,13.719316337784711,0.38719910092807425,0.137643822704388,2465.2253859392185,4877.908683848292,6307.879567865429,0.16360253220771603,46.96336644431554,0.7570789771729546,0.7690808362792887
train,149,nips4b_birds_trainfile149.wav,5.00390022675737,5.0039,2.2675737021415898e-07,44100,1,PCM_16,220672,9.5079780454702e-06,0.0008283590591275818,6.861787308387327e-07,0.07066430727579438,2.0276570146046415,-0.00390625,0.00439453125,0.00439453125,0.0008284136240340606,5.304754922547383,14.49330648955806,0.3056028857308585,0.11304611842969851,1147.7018412913458,2870.619191271785,616.3192430394431,0.05361049751488297,544.3753625290022,0.6486470977370401,0.9264632441285843
train,150,nips4b_birds_trainfile150.wav,5.00390022675737,5.0039,2.2675737021415898e-07,44100,1,PCM_16,220672,9.134031503770302e-06,0.0007605415628839818,5.784234688740096e-07,-0.01101359505401833,1.3799723192462743,-0.0048828125,0.0048828125,0.0048828125,0.0007605964103291058,6.419715415021791,16.15031552578494,0.2947043575986079,0.23683220722251677,5350.049250749133,4185.654816000325,8885.868619489558,0.27270068327344427,3740.8819424303942,0.9068774901694875,0.18506092806262806
train,151,nips4b_birds_trainfile151.wav,5.00390022675737,5.0039,2.2675737021415898e-07,44100,1,PCM_16,220672,9.534530462632323e-06,0.0004607219174396296,2.1226468520924887e-07,0.004004912834236311,0.23274392874640926,-0.00244140625,0.00244140625,0.00244140625,0.0004608205642985041,5.297954212864813,14.482164012459119,0.4290168213457077,0.2988521373447349,7318.557769273764,6316.070550907477,16084.053708671692,0.38658830515773274,16084.85308512181,0.8958192516910114,0.28886493337286273
train,152,nips4b_birds_trainfile152.wav,5.00390022675737,5.0039,2.2675737021415898e-07,44100,1,PCM_16,220672,7.87279168856946e-06,0.0014056247712679064,1.975780997601954e-06,-0.01585353148235145,0.3114847224818025,-0.0078125,0.01025390625,0.01025390625,0.0014056468185326375,7.2947956163726175,17.260262569071884,0.1422110643851508,0.3268984143815907,6099.064841736417,5431.783455521657,13121.564584541762,0.3720319182288181,16.58706133990719,0.9250834179908374,0.3069002217051418
train,153,nips4b_birds_trainfile153.wav,5.00390022675737,5.0039,2.2675737021415898e-07,44100,1,PCM_16,220672,1.0492630181898927e-05,0.0014920579906028957,2.226237047321951e-06,-0.017474937987282457,3.1012620343817936,-0.01904296875,0.01513671875,0.01904296875,0.0014920948839165977,12.762572243404614,22.1187642691051,0.14135005800464037,0.3249634070630033,6272.44867394979,5579.772247826605,13378.164425029001,0.3856455870782596,9.992205626450115,0.9279687229113637,0.300308827024004
train,154,nips4b_birds_trainfile154.wav,5.00390022675737,5.0039,2.2675737021415898e-07,44100,1,PCM_16,220672,1.046165236187645e-05,0.0007548420370463996,5.697865008923582e-07,0.012047541637393095,0.4368165768901049,-0.00390625,0.00439453125,0.00439453125,0.0007549145296406071,5.821230188922326,15.300295458647904,0.2681853610788863,0.2000172202056455,4111.230651952245,4290.152294388931,7583.884226363109,0.24046031006505042,12.98986731438515,0.8956302518247601,0.4044253008519248
train,155,nips4b_birds_trainfile155.wav,5.00390022675737,5.0039,2.2675737021415898e-07,44100,1,PCM_16,220672,9.580997192666038e-06,0.0013072309345687895,1.708852716293591e-06,0.021646686893436365,6.652607828487705,-0.01123046875,0.01220703125,0.01220703125,0.0013072660447670157,9.33783241664138,19.404921510163057,0.2314113254060325,0.2193083821616796,4559.621480709884,2232.5333758172874,5831.451203596287,0.08707098262795154,4738.903440400231,0.8332573843564448,0.0864264412926733
train,156,nips4b_birds_trainfile156.wav,5.00390022675737,5.0039,2.2675737021415898e-07,44100,1,PCM_16,220672,9.353088945357817e-06,0.00030841223120832726,9.511810435889872e-08,0.007342744387843848,0.14236849289917686,-0.00146484375,0.00146484375,0.00146484375,0.0003085540222257984,4.7474466203134895,13.529201805690835,0.6258700696055685,0.1988072741773953,6681.686504901557,6211.592516167047,14395.570801914151,0.4146546743131671,15.787684889791182,0.9229348750002837,0.34312130518701167
train,157,nips4b_birds_trainfile157.wav,5.00390022675737,5.0039,2.2675737021415898e-07,44100,1,PCM_16,220672,8.412690837532628e-06,0.0003857269215417033,1.4878525800203937e-07,0.00017419565310570657,0.018181075111664224,-0.00146484375,0.001953125,0.001953125,0.00038581865088298576,5.062287672019152,14.086936419054972,0.5055602885730859,0.25531673849305075,6878.235652527363,6074.271069328794,14471.511564675173,0.43290370289797897,9.192829176334106,0.9337206320167951,0.2835891208608485
train,158,nips4b_birds_trainfile158.wav,5.00390022675737,5.0039,2.2675737021415898e-07,44100,1,PCM_16,220672,2.8284962381951493e-05,0.0003359065340730397,1.128331996329622e-07,0.02526549780085304,0.3054418721166474,-0.00146484375,0.00146484375,0.00146484375,0.0003370952962144542,4.345488550122313,12.760772198868533,0.5903648854408353,0.23389570899665113,8191.646239382112,5565.490760305186,14783.468224332946,0.44690938142443504,0.1998441125290023,0.9385284733766333,0.05833678532305111
train,159,nips4b_birds_trainfile159.wav,2.82702947845805,2.827,2.9478458050125056e-05,44100,1,PCM_16,124672,2.997709740358701e-05,0.0004677092965785132,2.1875198610596758e-07,0.017662268796033644,0.2957973723381948,-0.001953125,0.00244140625,0.00244140625,0.0004686689796377735,5.209233715205394,14.33547685472824,0.4453205210472279,0.23509877998893086,5969.898472967505,5164.0570602558155,12544.262544917863,0.34775223089288526,0.35372818275154,0.9105255107870897,0.17178224273568296
train,160,nips4b_birds_trainfile160.wav,5.00390022675737,5.0039,2.2675737021415898e-07,44100,1,PCM_16,220672,9.049948849423578e-06,0.0013198415904639238,1.7419818239183398e-06,-0.004946808235740576,0.09698659158100575,-0.0068359375,0.005859375,0.0068359375,0.0013198726171462598,5.179240338192792,14.285321290947213,0.14871392836426914,0.33292095472445404,6461.869233747747,5667.321770429973,13630.76738326566,0.39326668755777994,8.992985063805104,0.9271579387908089,0.27808402480447203
train,161,nips4b_birds_trainfile161.wav,4.429206349206349,4.4292,6.3492063491210615e-06,44100,1,PCM_16,195328,2.9435164025382945e-05,0.00046392460719496363,2.1522604116100128e-07,0.01581495120477988,0.3453240015552388,-0.00244140625,0.00244140625,0.00244140625,0.0004648574728260292,5.251945795681949,14.406404703422314,0.4498894167758847,0.23372088856123321,6207.883676169924,5294.896298668317,12987.202551605506,0.3639310439854274,0.22577408256880735,0.9173589365703815,0.16802067143204388
train,162,nips4b_birds_trainfile162.wav,5.00390022675737,5.0039,2.2675737021415898e-07,44100,1,PCM_16,220672,2.7769402948720273e-05,0.0005201634517152058,2.705700165002773e-07,0.02126903503726219,11.632233962782413,-0.00537109375,0.005859375,0.005859375,0.0005209041718400859,11.24847009633624,21.021869162011768,0.4963203306264501,0.22721155022635506,5005.611162444397,3689.826109033063,6626.431083236658,0.16280118515251507,3659.145700406032,0.8205212747138457,0.025765093821419092
train,163,nips4b_birds_trainfile163.wav,5.00390022675737,5.0039,2.2675737021415898e-07,44100,1,PCM_16,220672,1.0603265253407773e-05,0.0005893904427464023,3.473810940008001e-07,0.007192929206876921,0.458553721866386,-0.0029296875,0.00341796875,0.00341796875,0.0005894858125814685,5.798220545855169,15.265894610259757,0.34402189675174016,0.2520267728881457,3948.922530731046,5746.699217008264,11406.902099042922,0.22195053824371355,16444.97217589907,0.8005215646852447,0.6162610246873977
train,164,nips4b_birds_trainfile164.wav,3.3030385487528346,3.303,3.85487528347106e-05,44100,1,PCM_16,145664,1.2215076305744728e-05,0.006067511433172561,3.681469499167974e-05,-0.1301023939415339,0.8369600092814626,-0.03955078125,0.03955078125,0.03955078125,0.006067523728817951,6.518438660923888,16.28287166265115,0.08694667179261863,0.028826812574229557,436.86654536021433,1304.1612569022354,128.3666520210896,0.006879440401256547,39.96320298769771,0.3861968496593983,0.9100118167202047
train,165,nips4b_birds_trainfile165.wav,5.00390022675737,5.0039,2.2675737021415898e-07,44100,1,PCM_16,220672,8.443668657555105e-06,0.0006392841603709719,4.0868423770121855e-07,0.1311017629386238,135.27990041883243,-0.02001953125,0.02197265625,0.02197265625,0.0006393399199499568,34.36772140197326,30.723014782777277,0.521366553074246,0.25744207440035166,6741.080141410919,5553.068598942631,13801.434255365428,0.407355049204522,16.58706133990719,0.9309557436397461,0.2061023159612809
train,166,nips4b_birds_trainfile166.wav,5.00390022675737,5.0039,2.2675737021415898e-07,44100,1,PCM_16,220672,-0.00043724971691582983,0.10280352581718476,0.010568564920444574,1.193301815012522,23.073011953903453,-1.0,0.9990234375,1.0,0.10280445568047873,9.72720485100421,19.759761240762327,0.7394594692575406,0.08209506459842933,772.7038188558782,1739.983223797474,778.5926624129929,0.027357642246888667,591.5385730858468,0.6807724087045324,0.9492301148646938
train,167,nips4b_birds_trainfile167.wav,5.00390022675737,5.0039,2.2675737021415898e-07,44100,1,PCM_16,220672,8.240100125978828e-06,0.0018336429446567499,3.3622464484894767e-06,-0.011406555737570642,0.13174711690389707,-0.01025390625,0.009765625,0.01025390625,0.0018336614594138044,5.592038921556451,14.951403710254532,0.10718623114849188,0.10806132205863027,1161.2235067880938,2991.45287570964,906.6927385440835,0.04874977709963644,65.54886890951276,0.6323889247213571,0.8729949901773124
train,168,nips4b_birds_trainfile168.wav,5.00390022675737,5.0039,2.2675737021415898e-07,44100,1,PCM_16,220672,9.426108092553655e-06,0.0008902375196295931,7.925228413562503e-07,-0.020536687730631678,1.7963962471241635,-0.00390625,0.00439453125,0.00439453125,0.0008902874214937684,4.936081476504113,13.867646393696994,0.2878797491299304,0.10671995867150645,1041.110663137989,2640.71436615134,617.1186194895591,0.0447439739611992,556.1661651682134,0.6300030614923059,0.9396829549509963
train,169,nips4b_birds_trainfile169.wav,2.5251700680272107,2.5252,-2.9931972789221106e-05,44100,1,PCM_16,111360,2.5615472903196838e-05,0.0022579497524389523,5.0983370845391265e-06,0.15927803750774883,0.6769845089953161,-0.00830078125,0.0126953125,0.0126953125,0.002258095046049032,5.6221338079691865,14.998023553891999,0.08695222701149426,0.05164378272075001,335.11442144055763,1464.3118887611631,257.80441810344826,0.0164175831366586,57.81788793103448,0.5688153953403287,0.9723952489617408
train,170,nips4b_birds_trainfile170.wav,5.00390022675737,5.0039,2.2675737021415898e-07,44100,1,PCM_16,220672,9.746949799929307e-06,0.002782166026592058,7.74044779952304e-06,-0.3314311232153872,0.37060984333808955,-0.01171875,0.01220703125,0.01220703125,0.002782183100112831,4.387572927714551,12.84448696254103,0.0775540168213457,0.039588346452411056,244.66686063595188,1025.9396582342583,156.0782518851508,0.008509559799420708,75.54107453596288,0.45899798017583365,0.985419654657347
train,171,nips4b_birds_trainfile171.wav,5.00390022675737,5.0039,2.2675737021415898e-07,44100,1,PCM_16,220672,1.290668744222194e-05,0.0033054089723253814,1.0925728474329134e-05,0.012552887420346999,-0.002713039454839361,-0.0146484375,0.0166015625,0.0166015625,0.0033054341707118994,5.022505862346211,14.018409046715838,0.05934599767981438,0.14673881026505523,1854.2678220530945,3392.739916354685,4895.781068735499,0.1012810005839287,127.70038790603247,0.7725200398411755,0.7563350261881447
train,172,nips4b_birds_trainfile172.wav,5.00390022675737,5.0039,2.2675737021415898e-07,44100,1,PCM_16,220672,9.948305630075407e-06,0.0003785682283283586,1.4331390349967225e-07,-0.0006566509429039019,0.03249573474352685,-0.00146484375,0.001953125,0.001953125,0.0003786989203636335,5.1574612310079315,14.248719440717231,0.5150585484338747,0.25229413923895755,6857.855010462919,6255.223181515838,14720.117640661252,0.42935498390188304,18.785346577726216,0.928592364116568,0.3253723955466901
train,173,nips4b_birds_trainfile173.wav,1.0158730158730158,1.0159,-2.69841269842086e-05,44100,1,PCM_16,44800,1.1465890066964286e-05,0.0003071685840390151,9.435253902053347e-08,0.004882404190901504,0.12335182764943031,-0.0009765625,0.0009765625,0.0009765625,0.00030738250707475396,3.177026920931791,10.040417897818298,0.6272767857142857,0.1958525859952231,6788.580998933301,6216.23116538024,14509.6875,0.4136682386515273,58.078125,0.9172560054074262,0.32293805206061665
train,174,nips4b_birds_trainfile174.wav,5.00390022675737,5.0039,2.2675737021415898e-07,44100,1,PCM_16,220672,1.0300125157473535e-05,0.0004619326582004194,2.133817807121055e-07,0.013436104191801699,0.27868789720057086,-0.00244140625,0.0029296875,0.0029296875,0.0004620474794762602,6.340663308716363,16.04269385241998,0.4273673143851508,0.30064666403831947,7347.776730428999,6351.318036406142,15988.728066995358,0.38041926310592505,15989.127755220416,0.8883563710567682,0.2973394044991111
train,175,nips4b_birds_trainfile175.wav,3.8951473922902493,3.8951,4.739229024952607e-05,44100,1,PCM_16,171776,1.398532827635991e-06,0.002017176368868914,4.0690005031231765e-06,-0.07434779503045989,2.2381928505846282,-0.01416015625,0.015625,0.015625,0.0020171768536787365,7.745974266710726,17.78152099721998,0.10251141020864382,0.0803434725658565,1404.546402133435,2899.217051218661,6188.469285581223,0.03518020831884029,87.03136643070046,0.6521610956778283,0.8198469974558963
train,176,nips4b_birds_trainfile176.wav,5.00390022675737,5.0039,2.2675737021415898e-07,44100,1,PCM_16,220672,9.490276434028785e-06,0.0013177735995986855,1.736527259799277e-06,0.0007317902293275683,0.03658196755377929,-0.005859375,0.00634765625,0.00634765625,0.0013178077724562377,4.816830180147383,13.655226706131016,0.1492260005800464,0.3386851919826348,6596.167256872264,5691.83096980081,13654.348988544083,0.4000207018199159,17.3864377900232,0.931003629715126,0.2664470147977357
train,177,nips4b_birds_trainfile177.wav,5.00390022675737,5.0039,2.2675737021415898e-07,44100,1,PCM_16,220672,9.523466955481438e-06,0.00031917198866285133,1.0187075834699928e-07,0.006966477398142647,0.12505071077470653,-0.00146484375,0.00146484375,0.00146484375,0.00031931403785278754,4.587470566124415,13.231465815455747,0.607480785962877,0.20713188411707928,6729.911073062836,6066.28855033989,14249.284911542922,0.4147223771121389,22.38254060324826,0.926481210917876,0.32721809224052656
train,178,nips4b_birds_trainfile178.wav,5.00390022675737,5.0039,2.2675737021415898e-07,44100,1,PCM_16,220672,1.0149661460221505e-05,0.0008096078584807489,6.554648845137842e-07,0.09378826909330644,3.4519765689912347,-0.00537109375,0.0068359375,0.0068359375,0.0008096714766752879,8.442853301526759,18.529784865433786,0.287095780162413,0.19990392937903032,2860.853349233457,3571.0730727674163,4370.5907410092805,0.142146150907641,1640.120631525522,0.8226457148272286,0.7086907818174297
train,179,nips4b_birds_trainfile179.wav,4.475646258503401,4.4756,4.625850340111981e-05,44100,1,PCM_16,197376,9.254722743646643e-06,0.0009013408812758475,8.124153842591214e-07,0.003312966044058984,2.6746922385443694,-0.00732421875,0.0068359375,0.00732421875,0.0009013883925102337,8.125485984574453,18.196986910820325,0.2468891861219196,0.24730082330588982,5976.230084397112,3351.368117398975,7312.240089980545,0.16785643018897803,7312.016658560312,0.8206904627621218,0.13897763737475394
train,180,nips4b_birds_trainfile180.wav,5.00390022675737,5.0039,2.2675737021415898e-07,44100,1,PCM_16,220672,8.939313777914733e-06,0.0011817816699130435,1.3966079153424617e-06,-0.05314336409464115,0.14546012714303558,-0.00634765625,0.00537109375,0.00634765625,0.0011818154791139275,5.371106033201722,14.601274520903633,0.16572107018561485,0.09682287205840369,1027.5499736279924,2723.4578709904717,1672.2955336426912,0.04965382742961318,61.75183077146171,0.6478526047367936,0.8574524973007742
train,181,nips4b_birds_trainfile181.wav,5.00390022675737,5.0039,2.2675737021415898e-07,44100,1,PCM_16,220672,9.503552642609847e-06,0.0030447692518179967,9.270619796816324e-06,0.02214240935489115,5.281581608874337,-0.0234375,0.02587890625,0.02587890625,0.0030447840833676787,8.499422468530733,18.58778833251753,0.3121691922853828,0.23114047609336977,5387.849899122842,2150.0958568568244,7239.752664588166,0.0686990916202442,4929.155035527841,0.8282607349099936,0.08416214302725417
train,182,nips4b_birds_trainfile182.wav,5.00390022675737,5.0039,2.2675737021415898e-07,44100,1,PCM_16,220672,2.88691155595182e-05,0.0005949022098988969,3.5390863934259117e-07,0.0034490114806121764,1.8795690146198556,-0.00390625,0.00390625,0.00390625,0.0005956022709625779,6.558487417596553,16.33607379380443,0.3998332366589327,0.2165758074237213,5119.656633759943,4552.727503180731,10089.52970925174,0.25512815317096765,0.1998441125290023,0.8825619252139054,0.14055921731724583
train,183,nips4b_birds_trainfile183.wav,5.00390022675737,5.0039,2.2675737021415898e-07,44100,1,PCM_16,220672,9.330961931056047e-06,0.0015019500247902798,2.2558538769675224e-06,0.006903399762166718,0.3286368878596253,-0.00830078125,0.0087890625,0.0087890625,0.0015019790091136697,5.851654681370347,15.345573791306428,0.1337958599187935,0.3132853886555098,6147.8663141048155,5152.744262135172,12792.221487093966,0.3547727370415322,8.393452726218097,0.9215181990311067,0.21446338887011396
train,184,nips4b_birds_trainfile184.wav,5.00390022675737,5.0039,2.2675737021415898e-07,44100,1,PCM_16,220672,7.782070929932207e-06,0.009380694067793618,8.799742119353838e-05,0.19188443386070356,14.690737212705095,-0.14453125,0.1865234375,0.1865234375,0.009380697295732677,19.883749749056545,25.969965772010973,0.3767356075986079,0.1420757598415741,2566.4083440996937,3417.6956040512864,5204.540222592807,0.1021291846232857,320.5499564965197,0.8453418409671992,0.6772186078622489
train,185,nips4b_birds_trainfile185.wav,5.00390022675737,5.0039,2.2675737021415898e-07,44100,1,PCM_16,220672,2.772072351725638e-05,0.0003937197605830731,1.5501524987359237e-07,0.030315430761214995,1.4531355996738702,-0.0029296875,0.0029296875,0.0029296875,0.000394694424062353,7.422672633290543,17.411206140352864,0.54478592662413,0.23361927937971005,8068.386283770016,5554.123889264723,14670.156612529001,0.44115645898010014,0.1998441125290023,0.9379715919576038,0.059408522566047506
train,186,nips4b_birds_trainfile186.wav,4.8703854875283445,4.8704,-1.4512471655514503e-05,44100,1,PCM_16,214784,2.839198697877868e-05,0.00046275579228020934,2.1414292328888424e-07,0.017779605026320765,0.30315287117339196,-0.001953125,0.00244140625,0.00244140625,0.00046362595722574393,5.26589638036866,14.429446180562921,0.44991247020262215,0.2359218373893651,6168.9452004209525,5262.004371670174,12815.412693682956,0.3647539203987212,0.2053225566150179,0.9187395855328158,0.1868480122388423
train,187,nips4b_birds_trainfile187.wav,1.619591836734694,1.6196,-8.163265305949352e-06,44100,1,PCM_16,71424,1.0616890418486783e-05,0.00039339193306076666,1.5475721299728673e-07,-0.010170501340947179,-0.029991918202787904,-0.00146484375,0.001953125,0.001953125,0.0003935351716930075,4.963025265562824,13.914929721825118,0.49176747311827956,0.24469708637273707,6407.561970229581,5944.788460820831,13961.542338709678,0.4127364551897697,24.080141129032256,0.9259053014220204,0.3077213431221141
train,188,nips4b_birds_trainfile188.wav,5.00390022675737,5.0039,2.2675737021415898e-07,44100,1,PCM_16,220672,9.523466955481438e-06,0.0005646867087807595,3.188710790736462e-07,-0.01984859357184811,2.514617743931465,-0.00390625,0.00390625,0.00390625,0.0005647670099222319,6.9165690123045405,16.797814292207534,0.43057116444315546,0.20995055988326514,4614.122398991514,3288.5026547055263,5625.212079466357,0.1487891906808578,3625.5718895011596,0.8143296143234988,0.08467570519775917
train,189,nips4b_birds_trainfile189.wav,2.9082993197278912,2.9083,-6.802721088661201e-07,44100,1,PCM_16,128256,9.864152310613148e-06,0.0020116808686018285,4.046859917098607e-06,0.008868631650788942,9.341991023888728,-0.02001953125,0.0205078125,0.0205078125,0.0020117050525858444,10.194244167970483,20.167100628083617,0.12414234031936128,0.21920392967135785,3925.173089966468,3187.1932329646743,6943.233065119761,0.14638912137232302,285.0463136227545,0.8722955897525596,0.320946166652947
train,190,nips4b_birds_trainfile190.wav,5.00390022675737,5.0039,2.2675737021415898e-07,44100,1,PCM_16,220672,9.176072830943663e-06,0.0030048665882468043,9.02922321316199e-06,0.008411947148871227,0.04828986405152502,-0.01318359375,0.01318359375,0.01318359375,0.0030048805988715406,4.387393547334625,12.844131843649599,0.06538663718097448,0.14695632865215638,1520.7021807437345,3500.7213665862573,2581.186557424594,0.09904953405169947,63.750271896751734,0.7389198418706269,0.826598620175393
train,191,nips4b_birds_trainfile191.wav,5.00390022675737,5.0039,2.2675737021415898e-07,44100,1,PCM_16,220672,9.191561740954902e-06,0.0005224758585265092,2.7298102274301286e-07,0.12885228533694837,2.107071523647857,-0.00390625,0.00439453125,0.00439453125,0.0005225567027129693,8.409673490330933,18.49558268860918,0.4078134063225058,0.2942570614172229,6995.6374473578835,6107.641678544613,16095.444823085845,0.37110666373141354,16096.244199535962,0.8950767529366201,0.2712478410061903
train,192,nips4b_birds_trainfile192.wav,5.00390022675737,5.0039,2.2675737021415898e-07,44100,1,PCM_16,220672,9.642952832710992e-06,0.0013628331825740361,1.8573142835248763e-06,-0.010208720746286166,0.2919562672161171,-0.00732421875,0.0078125,0.0078125,0.0013628672973052842,5.732399636741734,15.166729196200672,0.14621247824825986,0.32638180821222545,6075.716808022764,4970.572593112536,12456.483378045243,0.33863287613349013,16.786905452436194,0.9194491686853635,0.19858871589332025
train,193,nips4b_birds_trainfile193.wav,2.716734693877551,2.7167,3.469387755128395e-05,44100,1,PCM_16,119808,-1.0351849417401174e-06,0.0019407888708528785,3.7666614412263912e-06,-0.006262848523372325,1.750346593928092,-0.01220703125,0.01025390625,0.01220703125,0.001940789146928191,6.289725635224638,15.972634029074634,0.1113948985042735,0.09995242348109877,963.4924652350525,2539.0924900652553,545.8759014423076,0.034951127619600855,29.815204326923077,0.6135028876533025,0.8773676029974482
train,194,nips4b_birds_trainfile194.wav,5.00390022675737,5.0039,2.2675737021415898e-07,44100,1,PCM_16,220672,9.215901456686847e-06,0.0003442773360361517,1.1852688410814931e-07,-0.022058334709943984,2.2967153231568753,-0.00439453125,0.00390625,0.00439453125,0.0003444006633962959,12.759938400418495,22.11697155600552,0.5799285817865429,0.1717534247816886,5088.267087949113,5990.786480698781,12844.580644576565,0.3381148848302444,9.792361513921113,0.8922364667882061,0.497942077887246
train,195,nips4b_birds_trainfile195.wav,2.571609977324263,2.5716,9.977324262777643e-06,44100,1,PCM_16,113408,1.4350322783666056e-05,0.0019193790074287463,3.6840157741581593e-06,0.08400211953585475,0.09516202175112687,-0.00732421875,0.00732421875,0.00732421875,0.0019194326520933613,3.8158248178242147,11.631768565931232,0.10206511004514672,0.0619979366353047,446.79029477653023,1810.5205509650855,338.309466704289,0.02461708621281063,60.66238713318285,0.5975202134077076,0.9626675548100014
train,196,nips4b_birds_trainfile196.wav,2.56,2.56,0.0,44100,1,PCM_16,112896,1.2209626282153487e-05,0.0012379220417491241,1.5324509814483205e-06,0.032407461711064296,-0.05202581663778583,-0.00537109375,0.0048828125,0.00537109375,0.0012379822520627146,4.338587036325225,12.746966284997583,0.15759637188208617,0.07174808450329953,782.7159315371296,2306.886249855244,797.65625,0.037439720801578924,27.34375,0.6517470173370362,0.881489787293547
train,197,nips4b_birds_trainfile197.wav,5.00390022675737,5.0039,2.2675737021415898e-07,44100,1,PCM_16,220672,9.437171599704538e-06,0.0009993197068413878,9.98639876481557e-07,-0.008863874067518604,0.6695965305273002,-0.00732421875,0.00634765625,0.00732421875,0.0009993642662659893,7.32887796495477,17.30074980406804,0.20086825696055685,0.19887524867336442,4126.521820039684,3577.2861605920652,6961.369815835266,0.19392980427813103,1188.0732489849188,0.8914612509404936,0.320843769339168
train,198,nips4b_birds_trainfile198.wav,2.618049886621315,2.618,4.988662131522048e-05,44100,1,PCM_16,115456,6.859688431090632e-06,0.0020199635319709678,4.080252670492628e-06,-0.05126106349421759,0.05249632043608532,-0.01025390625,0.0087890625,0.01025390625,0.002019975179505431,5.076253586695336,14.110866187096336,0.09601926274944568,0.06677926464856437,500.1857967127342,1749.293533441244,443.8418098669623,0.024138798984987025,81.35826635254989,0.6201380759412244,0.9587715794863736
train,199,nips4b_birds_trainfile199.wav,2.583219954648526,2.5832,1.9954648525999374e-05,44100,1,PCM_16,113920,8.370903100860253e-06,0.0014155265605951802,2.00371544375042e-06,-0.0014641355377230014,0.004098671607920323,-0.0068359375,0.00537109375,0.0068359375,0.0014155513115988218,4.829169698044375,13.677449337368488,0.13792134831460673,0.09851736760329707,890.2875968409936,3086.8084577544805,529.5716292134831,0.04706923581036192,50.711903089887635,0.6457754019430446,0.9320379849347077
train,200,nips4b_birds_trainfile200.wav,5.00390022675737,5.0039,2.2675737021415898e-07,44100,1,PCM_16,220672,1.0326677574635658e-05,0.0008982734410193723,8.068951748407837e-07,0.04493729566940146,1.204398903043547,-0.0048828125,0.0048828125,0.0048828125,0.0008983327975257912,5.435416043417711,14.704655838530027,0.24525087006960558,0.20742190863321416,3648.014943294808,4360.077808853171,5694.158298288863,0.1590351783589575,16265.112474622969,0.8169912120279881,0.4017930790274462
train,201,nips4b_birds_trainfile201.wav,5.00390022675737,5.0039,2.2675737021415898e-07,44100,1,PCM_16,220672,9.35751434821817e-06,0.0018772507963267509,3.52407055230942e-06,0.04181521736548074,25.306348062116513,-0.02685546875,0.025390625,0.02685546875,0.001877274118338661,14.305565973373348,23.11010089085162,0.6215514428654292,0.21406075107286412,4860.807466016748,3061.162419516797,6791.902008410672,0.15497719201800864,5024.680521316705,0.8786286952411979,0.18414223168798782
train,202,nips4b_birds_trainfile202.wav,5.00390022675737,5.0039,2.2675737021415898e-07,44100,1,PCM_16,220672,9.06322505800464e-06,0.0003964206225318422,1.571493099685333e-07,-0.00800102354941131,0.1597265373078658,-0.001953125,0.001953125,0.001953125,0.0003965242136578614,4.9256134498894495,13.849206529407645,0.49776138341067283,0.25284699847283965,6613.545321235493,5926.644000549978,14163.75163138051,0.41774680709070705,13.189711426914153,0.9321291840104446,0.27030771847269647
train,203,nips4b_birds_trainfile203.wav,2.728344671201814,2.7283,4.467120181406159e-05,44100,1,PCM_16,120320,8.972654951379655e-06,0.00040862814934585645,1.6697696443781955e-07,-0.006880064803750882,0.3475578146884484,-0.00244140625,0.001953125,0.00244140625,0.0004087266482316709,5.973200574424458,15.524141963795376,0.4882313829787234,0.23660436007613095,6044.347686637768,6111.344358246027,13825.599235372341,0.39366892651529684,26.38962765957447,0.9138072321037148,0.3849735817730246
train,204,nips4b_birds_trainfile204.wav,5.00390022675737,5.0039,2.2675737021415898e-07,44100,1,PCM_16,220672,9.589847998386747e-06,0.00043805266311321617,1.9189013566058085e-07,7.359398305248335e-05,3.183533072336102,-0.00341796875,0.00341796875,0.00341796875,0.00043815762100551557,7.800774392914129,17.842754356054964,0.5131960556844548,0.18538910867309252,5185.033940329478,5717.975651995959,12895.141205046402,0.3293278700425253,23.581605278422273,0.9050252430525406,0.483869702931084
train,205,nips4b_birds_trainfile205.wav,5.00390022675737,5.0039,2.2675737021415898e-07,44100,1,PCM_16,220672,9.578784491235862e-06,0.0003638075456856359,1.3235593029780607e-07,0.004970883449205925,0.053897183785063696,-0.001953125,0.00146484375,0.001953125,0.00036393362500617554,5.366706634944374,14.594157114210788,0.5362800899071926,0.2547185629285226,7453.325580010734,6198.037398202001,15085.432678364268,0.4613801669235376,16.786905452436194,0.9409612694706532,0.26533787392841546
train,206,nips4b_birds_trainfile206.wav,5.00390022675737,5.0039,2.2675737021415898e-07,44100,1,PCM_16,220672,9.14952041378154e-06,0.000509756257469307,2.5985144202911446e-07,-0.009019217038054736,0.8310330527120589,-0.00341796875,0.00341796875,0.00341796875,0.0005098383623786235,6.704024259872581,16.526711544156008,0.4008120649651972,0.2823751195218221,6698.95424220546,6449.371322391298,16104.43780814965,0.3473497701692156,16104.63765226218,0.8738515200115166,0.3682770828674313
train,207,nips4b_birds_trainfile207.wav,5.00390022675737,5.0039,2.2675737021415898e-07,44100,1,PCM_16,220672,1.019612819025522e-05,0.0005112295650859326,2.613556682179517e-07,-0.012839814341409172,-0.0005023127965491092,-0.001953125,0.001953125,0.001953125,0.0005113312324198707,3.8196864892387903,11.640554370374815,0.38157083816705334,0.1343901101639998,2309.126774017965,4752.068079487477,5478.32665675754,0.15423665377935444,41.76741951856148,0.7518441244595204,0.7827097036187096
train,208,nips4b_birds_trainfile208.wav,5.00390022675737,5.0039,2.2675737021415898e-07,44100,1,PCM_16,220672,9.477000225447723e-06,0.0004014255049698836,1.6114243604032604e-07,0.08319376187989329,1.3251928433698517,-0.0029296875,0.00390625,0.00390625,0.0004015373576313904,9.728235557065952,19.760681559081746,0.5051297853828306,0.2617018094810827,7100.127805889813,6031.085698633342,14664.161289153131,0.44315652059925026,11.391114414153131,0.9368026051106296,0.2666643403667919
train,209,nips4b_birds_trainfile209.wav,5.00390022675737,5.0039,2.2675737021415898e-07,44100,1,PCM_16,220672,9.855372170007975e-06,0.0003834423935547448,1.470280691749918e-07,-0.000972233914689021,-0.02134740269908031,-0.00146484375,0.001953125,0.001953125,0.00038356902577710983,5.091977893791017,14.137730190970075,0.505968133700696,0.2600251052471779,6992.9792552188155,6230.803358467802,14777.073212732017,0.4367267346100192,26.77911107888631,0.9336685660606915,0.3144901691350316
train,210,nips4b_birds_trainfile210.wav,1.4396371882086167,1.4396,3.718820861675631e-05,44100,1,PCM_16,63488,1.3359131351594002e-05,0.0014922584810145685,2.2268353741599073e-06,0.007543645590862751,0.005851299369528995,-0.005859375,0.00634765625,0.00634765625,0.0014923182772285464,4.253553914643817,12.575038838898863,0.1314421622983871,0.12744341361223557,1317.556178395179,2854.1531097612724,5249.933845766129,0.040785084399947304,30.563256048387096,0.6221308830136081,0.8214279396564295
train,211,nips4b_birds_trainfile211.wav,5.00390022675737,5.0039,2.2675737021415898e-07,44100,1,PCM_16,220672,9.665079847012762e-06,0.0005592144207717562,3.127207683990909e-07,-0.07214523575687495,0.7101028022591085,-0.00341796875,0.0029296875,0.00341796875,0.0005592979368525688,6.111177111137777,15.722497408237812,0.36121030307424595,0.26075016653751515,5449.108898806188,6177.1797094209,14259.277117169373,0.30040039309163735,16354.442792923433,0.8595389698178674,0.46708885240816805
train,212,nips4b_birds_trainfile212.wav,2.5309750566893423,2.531,-2.4943310657832285e-05,44100,1,PCM_16,111616,1.645744393724914e-05,0.0014586486840191355,2.127655983390756e-06,0.02895021874376143,0.2346223432927883,-0.00634765625,0.0068359375,0.0068359375,0.0014587415229750963,4.6861883290044,13.416394761633194,0.13899440940366972,0.0645432961519509,620.5862346383741,2016.2988576022433,478.07661983944956,0.028230841300210845,19.360127580275233,0.635918524122128,0.9209351711876843
train,213,nips4b_birds_trainfile213.wav,5.00390022675737,5.0039,2.2675737021415898e-07,44100,1,PCM_16,220672,9.939454824354698e-06,0.00039863646546149667,1.5891103159563502e-07,-0.029413067927208585,2.0382691090480805,-0.005859375,0.00634765625,0.00634765625,0.0003987603595617804,15.918473583923404,24.03802842147343,0.49617531902552203,0.27189345224338496,7234.343127639002,6071.753780148145,14710.724967372389,0.4545429647675987,43.1663283062645,0.9409925157128844,0.2625061247745932
train,214,nips4b_birds_trainfile214.wav,5.00390022675737,5.0039,2.2675737021415898e-07,44100,1,PCM_16,220672,-0.23169022757050056,0.7006131192468258,0.490858742860767,0.35898430671481973,-1.4015478857008383,-1.0,0.99951171875,1.0,0.7379289291066162,1.3551440532500383,2.639709272567095,0.011664370649651971,0.0048669739113884475,189.2172970247456,893.5458589008691,179.46001305104406,0.0067859831531158115,0.1998441125290023,0.5546707344460879,0.9870978490591661
train,215,nips4b_birds_trainfile215.wav,2.1304308390022677,2.1304,3.0839002267857296e-05,44100,1,PCM_16,93952,2.833478132450613e-05,0.000361263180416139,1.3051108552438382e-07,0.017721297469560863,0.3125480162982921,-0.00146484375,0.00146484375,0.00146484375,0.00036237266088529833,4.042368280270642,12.132717548273206,0.5553154802452316,0.2352502900448106,7767.033834052295,5497.786187677631,14357.189841621252,0.43101765324294106,0.4693886239782016,0.9315519113838979,0.06738764951453888
train,216,nips4b_birds_trainfile216.wav,2.786394557823129,2.7864,-5.442176870928961e-06,44100,1,PCM_16,122880,8.428096771240235e-06,0.001303899305797114,1.700153399658196e-06,-0.0017692530554046136,0.32703830120863575,-0.0078125,0.0068359375,0.0078125,0.0013039265441248528,5.9915184909771595,15.550738079428253,0.15227864583333334,0.19497228981355644,3719.94569940544,3258.2045261615344,6300.256347656249,0.15678672435594856,1186.8383789062498,0.8641185799856788,0.31443456344167414
train,217,nips4b_birds_trainfile217.wav,2.8560544217687074,2.8561,-4.557823129269778e-05,44100,1,PCM_16,125952,1.1029282236486915e-05,0.0008013321204458656,6.421331672582673e-07,0.0076380584192057115,0.3115411492771316,-0.0068359375,0.00439453125,0.0068359375,0.0008014080186302851,8.529909036452548,18.618887996908832,0.24720528455284552,0.22288032647616932,4462.1349571433475,4014.9644798144072,7720.791253810976,0.23444981061245102,3851.4672256097565,0.8941365181241541,0.3457154885646827
train,218,nips4b_birds_trainfile218.wav,4.179591836734694,4.1796,-8.163265305505263e-06,44100,1,PCM_16,184320,9.242693583170573e-06,0.0009938465253278626,9.877309159062659e-07,0.23920547303567105,9.194435858498155,-0.009765625,0.0107421875,0.0107421875,0.0009938895025559623,10.808231168932329,20.6750924980701,0.27714301215277776,0.19553600008680602,2780.1238894119124,3015.5501266374577,3561.3525390624995,0.10869361635720569,1764.5263671874998,0.7951913404942957,0.6288880703844952
train,219,nips4b_birds_trainfile219.wav,4.9458503401360545,4.9459,-4.965986394545041e-05,44100,1,PCM_16,218112,1.4652108922250954e-05,0.006153423324266051,3.786461860762146e-05,0.057165484160825904,-0.18451265059155064,-0.02392578125,0.02685546875,0.02685546875,0.0061534407685389595,4.364301170705251,12.798294252910413,0.08596042400234742,0.03304739329974187,466.31824103365034,1313.0144464995362,300.25170554577466,0.007448099271121184,59.64596170774648,0.41757631775982007,0.9322134184193319
train,220,nips4b_birds_trainfile220.wav,5.00390022675737,5.0039,2.2675737021415898e-07,44100,1,PCM_16,220672,9.304409513893923e-06,0.0006540691489826444,4.2780645165088077e-07,-0.03736434319911575,8.014600724304977,-0.005859375,0.00634765625,0.00634765625,0.0006541353252097634,9.703888485099744,19.73891594145701,0.4150911760440835,0.2532367189163959,5736.934925809822,3085.389630207612,6283.4985861368905,0.16888692295339117,5779.691578451276,0.8543498001283151,0.050504043722593345
train,221,nips4b_birds_trainfile221.wav,5.00390022675737,5.0039,2.2675737021415898e-07,44100,1,PCM_16,220672,1.0036813687282483e-05,0.0006443282763826599,4.151589277462494e-07,0.0039806705420630415,0.9566413916017451,-0.0048828125,0.0048828125,0.0048828125,0.0006444064442378294,7.57722481465116,17.59020345731276,0.3247987964037123,0.24550575290817553,5559.105660419013,4225.224427508911,9134.07500725058,0.2803158086993184,5496.9121592227375,0.9083405083200844,0.17437573862037248
train,222,nips4b_birds_trainfile222.wav,5.00390022675737,5.0039,2.2675737021415898e-07,44100,1,PCM_16,220672,9.904051601471868e-06,0.00048625375867495773,2.3644271782552406e-07,-0.00938152855356707,3.184316622792667,-0.00439453125,0.0048828125,0.0048828125,0.0004863546114345465,10.039613864455212,20.034340192910626,0.46396008555684454,0.25691187333179255,7137.238627070317,5832.311946222798,14510.880854843386,0.4392712063981229,23.781449390951273,0.9392834108064005,0.21219152724160667
train,223,nips4b_birds_trainfile223.wav,2.896689342403628,2.8967,-1.0657596372087852e-05,44100,1,PCM_16,127744,9.540565506012023e-06,0.0007723754686425347,5.965638645607751e-07,-0.01347916651852425,5.1118653470719355,-0.00634765625,0.00634765625,0.00634765625,0.0007724343900623209,8.217728692126025,18.29503597906809,0.3195766533066132,0.21928403121893175,4996.119060183456,5082.105669591941,10802.332007765532,0.3240267185997231,93.9003006012024,0.9099037190876273,0.3842137459312388
train,224,nips4b_birds_trainfile224.wav,5.00390022675737,5.0039,2.2675737021415898e-07,44100,1,PCM_16,220672,2.9566116510023927e-05,0.0038638967699364526,1.4929698248725353e-05,0.12329883862523588,15.301960443760699,-0.0400390625,0.04296875,0.04296875,0.003864009886629541,11.120248462273047,20.92228981792195,0.5935777987238979,0.5473306415432929,19017.24630264802,3119.1293471955837,21551.388939240136,0.0764374545796447,20736.224804234338,0.8539742715282319,0.0009853065487935894
train,225,nips4b_birds_trainfile225.wav,2.5251700680272107,2.5252,-2.9931972789221106e-05,44100,1,PCM_16,111360,1.346105816720546e-05,0.002263109534691366,5.1216647660109715e-06,-0.04874346667073252,0.01836114336622474,-0.009765625,0.01025390625,0.01025390625,0.0022631495677700917,4.530812455362063,13.12352171461849,0.08727550287356321,0.056789303064862295,625.3129678956066,1486.4842704616024,1304.0705818965516,0.01894464931003458,68.51023706896551,0.5950396212607787,0.9440368988952254
train,226,nips4b_birds_trainfile226.wav,5.00390022675737,5.0039,2.2675737021415898e-07,44100,1,PCM_16,220672,1.0120896341629205e-05,0.006507907096908069,4.235285478198641e-05,0.001038888325841226,3.434094115530325,-0.06005859375,0.06591796875,0.06591796875,0.006507914966756186,10.128892139298532,20.111238928723992,0.16986296403712298,0.2242070775045203,4356.500079353719,3273.3809025745068,6592.857272331786,0.14210657863727882,6073.26257975638,0.8871557095912945,0.27113825983872675
train,227,nips4b_birds_trainfile227.wav,3.0940589569160997,3.0941,-4.104308390040501e-05,44100,1,PCM_16,136448,1.0116462635949226e-05,0.0008052939251180475,6.484983058320315e-07,0.013402244613603979,5.369669439783737,-0.00634765625,0.00634765625,0.00634765625,0.0008053574663764507,7.881787299446102,17.9324942134253,0.3133574695121951,0.21721987291768965,4637.429264311762,4940.772060142751,10096.446265243903,0.2975045067668001,93.72801360225141,0.9015661759548721,0.42245262551362633
train,228,nips4b_birds_trainfile228.wav,5.00390022675737,5.0039,2.2675737021415898e-07,44100,1,PCM_16,220672,9.605336908397985e-06,0.0004609009815120589,2.1242971475877926e-07,-0.006229272926189035,1.9454468831227612,-0.0029296875,0.0029296875,0.0029296875,0.0004610010599292621,6.35505588739762,16.062387483266065,0.47099314820185617,0.24657068667835827,6573.811591852115,5937.090821974976,14139.970181989558,0.4155388445165371,12.590179089327146,0.9304124400237227,0.2913694555106495
train,229,nips4b_birds_trainfile229.wav,1.0332879818594105,1.0333,-1.2018140589598048e-05,44100,1,PCM_16,45568,1.4197960328520013e-05,0.001804557953497285,3.25642940753031e-06,0.011083259556688844,0.3125462969115196,-0.0078125,0.0068359375,0.0078125,0.0018046138062222067,4.329181109588623,12.728115094640067,0.11242538623595505,0.12059165624245616,2000.8133214222798,3496.6705681009544,7156.765712780899,0.05298508281007341,43.55029845505618,0.6401907887994811,0.7499196834364544
train,230,nips4b_birds_trainfile230.wav,1.555736961451247,1.5557,3.696145124698624e-05,44100,1,PCM_16,68608,9.835656009503265e-06,0.0007515496345739851,5.648268532282905e-07,0.00794389444211218,0.34194551866651945,-0.00390625,0.00341796875,0.00390625,0.0007516139922576135,5.197149122073747,14.315303564722061,0.26807369402985076,0.2253122859183465,4859.6776264901955,3731.288364239749,7185.0192397388055,0.2035553504519092,5734.259853078358,0.8721752014311984,0.21425164293285645
train,231,nips4b_birds_trainfile231.wav,5.00390022675737,5.0039,2.2675737021415898e-07,44100,1,PCM_16,220672,1.3840447445756598e-05,0.003315635593560819,1.0993439389287405e-05,-0.0021745146872901022,1.417113461514523,-0.0185546875,0.0146484375,0.0185546875,0.0033156644805035543,5.596069086333511,14.95766134880542,0.07289551914153132,0.04944011673486774,258.2894631348215,1436.0053817401174,100.32174448955915,0.014105457583430365,53.75806627030162,0.5463195417252991,0.9795905399405685
train,232,nips4b_birds_trainfile232.wav,5.00390022675737,5.0039,2.2675737021415898e-07,44100,1,PCM_16,220672,1.1342307531086862e-05,0.012935378980758626,0.0001673240293758521,-0.40909465819926527,447.52061010937837,-0.5478515625,0.47705078125,0.5478515625,0.012935383953473982,42.35294170397367,32.53767160924207,0.9827617459396751,0.3454690466803522,1984.901780074493,2088.616167177473,2845.9800065255217,0.050112237437558,742.2210339327146,0.8177960590103287,0.6767624629268326
train,233,nips4b_birds_trainfile233.wav,5.00390022675737,5.0039,2.2675737021415898e-07,44100,1,PCM_16,220672,9.727035487057715e-06,0.003346840801968757,1.1201343353722871e-05,0.006691881382142053,0.7399066356582495,-0.0205078125,0.02197265625,0.02197265625,0.0033468549369433747,6.56516540572483,16.34491344747003,0.06160727233178654,0.2733662329893824,5985.629368959115,1671.0303475460382,7426.007377465196,0.04843613786650708,7444.992568155451,0.8501288051791395,0.017432479278517602
train,234,nips4b_birds_trainfile234.wav,2.9257142857142857,2.9257,1.4285714285744433e-05,44100,1,PCM_16,129024,9.707042149135045e-06,0.0012710424946889805,1.6155490233051871e-06,0.007389760629500207,1.697618576907793,-0.00927734375,0.009765625,0.009765625,0.0012710795608349905,7.682937638919173,17.7105461621786,0.16708519345238096,0.37705680382567447,8174.334895880514,4519.357308405164,11715.087890625,0.16612937811571443,11534.27734375,0.8713868072031096,0.22404427888335593
train,235,nips4b_birds_trainfile235.wav,5.00390022675737,5.0039,2.2675737021415898e-07,44100,1,PCM_16,220672,9.401768376821708e-06,0.00045235417955896045,2.0462430376446024e-07,0.211932492540167,180.56052803593363,-0.01953125,0.02783203125,0.02783203125,0.00045245187259317614,61.51379392129355,35.779450267436566,0.941392655162413,0.28569680655817936,7434.964106720025,6083.339349703967,14857.210701856147,0.4610672092601559,6.195167488399071,0.9432012513262776,0.2595517910708765
train,236,nips4b_birds_trainfile236.wav,5.00390022675737,5.0039,2.2675737021415898e-07,44100,1,PCM_16,220672,9.640740131280815e-06,0.0009145573565271862,8.364151583779948e-07,0.00562886326420364,1.638991507736553,-0.00439453125,0.00439453125,0.00439453125,0.0009146081686975433,4.804823967686704,13.633549624637736,0.28367441270301624,0.103053867522239,1102.1099296242503,2794.74562206924,603.1295316125289,0.05010750348333245,543.1762978538283,0.635494778079883,0.9319088202670254
train,237,nips4b_birds_trainfile237.wav,5.00390022675737,5.0039,2.2675737021415898e-07,44100,1,PCM_16,220672,3.0106015658987093e-05,0.0010485065076099112,1.0993658965003326e-06,-0.03346852946729471,7.714366264718143,-0.01123046875,0.00927734375,0.01123046875,0.0010489386391391976,10.706506873668213,20.592956003115685,0.3197324535962877,0.20280870617344374,2801.1927379061026,3119.1450080163945,4063.2304959396747,0.11765465675382289,1266.2122969837585,0.8284674919460114,0.6241231473138903
train,238,nips4b_birds_trainfile238.wav,2.9373242630385485,2.9373,2.4263038548522076e-05,44100,1,PCM_16,129536,9.080638056216033e-06,0.00032328723767841364,1.045146380457391e-07,0.017291414307829978,0.40582778561098287,-0.00146484375,0.001953125,0.001953125,0.00032341474306723725,6.039072249696265,15.619404508234265,0.607908226284585,0.20185278110163277,6631.866965290165,6204.086503227179,14271.15164896245,0.41364978800705055,21.788537549407113,0.9218377690806259,0.34966974180124044
train,239,nips4b_birds_trainfile239.wav,2.5541950113378684,2.5542,-4.988662131388821e-06,44100,1,PCM_16,112640,9.272315285422585e-06,0.0003904319986149543,1.5243714554246767e-07,0.010895067241264324,0.05795956417589565,-0.001953125,0.00146484375,0.001953125,0.0003905420865581838,5.001061517371237,13.981243935546637,0.5018998579545455,0.2447908806008576,6674.049015018092,6097.445489673959,14323.49520596591,0.42902347268400665,79.47709517045455,0.9315926555962928,0.31756177712192724
train,240,nips4b_birds_trainfile240.wav,5.00390022675737,5.0039,2.2675737021415898e-07,44100,1,PCM_16,220672,1.0169575773093097e-05,0.0005928051206219026,3.514179110355485e-07,-0.01249690202915752,0.4607350261154073,-0.00390625,0.00439453125,0.00439453125,0.0005928923437749497,7.412022260263961,17.398734299001113,0.3388422636310905,0.24080191778711293,5210.3376490377905,4664.242956091812,10083.33454176334,0.30328414946015125,1926.0975565545243,0.9108916759563105,0.23737547505487233
train,241,nips4b_birds_trainfile241.wav,5.00390022675737,5.0039,2.2675737021415898e-07,44100,1,PCM_16,220672,9.23581576955844e-06,0.002930732639646314,8.589193805088252e-06,-0.007054989832918932,9.51395586061811,-0.02490234375,0.0263671875,0.0263671875,0.0029307471923352892,8.996745802216395,19.081708998326008,0.34027878480278423,0.3115814946232174,4647.656873873347,3130.494741663021,7093.466774216937,0.1283218920287266,3668.7382178074245,0.7955140454768699,0.06086888247418165
train,242,nips4b_birds_trainfile242.wav,3.8022675736961453,3.8023,-3.242630385447143e-05,44100,1,PCM_16,167680,9.763877810412691e-06,0.00036205614277951047,1.3108465052437728e-07,-0.00308469461206876,-0.009651245096628625,-0.00146484375,0.00146484375,0.00146484375,0.0003621877742749939,4.0444317948948925,12.137150317852072,0.5359076812977099,0.2567345940755849,7397.810746991824,6180.805039014594,14962.913287213738,0.4594485052495225,15.780057251908396,0.9398569162227456,0.2707791905538514
train,243,nips4b_birds_trainfile243.wav,5.00390022675737,5.0039,2.2675737021415898e-07,44100,1,PCM_16,220672,-8.906787066891132e-05,0.13022840673812452,0.0169594379215504,-1.206400720262265,11.818957201067354,-1.0,0.939453125,1.0,0.13022843719647403,7.6788144089551835,17.705883423036866,0.355459686774942,0.06620262744085086,174.36818484838452,933.2618138394007,73.54263341067285,0.007056479517060434,9.992205626450115,0.5029297398569982,0.9836642312599682
train,244,nips4b_birds_trainfile244.wav,5.00390022675737,5.0039,2.2675737021415898e-07,44100,1,PCM_16,220672,1.0036813687282483e-05,0.0017062063656008376,2.9111401620168193e-06,0.003477506816851366,3.290453994615703,-0.01611328125,0.01611328125,0.01611328125,0.0017062358862847222,9.443759435330005,19.502898311803023,0.13126722012761022,0.31454518264747067,6240.877620835428,5214.404714504259,12889.54556989559,0.36700627867027247,12.590179089327146,0.9250754368734982,0.23704955668293592
train,245,nips4b_birds_trainfile245.wav,4.823945578231292,4.8239,4.557823129225369e-05,44100,1,PCM_16,212736,9.649210171292118e-06,0.0014673086523087607,2.1529946811401514e-06,0.11084380440723257,10.073674674509226,-0.01416015625,0.01611328125,0.01611328125,0.0014673403791885102,10.981283878326309,20.81306237364109,0.25929320848375453,0.24232495828142994,6367.117350465202,2661.1674113481017,7924.426049187726,0.10641802258708709,50.16640342960289,0.8490336077818167,0.11012951200083129
train,246,nips4b_birds_trainfile246.wav,1.5731519274376418,1.5732,-4.8072562358170146e-05,44100,1,PCM_16,69376,1.009979811101822e-05,0.001282088558005166,1.6437510705677658e-06,0.002887208747901081,0.1798162778400192,-0.00732421875,0.00634765625,0.00732421875,0.0012821283385409002,5.712547277704802,15.13659614728714,0.15294914667896678,0.31567567567567567,6638.176546990138,4087.956524583815,10982.410343634685,0.2698288982494368,2706.0323454797044,0.9220941765624898,0.1565950989107724
train,247,nips4b_birds_trainfile247.wav,2.2523356009070294,2.2523,3.560090702947605e-05,44100,1,PCM_16,99328,2.885602184177674e-05,0.0004535946635734356,2.0574811882229824e-07,0.007165762143825754,0.22859976977150787,-0.001953125,0.001953125,0.001953125,0.00045451159371223004,4.297195114535635,12.663701466242117,0.4544237274484536,0.2339343783664059,6231.111645139784,5280.981132125601,12997.175016108247,0.3670971476237435,0.44398356958762886,0.9129804095740298,0.16352930802436558
train,248,nips4b_birds_trainfile248.wav,5.00390022675737,5.0039,2.2675737021415898e-07,44100,1,PCM_16,220672,-0.00014472616244358142,0.01636086970689982,0.0002676780575661522,-1.4385093207439004,2896.666892697339,-1.0,0.998046875,1.0,0.016361509808946358,61.11905390621146,35.723532458966595,0.9911044446055685,0.3475898509545885,2259.9789837701287,3833.750116192549,4669.357689240139,0.15741351398157544,9.592517401392112,0.8448758629337842,0.7564027561557406
train,249,nips4b_birds_trainfile249.wav,5.00390022675737,5.0039,2.2675737021415898e-07,44100,1,PCM_16,220672,3.252228562074029e-05,0.0014725718869686266,2.168467962290342e-06,-0.03446184033117891,21.90360755255913,-0.0234375,0.02392578125,0.02392578125,0.0014729309764385903,16.243654069826345,24.213674640780987,0.24467535527842227,0.3046526276674325,5516.776089422138,3279.6697519083477,6443.573720272621,0.18137831423700476,4736.705155162413,0.8555364554240272,0.06603545661251202
train,250,nips4b_birds_trainfile250.wav,5.00390022675737,5.0039,2.2675737021415898e-07,44100,1,PCM_16,220672,9.576571789805685e-06,0.0016616546125781417,2.7610960515022138e-06,-0.011445564990707943,4.976329959355888,-0.015625,0.01416015625,0.015625,0.0016616822085553722,9.403121679676651,19.465441121341502,0.1414044373549884,0.3416670065391465,6822.231453926815,5822.097150635794,14061.231601653131,0.41471148565638993,20.583943590487237,0.9335606726498088,0.2833375043078066
train,251,nips4b_birds_trainfile251.wav,5.00390022675737,5.0039,2.2675737021415898e-07,44100,1,PCM_16,220672,9.912902407192575e-06,0.00038946571707217564,1.5168354477454398e-07,-0.0025581739608633823,0.06680507457716,-0.001953125,0.001953125,0.001953125,0.00038959185105527877,5.013259375702068,14.002403493905106,0.501871555974478,0.25372613528737353,6877.76513590207,6222.8680023424,14616.598390371228,0.4332012820505604,15.188152552204174,0.9306790365572212,0.3256949986123346
train,252,nips4b_birds_trainfile252.wav,5.00390022675737,5.0039,2.2675737021415898e-07,44100,1,PCM_16,220672,1.0211617100266458e-05,0.0011917597153867077,1.4202912192186065e-06,0.025231809030761183,6.225203208446969,-0.01123046875,0.01171875,0.01171875,0.0011918034638070192,9.832787331030563,19.85353292204311,0.197256561774942,0.20768021171789677,4834.215070341292,3284.8720117160874,7443.39381525522,0.17255721324198456,1566.178309889791,0.8935387646121383,0.21991605196584127
train,253,nips4b_birds_trainfile253.wav,5.00390022675737,5.0039,2.2675737021415898e-07,44100,1,PCM_16,220672,9.800054634253553e-06,0.0006217269195521743,3.865443624958358e-07,-6.6702456887042745,1646.1141284718838,-0.06201171875,0.04150390625,0.06201171875,0.0006218041520982875,99.72869840244796,39.97640301866327,0.9860245069605569,0.1888784661328403,2924.87397583186,3371.5384340323913,5558.46414588167,0.15001757421817574,10.192049738979117,0.8620501217543762,0.5494337913254
train,254,nips4b_birds_trainfile254.wav,4.388571428571429,4.3886,-2.8571428571488866e-05,44100,1,PCM_16,193536,9.468623570033482e-06,0.0024172695385685635,5.8431920220914765e-06,0.013250937716924168,18.19314191028799,-0.02392578125,0.0263671875,0.0263671875,0.002417288083146853,10.907755547975437,20.754707929442155,0.5847800925925926,0.2172010230707624,4663.537324193036,1708.7463600570595,5949.999999999999,0.049350870745211946,4328.971354166666,0.7849734136036645,0.037385239805072155
train,255,nips4b_birds_trainfile255.wav,4.046077097505669,4.0461,-2.2902494331233925e-05,44100,1,PCM_16,178432,9.93901037930416e-06,0.002200583442288376,4.842567486473757e-06,-0.004951475530636917,5.418670672416875,-0.01806640625,0.01806640625,0.01806640625,0.002200605887114064,8.209741851455641,18.286590026064943,0.11449739956958394,0.21453110726275143,4751.102266390151,2789.131530268495,7709.689965925395,0.10494801151815278,4842.468279232425,0.8665433699548676,0.18398313044976639
train,256,nips4b_birds_trainfile256.wav,5.00390022675737,5.0039,2.2675737021415898e-07,44100,1,PCM_16,220672,9.853159468577798e-06,0.00048541306626690773,2.3562584490264136e-07,0.05442037371527854,11.133288055646458,-0.005859375,0.0068359375,0.0068359375,0.0004855130581705857,14.079822128281839,22.971943367153646,0.5462360426334106,0.21759089323019337,6708.997895631115,4590.085659373857,11298.786434164733,0.34044949419944415,19.384878915313223,0.9236755764780812,0.14994984430845362
train,257,nips4b_birds_trainfile257.wav,2.3626303854875284,2.3626,3.0385487528317157e-05,44100,1,PCM_16,104192,2.9678719635384675e-05,0.00047051071799760575,2.213803357506225e-07,0.0038867159915562826,0.31645869684594485,-0.00244140625,0.001953125,0.00244140625,0.000471445821012148,5.178551046986778,14.284165232260545,0.4440552057739558,0.2350874835638395,6070.918939212584,5177.520921130887,12595.283707002456,0.3564474106945442,0.42325706388206386,0.9119496027541477,0.168784225857518
train,258,nips4b_birds_trainfile258.wav,4.028662131519274,4.0287,-3.786848072540039e-05,44100,1,PCM_16,177664,9.649425143810788e-06,0.0015998661928350924,2.559571834976653e-06,-0.02811852198910947,1.8380750151682825,-0.0087890625,0.0087890625,0.0087890625,0.0015998952923183,5.493523571323449,14.797019846076772,0.150047280259366,0.3340481698496592,4171.720018885856,4920.1295472768625,10954.753354646975,0.07986569230170068,505.6269137247839,0.6849118359796231,0.6293250925789351
train,259,nips4b_birds_trainfile259.wav,5.00390022675737,5.0039,2.2675737021415898e-07,44100,1,PCM_16,220672,1.0366506200378843e-05,0.0007499286655852029,5.623930034664032e-07,0.03464998499053378,3.8231469370563547,-0.0078125,0.0087890625,0.0087890625,0.0007500003119447388,11.718745125865484,21.377622175466907,0.34544482308584684,0.20079212945969338,4043.4869842615412,4019.242460867871,7607.465831641531,0.22009113186689663,527.7883011890951,0.8987498264169916,0.40554420579764516
train,260,nips4b_birds_trainfile260.wav,2.6528798185941045,2.6529,-2.0181405895325355e-05,44100,1,PCM_16,116992,1.4620223765300191e-05,0.00703105884987219,4.943578855036604e-05,-0.015594964323828758,-0.22121739220153946,-0.02685546875,0.02490234375,0.02685546875,0.0070310740503360504,3.8195400244314652,11.640221305986644,0.06926969365426695,0.017240642442581052,85.14619382294774,583.384723653614,42.21827133479212,0.0025503994016881286,41.46437363238512,0.3663063948310278,0.9962649229165624
train,261,nips4b_birds_trainfile261.wav,5.00390022675737,5.0039,2.2675737021415898e-07,44100,1,PCM_16,220672,8.901697853601725e-06,0.0025391141528588335,6.4471006812480315e-06,-0.018542273193885104,7.402621027777229,-0.02197265625,0.0205078125,0.02197265625,0.002539129756722312,8.65361692990588,18.74395332705246,0.10887199100928074,0.2958567278890294,5722.455523646111,3489.028503044418,7364.655234918793,0.1956961457462815,3403.7449245939674,0.874365108883679,0.0841927652796679
train,262,nips4b_birds_trainfile262.wav,5.00390022675737,5.0039,2.2675737021415898e-07,44100,1,PCM_16,220672,9.631889325560107e-06,0.0015383378179174257,2.366483242034947e-06,-0.0026216329694187957,0.6604302653508776,-0.0087890625,0.0107421875,0.0107421875,0.00153836797136671,6.982846562033187,16.88064998303879,0.13403603538283063,0.2931513429494587,5526.400075466868,4835.625013228548,11820.779256090485,0.2800060127456308,3819.4206786542923,0.8848679319194547,0.19376004472741995
train,263,nips4b_birds_trainfile263.wav,5.00390022675737,5.0039,2.2675737021415898e-07,44100,1,PCM_16,220672,9.446022405425247e-06,0.0005650944407095162,3.19331726920801e-07,-0.0133601909358609,0.5161731019201881,-0.00341796875,0.00341796875,0.00341796875,0.0005651733842460072,6.047646342298801,15.631727726321554,0.35753969692575405,0.2625084401665828,5534.251504570211,6084.1784844074145,14191.9296512471,0.307392006461962,16301.084414878189,0.8721757528208376,0.4456303411589231
train,264,nips4b_birds_trainfile264.wav,5.00390022675737,5.0039,2.2675737021415898e-07,44100,1,PCM_16,220672,9.448235106855423e-06,0.000374168932637975,1.4000239015144147e-07,0.0008278922964968271,0.008766435269084383,-0.00146484375,0.001953125,0.001953125,0.00037428820352513903,5.2182381961413284,14.350477987843382,0.5186068010440835,0.25581521813015756,6977.244130744236,6241.365243752664,14790.063080046402,0.4371393417260586,35.97194025522042,0.9316331273458288,0.3142377855790925
train,265,nips4b_birds_trainfile265.wav,5.00390022675737,5.0039,2.2675737021415898e-07,44100,1,PCM_16,220672,9.474787524017547e-06,0.0005921200202277342,3.506061183544924e-07,0.007790514433907299,1.1072667224541552,-0.005859375,0.0068359375,0.0068359375,0.0005921958206143621,11.543373428249105,21.24665490633971,0.33956732163573083,0.24220672403714127,5304.019722457656,4644.239670377913,10123.902896606727,0.30662099742677384,10.39189385150812,0.9139672333986242,0.24173023365741236
train,266,nips4b_birds_trainfile266.wav,5.00390022675737,5.0039,2.2675737021415898e-07,44100,1,PCM_16,220672,8.914974062182787e-06,0.002009316814905449,4.0373540626617785e-06,-0.03958881674096548,5.069036873891296,-0.01708984375,0.01806640625,0.01806640625,0.0020093365918691444,8.991229405320336,19.076381570909838,0.12480060904872389,0.3279316267203212,6272.951464100647,3764.981578080217,8374.66737964037,0.22905475001172734,5733.5275884570765,0.877063233004327,0.11177375458679371
train,267,nips4b_birds_trainfile267.wav,2.7225396825396824,2.7225,3.968253968222868e-05,44100,1,PCM_16,120064,8.528166488289579e-06,0.0006810427617767917,4.638192433685598e-07,-0.1129413297436524,6.666995487514658,-0.00634765625,0.005859375,0.00634765625,0.0006810961554672084,9.319765203557385,19.388099422865288,0.35551872334754797,0.25594063116863647,5631.60816885717,5185.381899171589,11643.540111940298,0.3629152068914208,55.83022388059701,0.9239645066100427,0.3139489169242382
train,268,nips4b_birds_trainfile268.wav,2.5774149659863945,2.5774,1.4965986394610553e-05,44100,1,PCM_16,113664,9.08997681763795e-06,0.00040649172145219294,1.6523551960916724e-07,0.0030466540104771025,0.04050861948748663,-0.001953125,0.001953125,0.001953125,0.00040659334388023675,4.80363249767143,13.631395485281413,0.4804951435810811,0.2561783517943394,6637.276344964173,6200.685717071187,14448.197318412162,0.4183591307788077,50.438133445945944,0.9257983083106756,0.3435060333698638
train,269,nips4b_birds_trainfile269.wav,2.536780045351474,2.5368,-1.9954648525999374e-05,44100,1,PCM_16,111872,1.0287461619082523e-05,0.0017276006486596131,2.9846040012491164e-06,0.006522899965712623,0.5150146853026989,-0.01806640625,0.0146484375,0.01806640625,0.0017276312781133827,10.457327601598516,20.388414271571907,0.1131829233409611,0.4001930795291005,8291.111030387658,4152.360121140074,11579.245923913044,0.1318893298392705,10106.907000858124,0.8738016280346362,0.196647077184572
train,270,nips4b_birds_trainfile270.wav,5.00390022675737,5.0039,2.2675737021415898e-07,44100,1,PCM_16,220672,9.534530462632323e-06,0.001245809084608347,1.5520402752926878e-06,-0.002059918300148427,3.625451448137836,-0.01220703125,0.01318359375,0.01318359375,0.0012458455693077817,10.582044897687508,20.491391996645334,0.1826330481438515,0.23941523806934306,4766.337589104253,3270.0907417283875,7415.41563950116,0.18384314057969825,4570.634697650812,0.8837898031743526,0.1711701447833467
train,271,nips4b_birds_trainfile271.wav,5.00390022675737,5.0039,2.2675737021415898e-07,44100,1,PCM_16,220672,9.534530462632323e-06,0.0011251920986246231,1.2660572588072834e-06,0.1737097824711803,87.52091404109024,-0.03955078125,0.0390625,0.03955078125,0.00112523249423327,35.14898605638809,30.918256028671934,0.6044717952436195,0.23916146661772503,4981.3611739767075,4175.851669579561,9768.779908642691,0.21305084865694815,11.19127030162413,0.9000001729069097,0.30557755186146285
train,272,nips4b_birds_trainfile272.wav,5.00390022675737,5.0039,2.2675737021415898e-07,44100,1,PCM_16,220672,1.0488204779038573e-05,0.0020741475774182622,4.302088172910047e-06,-0.01622357225149272,0.8996276877905074,-0.01123046875,0.01220703125,0.01220703125,0.002074174094754231,5.885249112344358,15.39529700995029,0.10126341357308585,0.08873843867114392,933.612188219796,2477.1681494212553,2193.888667343387,0.032651127231440355,31.375525667053363,0.6960595427718951,0.8465316128446131
train,273,nips4b_birds_trainfile273.wav,3.0360090702947846,3.036,9.070294784585542e-06,44100,1,PCM_16,133888,8.263961762816682e-06,0.0014872599405141857,2.211942130658259e-06,0.0595785216864264,0.2608365777363897,-0.00732421875,0.0068359375,0.00732421875,0.0014872828996940282,4.924563276769186,13.847354443275355,0.1342614722753346,0.16594590961034306,2646.45255655401,3282.613595988826,4365.599605640536,0.12058786060801689,63.57029756214149,0.8348060983411745,0.5633227899943809
train,274,nips4b_birds_trainfile274.wav,5.00390022675737,5.0039,2.2675737021415898e-07,44100,1,PCM_16,220672,9.596486102677277e-06,0.0003366539265574561,1.1333586626655304e-07,0.0027977862870495335,0.27066498531873817,-0.001953125,0.001953125,0.001953125,0.00033679067506697975,5.79922528915496,15.267399612233907,0.58389374274942,0.21212574375427673,6677.645200638499,5918.110055089199,14057.43456351508,0.40357322586639993,37.77053726798144,0.9244781658769147,0.3141474520355789
train,275,nips4b_birds_trainfile275.wav,1.0855328798185941,1.0855,3.287981859423361e-05,44100,1,PCM_16,47872,1.1291095917237634e-05,0.0006394392012671247,4.0888249211713844e-07,0.0117840995016007,0.036680180909927085,-0.00244140625,0.00244140625,0.00244140625,0.0006395388815108512,3.8174477277009404,11.63546197952549,0.30683907085561496,0.21503624323703285,4550.078962185127,4425.539158838595,7754.716744652406,0.24185521513213987,7562.184575534759,0.8733464720113517,0.2946254330502768
train,276,nips4b_birds_trainfile276.wav,5.00390022675737,5.0039,2.2675737021415898e-07,44100,1,PCM_16,220672,9.333174632486223e-06,0.00031188766506597235,9.727391562030414e-08,-0.0007012393298400549,0.10747240284367576,-0.00146484375,0.00146484375,0.00146484375,0.00031202728048846084,4.694601535182664,13.431974728995769,0.6187690327726219,0.20039787738307255,6752.836718016435,6084.120871982408,14288.854045823664,0.4045239694830025,28.977396316705335,0.9211192626084556,0.32456598803197545
train,277,nips4b_birds_trainfile277.wav,3.5584580498866214,3.5585,-4.195011337859711e-05,44100,1,PCM_16,156928,8.531729120998165e-06,0.0021522047708287017,4.6319853755778246e-06,2.304010600721325,64.35848006716647,-0.0283203125,0.03271484375,0.03271484375,0.002152221681421228,15.20049910862185,23.63715696489761,0.3777464824632953,0.060034283456639075,289.0720144747735,1400.4032047747562,184.34951060358893,0.014552600577600864,37.37573919249592,0.5836866549135563,0.9780723753384523
train,278,nips4b_birds_trainfile278.wav,2.589024943310658,2.589,2.4943310657832285e-05,44100,1,PCM_16,114176,1.028941885772842e-05,0.0013567059771445896,1.8406511084198557e-06,-0.07735132383268754,-0.033800644228619614,-0.005859375,0.00537109375,0.005859375,0.001356744994669332,4.318700288574167,12.707061313944372,0.14757041760089687,0.07308079702211517,628.105066865035,2324.55136677595,408.6480521300448,0.03693191279514292,39.3970711883408,0.6390312789038398,0.949429052707077
train,279,nips4b_birds_trainfile279.wav,5.00390022675737,5.0039,2.2675737021415898e-07,44100,1,PCM_16,220672,2.967232617867242e-05,0.0007379483331017688,5.445677423276791e-07,0.00592295032072606,1.1875724352529344,-0.00439453125,0.00390625,0.00439453125,0.0007385446427051872,5.950258110198238,15.490716099120693,0.3404509860788863,0.20768021171789677,4401.382984335721,3762.137709587776,6694.378081496519,0.18467682902315963,1928.0959976798142,0.8650054279877162,0.16504087452665453
train,280,nips4b_birds_trainfile280.wav,5.00390022675737,5.0039,2.2675737021415898e-07,44100,1,PCM_16,220672,1.6380628687599697e-05,0.007765633856818089,6.030506919815939e-05,0.19575863880066505,1.8688863807950238,-0.03759765625,0.04638671875,0.04638671875,0.007765651133237675,5.973319938551029,15.524315534606902,0.08462786397911833,0.06710895405377236,237.82404008488243,1286.5754572374924,81.13670968677494,0.012321811808056523,23.181917053364266,0.520395934076168,0.9717493974974678
train,281,nips4b_birds_trainfile281.wav,5.00390022675737,5.0039,2.2675737021415898e-07,44100,1,PCM_16,220672,9.470362121157193e-06,0.0018663377624521702,3.4832166435549737e-06,0.006911298058803464,10.763054265926797,-0.02001953125,0.01708984375,0.02001953125,0.0018663617900379552,10.7265008086095,20.609161396710544,0.23192792923433875,0.22622365421827065,4648.2925794335,1764.0848624470673,5929.17497462297,0.048707454399054106,4422.75005437935,0.8008696653339346,0.030204396868270148
train,282,nips4b_birds_trainfile282.wav,2.571609977324263,2.5716,9.977324262777643e-06,44100,1,PCM_16,113408,1.064326370273702e-05,0.00039359794693654223,1.5491934383266111e-07,0.012997572682635256,0.023970312370832136,-0.00146484375,0.001953125,0.001953125,0.00039374182263877825,4.96042047784142,13.910369834103989,0.49609375,0.22457167546976817,5993.361658787628,5569.352221729269,12928.087965575622,0.3861265940142862,15.165596783295712,0.9246407519109886,0.3250312194893981
train,283,nips4b_birds_trainfile283.wav,5.00390022675737,5.0039,2.2675737021415898e-07,44100,1,PCM_16,220672,9.855372170007975e-06,0.0015902881137231464,2.529016284649123e-06,-0.04234711251872018,4.672777712186548,-0.01416015625,0.01513671875,0.01513671875,0.0015903186514059791,9.518041391653071,19.570951782163867,0.14154491734338748,0.3254482918009163,6021.480467193871,5174.224740837191,12769.43925826566,0.3447422359484185,13.189711426914153,0.9145637376306258,0.21273865973918196
train,284,nips4b_birds_trainfile284.wav,5.00390022675737,5.0039,2.2675737021415898e-07,44100,1,PCM_16,220672,1.0386420513250435e-05,0.00031384357663081315,9.849779059242107e-08,-0.003444124224298356,0.0746956866109465,-0.00146484375,0.0009765625,0.00146484375,0.0003140153950421844,4.664878770683249,13.37680723857462,0.6143416473317865,0.19840849046770984,6476.821125288134,6189.060097557202,14268.669790458236,0.4065590352960985,11.990646751740138,0.9227560640619303,0.3596298837248436
train,285,nips4b_birds_trainfile285.wav,2.7689795918367346,2.769,-2.0408163265539514e-05,44100,1,PCM_16,122112,8.932949362061058e-06,0.0011186228426649579,1.2513170641318312e-06,0.0910094879505275,26.14385776245311,-0.0146484375,0.0126953125,0.0146484375,0.0011186585098751703,13.09464628453468,22.34187543323266,0.3551575602725367,0.25188557951372115,5495.106287397573,5249.701908323373,11629.915978773584,0.3574617605615858,39.725825471698116,0.9212434529309435,0.34121356411371934
train,286,nips4b_birds_trainfile286.wav,5.00390022675737,5.0039,2.2675737021415898e-07,44100,1,PCM_16,220672,9.676143354163645e-06,0.002216657808247677,4.913571838865396e-06,-0.03314176565935125,9.517285695598908,-0.02197265625,0.02294921875,0.02294921875,0.002216678927272871,10.352973751698851,20.30130225857361,0.13095453886310904,0.31633517770799063,6606.098112069743,5704.78045508366,13806.430358178653,0.4042086351042677,14.388776102088165,0.9304267554376265,0.27458904357068714
train,287,nips4b_birds_trainfile287.wav,5.00390022675737,5.0039,2.2675737021415898e-07,44100,1,PCM_16,220672,9.57214638694533e-06,0.000618768346839837,3.8287426705090483e-07,0.023076377162850634,17.32225426015952,-0.00634765625,0.0068359375,0.0068359375,0.0006188423814165913,11.046330544381695,20.86436069347499,0.4669872027262181,0.25954928377539416,7017.220779514565,5563.502600962689,14084.413518706495,0.42859692311742503,49.961028132250576,0.9392422946110245,0.17635829649661963
train,288,nips4b_birds_trainfile288.wav,1.3351473922902495,1.3351,4.739229024952607e-05,44100,1,PCM_16,58880,8.88161037279212e-06,0.00038410382069661744,1.4753574507373923e-07,0.008387813363590126,0.0025372570689312646,-0.00146484375,0.00146484375,0.00146484375,0.0003842064914555106,3.8126470597897804,11.624532081974039,0.5076086956521739,0.27065677066526267,7370.021880197735,5972.822492103829,14785.633491847824,0.4569664941404172,20.222486413043477,0.9360322470298363,0.23281459254550163
train,289,nips4b_birds_trainfile289.wav,5.00390022675737,5.0039,2.2675737021415898e-07,44100,1,PCM_16,220672,9.200412546675608e-06,0.0005263592363561118,2.7705404569738914e-07,-0.04994724438293723,0.5592139039172817,-0.00634765625,0.0068359375,0.0068359375,0.000526439638789119,12.985225648516064,22.268990018164956,0.3745785600348028,0.2729402594813093,6087.526012332366,6305.056386415808,15513.298923288861,0.3270165827535095,16124.82190762761,0.8704796455910232,0.4136208703949569
train,290,nips4b_birds_trainfile290.wav,1.9040362811791383,1.904,3.628117913834217e-05,44100,1,PCM_16,83968,1.042063643292683e-05,0.00030118498925062973,9.071239774990194e-08,0.00871542554664458,0.18872477428796675,-0.0009765625,0.00146484375,0.00146484375,0.0003013652060433805,4.8606930084329,13.73396385554246,0.6394221608231707,0.19474317291316826,6756.120280007021,6266.334570882006,14502.874904725611,0.4200899676862159,28.886004192073173,0.9174793217281715,0.3428692660623446
train,291,nips4b_birds_trainfile291.wav,5.00390022675737,5.0039,2.2675737021415898e-07,44100,1,PCM_16,220672,8.417116240392982e-06,0.001797453916856663,3.2308405832233596e-06,0.025417345386251865,4.18154811775303,-0.01611328125,0.01513671875,0.01611328125,0.001797473624582337,8.96440483444874,19.050429222760556,0.13131253625290024,0.32567940508721127,6034.220792139602,4118.786852736449,8911.448665893271,0.23800955430260687,3786.246555974478,0.8767347615713434,0.11543057201594721
train,292,nips4b_birds_trainfile292.wav,5.00390022675737,5.0039,2.2675737021415898e-07,44100,1,PCM_16,220672,9.631889325560107e-06,0.0011211742593221208,1.2570317197665061e-06,-0.06735769832232738,0.7495969150651116,-0.005859375,0.00732421875,0.00732421875,0.0011212156318293487,6.532390864057059,16.301443254986964,0.1906358758700696,0.144917093773083,1871.3302018867391,3702.192154968979,2104.7581931554523,0.09134467395445853,360.5187790023202,0.6854676505030839,0.8448910310177666
train,293,nips4b_birds_trainfile293.wav,5.00390022675737,5.0039,2.2675737021415898e-07,44100,1,PCM_16,220672,9.147307712351363e-06,0.0007014966989322699,4.920976186128717e-07,-0.009348530863896126,1.2455807988898107,-0.00439453125,0.00439453125,0.00439453125,0.0007015563354793798,6.263974862399578,15.937000124219141,0.30219964472157773,0.20808352706064684,4326.011042991494,4709.270121605159,9183.036814820185,0.26902218685068074,96.52470635150812,0.8943864705570289,0.44108353308157594
train,294,nips4b_birds_trainfile294.wav,3.128888888888889,3.1289,-1.1111111110739813e-05,44100,1,PCM_16,137984,8.606070269016697e-06,0.008952184393261012,8.014160541094604e-05,1.1145667618548163,64.06538683342167,-0.17333984375,0.177734375,0.177734375,0.008952188529928953,19.853734581862135,25.956844232804887,0.8914946660482375,0.1969735402187226,1500.4974730502736,2711.234917771634,2269.176136363636,0.07665911393013246,259.8366477272727,0.7920648653034971,0.8258884550129811
train,295,nips4b_birds_trainfile295.wav,5.00390022675737,5.0039,2.2675737021415898e-07,44100,1,PCM_16,220672,2.965019916437065e-05,0.001392681866794728,1.9395627820988487e-06,0.29558030524241646,27.307703205917733,-0.01806640625,0.021484375,0.021484375,0.0013929974574310377,15.423125782025064,23.763448009076413,0.3499356511020882,0.4579894956745562,12342.468902863502,6196.635101268312,19081.915240719256,0.4521736769082174,0.1998441125290023,0.9450345056846982,0.03316719782379377
train,296,nips4b_birds_trainfile296.wav,5.00390022675737,5.0039,2.2675737021415898e-07,44100,1,PCM_16,220672,8.706980127746157e-06,0.0003817009549313979,1.4569561899554106e-07,0.011286808740523445,0.044901416641029535,-0.001953125,0.00244140625,0.00244140625,0.0003818002494741014,6.3944595462230245,16.116076883997042,0.5105495939675174,0.2533998577067218,6968.49701126968,6199.3033396668825,14628.189348897911,0.4389765294683775,44.36539298143851,0.9333616324949658,0.30754854671710913
train,297,nips4b_birds_trainfile297.wav,5.00390022675737,5.0039,2.2675737021415898e-07,44100,1,PCM_16,220672,1.0472715869027335e-05,0.0013352086213516286,1.7827820625317167e-06,0.004173915818656417,0.06991913652972626,-0.00634765625,0.00830078125,0.00830078125,0.0013352496921210618,6.216650937259606,15.871129651439222,0.14796168068445475,0.33619279379710065,6600.205328453306,5757.281994388994,13850.396062935033,0.4048836711086241,17.98597012761021,0.9303888008781817,0.28575537717380467
train,298,nips4b_birds_trainfile298.wav,5.00390022675737,5.0039,2.2675737021415898e-07,44100,1,PCM_16,220672,2.995776466316524e-05,0.0016742602364350234,2.8031473393074605e-06,-0.005341394667861162,4.108736136834393,-0.01416015625,0.01171875,0.01416015625,0.0016745282341516594,8.456206327971378,18.54351142072305,0.21899470707656613,0.3109923823248184,6566.973544275521,3582.230131171521,9739.00313587587,0.1908996348607667,2310.9973172853825,0.9039498932851875,0.0506104512690575
train,299,nips4b_birds_trainfile299.wav,5.00390022675737,5.0039,2.2675737021415898e-07,44100,1,PCM_16,220672,9.384066765380293e-06,0.00037657246394835953,1.4180682060413852e-07,-0.004958950921729589,0.32924802176694623,-0.001953125,0.001953125,0.001953125,0.0003766893697905419,5.184975092570398,14.294933489582329,0.527248586136891,0.2549224864164299,7340.143236458051,6091.452737939221,14900.177186049883,0.45295822221974924,10.39189385150812,0.9410198898362654,0.25119136728370495
train,300,nips4b_birds_trainfile300.wav,5.00390022675737,5.0039,2.2675737021415898e-07,44100,1,PCM_16,220672,8.67600230772368e-06,0.0010453559699448072,1.0927691038992487e-06,0.32969752564264204,14.206574045552063,-0.01025390625,0.01220703125,0.01220703125,0.0010453919728576895,11.676989652628372,21.346617907309042,0.34779672998839906,0.15207254238209825,763.3782579023843,2733.642413942386,308.15962151972155,0.045731350136809124,92.92751232598607,0.6477309689383609,0.9382626364044969
train,301,nips4b_birds_trainfile301.wav,5.00390022675737,5.0039,2.2675737021415898e-07,44100,1,PCM_16,220672,8.850805720707657e-06,0.001142073958017181,1.3043329255810295e-06,-0.005909442600086932,0.056313946710814466,-0.00537109375,0.005859375,0.005859375,0.0011421082533380692,5.130314909181904,14.202880476203227,0.17132667488399073,0.3377833970027779,6525.672031424052,5845.813848390927,13738.88304814385,0.3895070346188355,9.392673288863108,0.9245396958490669,0.33064314467887
train,302,nips4b_birds_trainfile302.wav,5.00390022675737,5.0039,2.2675737021415898e-07,44100,1,PCM_16,220672,9.417257286832947e-06,0.0008412986735110247,7.077834580514098e-07,-0.0021328698682244246,1.2783656096811153,-0.005859375,0.00537109375,0.005859375,0.0008413513789055179,6.964242463858844,16.85747765810428,0.25029002320185617,0.22352280091176457,4505.928293882276,3820.831223350121,7052.698575261021,0.22523483219315257,3013.2495287122965,0.8917496092051205,0.18925720719540373
train,303,nips4b_birds_trainfile303.wav,2.4961451247165534,2.4961,4.512471655315764e-05,44100,1,PCM_16,110080,7.2479248046875e-06,0.00039281052200341993,1.5430010619659927e-07,-0.031875268245475374,0.0857420061015226,-0.001953125,0.00146484375,0.001953125,0.0003928773836842402,4.971334775456934,13.929460200370444,0.49543059593023253,0.235240145713533,6250.8604018355645,6126.507538496091,14006.397165697674,0.40698383794294424,15.624091569767442,0.9168343543697289,0.3644730903538241
train,304,nips4b_birds_trainfile304.wav,2.5251700680272107,2.5252,-2.9931972789221106e-05,44100,1,PCM_16,111360,2.007758480378951e-05,0.0019103343339524853,3.649377267477686e-06,0.03162619273314018,-0.17063071347153258,-0.00634765625,0.00732421875,0.00732421875,0.0019104398385945682,3.8337866506113722,11.672558816431348,0.09797952586206897,0.05660072378523514,466.61239190284374,1834.3847639481353,282.35721982758616,0.024871770190371102,65.34213362068965,0.5141485527886989,0.9506792272081961
train,305,nips4b_birds_trainfile305.wav,4.96907029478458,4.9691,-2.9705215419895126e-05,44100,1,PCM_16,219136,1.0243086057288625e-05,0.003943133051591321,1.5548298262551888e-05,-0.10708593762680932,0.3497959038580398,-0.02099609375,0.01708984375,0.02099609375,0.0039431463558133205,5.324705667859825,14.525912128197922,0.05059871495327103,0.2624318342574212,3393.822922291712,6379.284319620124,15763.310911945095,0.039938411757258034,69.02699693341123,0.7030215637673078,0.7994248982684897
train,306,nips4b_birds_trainfile306.wav,5.00390022675737,5.0039,2.2675737021415898e-07,44100,1,PCM_16,220672,2.987146930738834e-05,0.0017265089271092896,2.9808330753880704e-06,0.13839618069221676,24.50181405799336,-0.02685546875,0.02685546875,0.02685546875,0.0017267673207663657,15.552453667052914,23.835978323845698,0.4714463094547564,0.25849341327134057,6131.944361033477,5694.991878962826,12072.183149651972,0.24951166655698362,1899.718133700696,0.8903441662380703,0.15169034214146415
train,307,nips4b_birds_trainfile307.wav,5.00390022675737,5.0039,2.2675737021415898e-07,44100,1,PCM_16,220672,8.850805720707656e-09,0.008082034067399909,6.531927466661271e-05,-0.12781546899676613,0.9856723977186168,-0.05126953125,0.037109375,0.05126953125,0.008082034067404755,6.343642061195036,16.04677340033529,0.12649996374709976,0.06499721304566526,496.122108432285,1661.1574903598266,312.1565037703016,0.021123738983309024,19.185034802784223,0.5965421924442845,0.9180317790902907
train,308,nips4b_birds_trainfile308.wav,5.00390022675737,5.0039,2.2675737021415898e-07,44100,1,PCM_16,220672,2.8183178116163357e-05,0.00047014298777032636,2.2103442894960926e-07,0.018385921564455333,0.9391006270869289,-0.0029296875,0.0029296875,0.0029296875,0.0004709869642339761,6.220315470439634,15.876248219851236,0.4650340777262181,0.23298938238372963,6460.747823994732,5124.3317075908935,12903.134969547562,0.34995498368658,0.1998441125290023,0.9152179381818386,0.07804591591287602
train,309,nips4b_birds_trainfile309.wav,2.7980045351473923,2.798,4.535147392292771e-06,44100,1,PCM_16,123392,9.117284751037344e-06,0.00108093901158502,1.1684291467664e-06,-0.010625875513430805,10.563912383994221,-0.00927734375,0.0087890625,0.00927734375,0.0010809774612116718,8.582365574580056,18.672140196105918,0.28990534232365145,0.21050968060879643,4547.141712771096,4743.105413731633,9586.474811981327,0.2814707718491561,94.35295643153526,0.8941125785478902,0.33196781848347257
train,310,nips4b_birds_trainfile310.wav,4.4524263038548755,4.4524,2.6303854875564525e-05,44100,1,PCM_16,196352,1.0228063789775505e-05,0.0005634504278594439,3.1747638465499043e-07,-0.009868105883459967,0.44849071127347573,-0.0048828125,0.00439453125,0.0048828125,0.0005635432529485897,8.664485777182117,18.75485586319352,0.3568947604302477,0.2424943086615296,5327.092133924869,4841.818488894551,10603.207504889178,0.3198989944816139,2109.636265482399,0.9137650952676618,0.2496534947964223
train,311,nips4b_birds_trainfile311.wav,4.3014965986394555,4.3015,-3.4013605443306005e-06,44100,1,PCM_16,189696,8.821165674289389e-06,0.0004899452067215965,2.4004630558946794e-07,-0.009743736995970654,0.10274241995695865,-0.00244140625,0.00244140625,0.00244140625,0.0004900246101506752,4.982211504130994,13.94844320398267,0.40152138157894735,0.28147816231318695,5582.136318530234,6359.545439714101,15183.552631578947,0.2924420885463126,16094.398405870445,0.8390167709066992,0.47227047587413185
train,312,nips4b_birds_trainfile312.wav,5.00390022675737,5.0039,2.2675737021415898e-07,44100,1,PCM_16,220672,9.361939751078523e-06,0.0005237791459373934,2.743445937189053e-07,0.011358243934220255,1.2391159682738602,-0.0029296875,0.0029296875,0.0029296875,0.0005238628061189381,5.592470902266808,14.952074662640808,0.43507558729698376,0.1954085493789397,4892.401008569937,3907.3939109718053,5812.665857018561,0.20261240303039627,4079.417869054524,0.8720913144686591,0.13187624966479627
train,313,nips4b_birds_trainfile313.wav,2.9373242630385485,2.9373,2.4263038548522076e-05,44100,1,PCM_16,129536,9.321883733093504e-06,0.0007487080677586166,5.605637707268411e-07,-0.015523021474634026,0.34059205321084374,-0.00390625,0.00390625,0.00390625,0.0007487660971512896,5.216916223719909,14.348277252491236,0.27072010869565216,0.20771220133554638,4358.5607529371555,4360.185334395172,8733.118206521738,0.25440907324611794,1652.8648406620553,0.8935628320536277,0.4304691307909984
train,314,nips4b_birds_trainfile314.wav,5.00390022675737,5.0039,2.2675737021415898e-07,44100,1,PCM_16,220672,9.71597197990683e-06,0.000625019552470712,3.9064944097068906e-07,-0.1534890164947928,23.38599562969284,-0.015625,0.015625,0.015625,0.0006250950656357826,24.99619795287914,27.957479106515414,0.3427938297563805,0.2293459493997852,4923.3343089233485,4875.415763979989,10295.56898926914,0.3003670437167611,8.193608613689095,0.9084195185207313,0.308773514251969
train,315,nips4b_birds_trainfile315.wav,3.877732426303855,3.8777,3.242630385491552e-05,44100,1,PCM_16,171008,9.83084033349317e-06,0.0007490840954482645,5.611269820535447e-07,0.026722913341013614,0.3679386502586208,-0.00341796875,0.00439453125,0.00439453125,0.0007491486017307964,5.866034108382621,15.366891677627432,0.26908097866766467,0.21538299601770688,4033.8982206554583,4338.856075822995,6970.5686283682635,0.22935174421276827,114.49990643712574,0.8905610057977249,0.4381741452097856
train,316,nips4b_birds_trainfile316.wav,5.00390022675737,5.0039,2.2675737021415898e-07,44100,1,PCM_16,220672,9.353088945357817e-06,0.006324682069410107,4.000160327911771e-05,-0.04580798005886175,0.9377517889703539,-0.037109375,0.037109375,0.037109375,0.006324688985190539,5.867383374406677,15.368889318271549,0.09997190400232019,0.25600101508580647,5838.199132389234,3414.683010999438,7624.652425319025,0.12378272610255307,7234.556717662413,0.8644970299702214,0.15932441105761105
train,317,nips4b_birds_trainfile317.wav,5.00390022675737,5.0039,2.2675737021415898e-07,44100,1,PCM_16,220672,8.857443824998187e-06,0.0018159407440245232,3.2976407858083392e-06,0.01809300770942867,7.454106923457827,-0.02001953125,0.02197265625,0.02197265625,0.0018159623454574855,12.099731200354018,21.655514448478314,0.1341629205336427,0.3185602095427129,6054.626947625551,4840.823356216096,12068.58595562645,0.3323770924383283,13.989087877030162,0.9172766039073861,0.18884700944379534
train,318,nips4b_birds_trainfile318.wav,5.00390022675737,5.0039,2.2675737021415898e-07,44100,1,PCM_16,220672,9.273431693871447e-06,0.0017403990396491528,3.028988817211693e-06,0.012759873965868864,10.413830150421001,-0.01806640625,0.01708984375,0.01806640625,0.001740423745455995,10.380464123848506,20.32433543618349,0.2265625,0.21491722972207494,4667.70104854081,1870.560256312077,5890.605060904872,0.05810958911229525,4794.060415458236,0.8118230964745374,0.05078755268635261
train,319,nips4b_birds_trainfile319.wav,5.00390022675737,5.0039,2.2675737021415898e-07,44100,1,PCM_16,220672,1.1220608952427132e-05,0.001796394507949168,3.2270332281899336e-06,0.06494823328368801,14.654911039059513,-0.02392578125,0.02880859375,0.02880859375,0.001796429550596181,16.036584201389523,24.102237378132912,0.39478048868909515,0.31598624196201586,5520.693538897312,4433.344461433842,10341.73297926334,0.2810610360507759,3698.1153023491875,0.902134992928908,0.14691528628447686
train,320,nips4b_birds_trainfile320.wav,3.0940589569160997,3.0941,-4.104308390040501e-05,44100,1,PCM_16,136448,1.813233681512371e-05,0.003288762531999673,1.0815958991884898e-05,0.347405750699071,4.3119961912417475,-0.0166015625,0.02392578125,0.02392578125,0.0032888125172352524,7.274899716726103,17.23654022045055,0.07555992026266417,0.07993579924805969,663.259289168897,2234.625444052777,258.23683747654786,0.03690953038097458,46.540806754221386,0.5974511814456901,0.9172899995729432
train,321,nips4b_birds_trainfile321.wav,5.00390022675737,5.0039,2.2675737021415898e-07,44100,1,PCM_16,220672,8.837529512126595e-06,0.002407035539711793,5.7938200894356424e-06,-0.010603706986332463,4.045970537659416,-0.0185546875,0.01806640625,0.0185546875,0.0024070517633327953,7.708470496001817,17.739364289832647,0.1160183439675174,0.3330115873857462,6580.487295640698,3374.85212173785,8213.393180829466,0.19170114365437166,7870.260839617169,0.86768803342872,0.08811086613155035
train,322,nips4b_birds_trainfile322.wav,3.871927437641723,3.8719,2.7437641723082606e-05,44100,1,PCM_16,170752,9.468112928399082e-06,0.0012381482665996494,1.5330111300837164e-06,0.0023165758093580254,0.5070729877669944,-0.0107421875,0.00732421875,0.0107421875,0.0012381844673739616,8.675756951452373,18.766147537839895,0.1618077679910045,0.12680452823116703,1166.231630187421,3389.1343655339874,551.6632308845577,0.05552997765251567,70.50751967766116,0.660427481613751,0.9007746088430426
train,323,nips4b_birds_trainfile323.wav,5.00390022675737,5.0039,2.2675737021415898e-07,44100,1,PCM_16,220672,1.031782676891495e-05,0.0013311488674466415,1.7719573073044763e-06,0.01040249774831959,0.27183012458542244,-0.0068359375,0.009765625,0.009765625,0.001331188853939857,7.33601770409746,17.3092074150238,0.148464689675174,0.32810836040984087,6095.873224881891,5654.337691464755,13409.340106583526,0.372309089760129,21.383320040603248,0.9214841289025595,0.3471260356773543
train,324,nips4b_birds_trainfile324.wav,2.5483900226757368,2.5484,-9.977324263221732e-06,44100,1,PCM_16,112384,9.949495146106207e-06,0.0007324353981706299,5.364616124933691e-07,0.01488722684540328,0.2708250913674215,-0.00341796875,0.00341796875,0.00341796875,0.0007325029726540579,4.666150005665871,13.379173924413038,0.2716667853075171,0.21155334881610208,4337.909122101981,4265.380152458412,8372.737222380409,0.24996978077989665,834.644611332574,0.8944209615071128,0.40049366460958513
train,325,nips4b_birds_trainfile325.wav,5.00390022675737,5.0039,2.2675737021415898e-07,44100,1,PCM_16,220672,8.702554724885803e-06,0.005730844566889436,3.284257944984617e-05,-0.007069177056167213,0.3507335409547263,-0.03564453125,0.0361328125,0.0361328125,0.005730851174503218,6.304964376104601,15.993652741877796,0.10442647911832946,0.2212388578472024,4010.940672144024,3358.436730272999,6337.056808294663,0.14359551039844695,1229.6408243909511,0.882769884446196,0.33132495356671615
train,326,nips4b_birds_trainfile326.wav,5.00390022675737,5.0039,2.2675737021415898e-07,44100,1,PCM_16,220672,8.97692970222774e-06,0.0017444087554980303,3.042961906258187e-06,0.038505867313325726,3.620720084044656,-0.01318359375,0.01416015625,0.01416015625,0.0017444318535056237,8.11734561114763,18.18828074518645,0.13245450261020883,0.3294361288977709,6329.768097098049,4039.201161678759,8404.84384063225,0.20335140140183752,7872.858813080045,0.8526158740071871,0.1186849317338026
train,327,nips4b_birds_trainfile327.wav,5.00390022675737,5.0039,2.2675737021415898e-07,44100,1,PCM_16,220672,9.251304679569678e-06,0.009152498335576978,8.376822578273934e-05,0.009005902500506442,5.038899440313285,-0.1025390625,0.07666015625,0.1025390625,0.00915250301116463,11.203390195547415,20.9869892398814,0.2544817647911833,0.11912303836933716,1974.5569830137856,1973.7390742769971,3144.147422418793,0.04656044630646925,558.1646062935034,0.8354142228004684,0.6652691817922355
train,328,nips4b_birds_trainfile328.wav,2.5483900226757368,2.5484,-9.977324263221732e-06,44100,1,PCM_16,112384,9.80611814181734e-06,0.00031019415622720323,9.622041455750657e-08,0.010532072867491015,0.11020412109777578,-0.00146484375,0.00146484375,0.00146484375,0.0003103491171415151,4.719986844145107,13.478815762837913,0.6216098376993167,0.2017742897057384,6703.447923341326,6216.862794309298,14305.894967255124,0.4157314110029368,12.556947608200455,0.922352859836337,0.34721326330330227
train,329,nips4b_birds_trainfile329.wav,2.6993197278911563,2.6993,1.9727891156229305e-05,44100,1,PCM_16,119040,9.938722015709006e-06,0.0004052018346591132,1.6418852681111133e-07,0.04113146867712936,0.5218358143144854,-0.001953125,0.0029296875,0.0029296875,0.00040532370397796487,7.228019164058735,17.18038590720214,0.4956317204301075,0.24344122514470048,6686.042866524478,6093.872986650784,14370.287298387095,0.4331910641521581,12.966229838709676,0.9316881150716289,0.31618024617266166
train,330,nips4b_birds_trainfile330.wav,5.00390022675737,5.0039,2.2675737021415898e-07,44100,1,PCM_16,220672,9.477000225447723e-06,0.0004152997562063107,1.7247388750502108e-07,0.34576371999021505,28.194108395938283,-0.0078125,0.01416015625,0.01416015625,0.0004154078731058118,34.087356467587114,30.65186644519622,0.533189530162413,0.24165386480325915,6485.095347563763,5663.411245068926,13297.627247679813,0.38404733392249285,16.38721722737819,0.9227349925935501,0.3024372968231935
train,331,nips4b_birds_trainfile331.wav,3.9938321995464854,3.9938,3.2199546485589536e-05,44100,1,PCM_16,176128,1.066230064214662e-05,0.0007631080061889649,5.823338291096974e-07,0.01130528377660707,0.3558670717970194,-0.00390625,0.00439453125,0.00439453125,0.0007631824904730721,5.758165713780949,15.205683184947002,0.26478470203488375,0.22910740545174788,4553.519758622623,3932.6852813591618,7320.537904251452,0.23401102779233587,2988.3578988008717,0.8900769697794734,0.18470603442553366
train,332,nips4b_birds_trainfile332.wav,1.619591836734694,1.6196,-8.163265305949352e-06,44100,1,PCM_16,71424,8.955651286682347e-06,0.0007317606655680566,5.354736716726052e-07,0.036168396721900684,0.1780507573248391,-0.00341796875,0.00341796875,0.00341796875,0.0007318154653753731,4.670533640945682,13.387330091311881,0.26934923835125446,0.22258936197023368,4448.846145970405,4294.655374390507,8536.71875,0.25756721199480914,1072.492439516129,0.893223024829572,0.390057447659019
train,333,nips4b_birds_trainfile333.wav,3.4133333333333336,3.4133,3.333333333355171e-05,44100,1,PCM_16,150528,1.044176062759088e-05,0.00031272266203536233,9.779546335048345e-08,-0.006969833447624571,0.10486043398137035,-0.00146484375,0.00146484375,0.00146484375,0.00031289693784932983,4.68155348552938,13.407799789014241,0.617273862670068,0.19825014781401343,6644.193266077895,6196.637097223545,14232.421875,0.4127794328441597,12.890625,0.9233382729798014,0.3507720617846316
train,334,nips4b_birds_trainfile334.wav,5.00390022675737,5.0039,2.2675737021415898e-07,44100,1,PCM_16,220672,9.707121174186122e-06,0.0007888150159932219,6.22229129456387e-07,-0.026071525238317413,1.5716446767599663,-0.00439453125,0.00390625,0.00439453125,0.0007888747414246937,5.5706324708325115,14.91809012609179,0.2940110208816705,0.10749033629248972,1271.0206824465881,3204.395900251507,634.1053690545243,0.06692183696711085,558.3644504060325,0.6719742153679837,0.9088694120106995
train,335,nips4b_birds_trainfile335.wav,5.00390022675737,5.0039,2.2675737021415898e-07,44100,1,PCM_16,220672,9.366365153938878e-06,0.0011792143575881716,1.3905465011420844e-06,-0.0062639461193523815,0.023663336162881077,-0.00537109375,0.00537109375,0.00537109375,0.001179251554986586,4.554663275437526,13.169125505324503,0.16569388051044084,0.3255072030307562,6265.291219429722,5701.608122566198,13496.671983758699,0.3761048438639189,13.789243764501158,0.9217503716497315,0.3078313491143828
train,336,nips4b_birds_trainfile336.wav,2.7109297052154195,2.7109,2.9705215419451036e-05,44100,1,PCM_16,119552,9.414215414631291e-06,0.0006571481006800883,4.3184362622744736e-07,-0.010139199120881782,0.03982468545511697,-0.0029296875,0.0029296875,0.0029296875,0.0006572155306132992,4.4577271283684965,12.982269608273162,0.29893268201284795,0.17893618623014446,3513.303375552659,4464.027229863646,7198.637413008565,0.21083680435049887,1092.9829697537473,0.8596756902827777,0.5909417403345879
train,337,nips4b_birds_trainfile337.wav,3.1695238095238096,3.1695,2.3809523809426025e-05,44100,1,PCM_16,139776,1.3085948678600045e-05,0.002655300270016331,7.050619523948801e-06,0.025473292663888616,0.4075923400435566,-0.009765625,0.0126953125,0.0126953125,0.0026553325151478903,4.781063172908469,13.59048964264324,0.07157881181318682,0.044492935074226435,293.3494966658015,1426.0862842796619,147.34074519230768,0.015306512880223885,45.74819711538461,0.518488097289089,0.9763248616669508
train,338,nips4b_birds_trainfile338.wav,5.00390022675737,5.0039,2.2675737021415898e-07,44100,1,PCM_16,220672,9.302196812463747e-06,0.0010987930544956702,1.207346176607925e-06,0.0035287015203168074,0.41054279549844663,-0.0068359375,0.00634765625,0.0068359375,0.0010988324292054103,6.221091877442328,15.877332307102755,0.18471305829466358,0.36546261176140044,7563.81051281381,4117.601760618909,11295.18924013921,0.2076472038083727,3739.483033642691,0.8967083374659495,0.13264443651132388
train,339,nips4b_birds_trainfile339.wav,3.384308390022676,3.3843,8.390022675719422e-06,44100,1,PCM_16,149248,2.9012637522780873e-05,0.00046909769333355883,2.2005264589086558e-07,0.010579328882410968,0.283735083628184,-0.001953125,0.001953125,0.001953125,0.0004699940202033361,4.155637978447063,12.372754132799457,0.4438719446826758,0.23492599516238183,6020.053686658872,5194.941910795189,12643.351334691251,0.34944780041879825,0.29548134648370494,0.912310632358023,0.17693839666992975
train,340,nips4b_birds_trainfile340.wav,2.5483900226757368,2.5484,-9.977324263221732e-06,44100,1,PCM_16,112384,-7.720634443070188e-06,0.0025563731391686443,6.535043626662949e-06,-0.2079314115317188,1.0128781816832122,-0.01611328125,0.01171875,0.01611328125,0.0025563847978853174,6.303151725565402,15.99115522638581,0.0781694903189066,0.04994527642081098,310.06899512856694,1406.8056851105175,236.6199814920273,0.015643219699550542,25.898704441913438,0.5555897497582302,0.9724648171458978
train,341,nips4b_birds_trainfile341.wav,5.00390022675737,5.0039,2.2675737021415898e-07,44100,1,PCM_16,220672,9.611975012688515e-06,0.0006282479330646308,3.9469546539998084e-07,-0.11032751406199619,1.5349490630333102,-0.00439453125,0.00341796875,0.00439453125,0.0006283214587005806,6.9940811174716915,16.894613299144382,0.34423488254060325,0.24480788141622598,4581.8989545660825,6140.665829736425,13492.675101508119,0.24026614010574102,16104.237964037122,0.8056151667831829,0.5735206568106302
train,342,nips4b_birds_trainfile342.wav,5.00390022675737,5.0039,2.2675737021415898e-07,44100,1,PCM_16,220672,1.1123250089499347e-05,0.0011152114000711907,1.2436964668487454e-06,-0.03708280435520999,0.9220169383346932,-0.00634765625,0.00537109375,0.00634765625,0.0011152668709960404,5.69160298317741,15.104691966583744,0.18933530307424595,0.09707211187695709,775.2338469863965,2755.0950230561593,339.5351471867749,0.05144045001960192,18.785346577726216,0.6076526233000387,0.9232365250673731
train,343,nips4b_birds_trainfile343.wav,4.342131519274377,4.3421,3.151927437627933e-05,44100,1,PCM_16,191488,3.5316548882958723e-06,0.0018075784332873335,3.2673397924854913e-06,0.011347500559036116,1.1953956141928783,-0.01025390625,0.00927734375,0.01025390625,0.0018075818833656586,5.672720192850993,15.075827250008235,0.11905184659090909,0.10518207502336974,751.9004873044121,2328.905310139031,247.1136572526738,0.03052552588633695,20.266544117647058,0.594353107520647,0.9076496519815058
train,344,nips4b_birds_trainfile344.wav,2.1710657596371883,2.1711,-3.424036281174381e-05,44100,1,PCM_16,95744,9.597941515917447e-06,0.0006503977150961201,4.2301718780225376e-07,-0.006417889820595227,0.01916270812285914,-0.00244140625,0.0029296875,0.0029296875,0.000650468529818005,4.503965012449871,13.071900163690955,0.30144969919786097,0.2061560636286726,4313.624279063467,4461.3023141688855,7896.582553475935,0.24791458031365232,12.896891711229946,0.884789244615925,0.3226925934682816
train,345,nips4b_birds_trainfile345.wav,5.00390022675737,5.0039,2.2675737021415898e-07,44100,1,PCM_16,220672,1.0200553593115575e-05,0.0006397890168621989,4.09329986097499e-07,-0.01306985161460543,-0.10442462451356649,-0.00244140625,0.00244140625,0.00244140625,0.0006398703285753332,3.815470324176109,11.630961601281125,0.30131144866589327,0.11096609885304368,1493.1073327307267,3928.889558748126,1453.6660745359627,0.09822447166102383,41.367731293503475,0.6742895898516462,0.8620847535867682
train,346,nips4b_birds_trainfile346.wav,5.00390022675737,5.0039,2.2675737021415898e-07,44100,1,PCM_16,220672,9.291133305312863e-06,0.0003950899118386479,1.5609603843667055e-07,0.07729536384943307,1.160041115390479,-0.00244140625,0.00341796875,0.00341796875,0.0003951991442232228,8.648725079397963,18.739041844578356,0.5151673071345708,0.26210512482383275,7055.1137778732555,5818.90620927962,14369.591067285382,0.43625343933196725,21.183475928074245,0.9392063299443852,0.20850215788072066
train,347,nips4b_birds_trainfile347.wav,3.657142857142857,3.6571,4.28571428572333e-05,44100,1,PCM_16,161280,9.352063375806052e-06,0.000410099783085066,1.6818183208641818e-07,-0.005391085607990601,0.25447917266402476,-0.001953125,0.00244140625,0.00244140625,0.00041020640313847284,5.951653195369205,15.492752336087197,0.482874503968254,0.217430663632587,5580.950112515867,5411.774921337806,12447.421875,0.3529095090664271,13.671875,0.9139437173615858,0.29782533080628704
train,348,nips4b_birds_trainfile348.wav,2.8676643990929707,2.8677,-3.560090702947605e-05,44100,1,PCM_16,126464,9.231721823997343e-06,0.0007629342569645137,5.820686804499947e-07,0.027682098131423485,6.848868312262873,-0.00634765625,0.00732421875,0.00732421875,0.0007629901081520195,9.599362654568923,19.64484798414045,0.3298567181174089,0.2306445363465994,5202.485904879814,5123.386274643688,11009.656503036436,0.3362461847070784,94.15327682186233,0.9140530243443015,0.3728365996161536
train,349,nips4b_birds_trainfile349.wav,5.00390022675737,5.0039,2.2675737021415898e-07,44100,1,PCM_16,220672,1.0769217860671042e-05,0.008925699738680364,7.96681158250787e-05,0.01497747545270474,2.273897113594752,-0.0654296875,0.0625,0.0654296875,0.00892570623542653,7.33047736215053,17.30264513810899,0.15535727233178653,0.14180839349076227,2041.9125807060982,2151.919896607737,3226.483196780742,0.04715074781545275,1086.5524398201856,0.7969700775698914,0.7377234423119818
train,350,nips4b_birds_trainfile350.wav,5.00390022675737,5.0039,2.2675737021415898e-07,44100,1,PCM_16,220672,9.6518036384317e-06,0.00037137551442082095,1.3791977271132938e-07,0.005132731790697692,0.2492090341789357,-0.001953125,0.001953125,0.001953125,0.0003715009152408702,5.25738947031571,14.41540301970521,0.5317212877030162,0.254505576174486,7170.882275173006,5994.603114317597,14719.717952436195,0.4396213184871811,42.16710774361949,0.9374270499167765,0.2385040807269983
train,351,nips4b_birds_trainfile351.wav,2.594829931972789,2.5948,2.9931972788777017e-05,44100,1,PCM_16,114432,1.0099987055631292e-05,0.0006685163233726398,4.4691407461567196e-07,-0.010115764481366158,0.35706609324761374,-0.00390625,0.00390625,0.00390625,0.0006685926146422766,5.84249648358739,15.331969193526447,0.298185822147651,0.2132726271727067,4355.8336225763,4541.703820067058,8602.490562080537,0.26314750459411357,96.73080956375838,0.8913055810406426,0.40350363614091006
train,352,nips4b_birds_trainfile352.wav,2.5425850340136056,2.5426,-1.4965986394610553e-05,44100,1,PCM_16,112128,-4.0498498367936645e-06,0.0016220828383372882,2.6311527344283528e-06,-0.12935291799289098,0.36459842582506896,-0.00830078125,0.00634765625,0.00830078125,0.0016220878939539785,5.11734369077013,14.180891720300032,0.123519549086758,0.12612484058255372,1339.3594692924999,2993.887420318595,4987.05051369863,0.04882850174346947,38.15014982876712,0.6405474367954679,0.8273818038883423
train,353,nips4b_birds_trainfile353.wav,3.0011791383219957,3.0012,-2.0861678004191475e-05,44100,1,PCM_16,132352,8.990732336874396e-06,0.0003704855239100953,1.372595234269378e-07,-0.008247612575003881,-0.0008912352736989426,-0.00146484375,0.00146484375,0.00146484375,0.00037059459884743477,3.9526851026855963,11.937844338397984,0.5245179521276596,0.25588775302037764,7088.050237628812,6218.476549893646,14798.516833897485,0.445938481304041,12.99489240812379,0.9317460747412818,0.3034666993354085
train,354,nips4b_birds_trainfile354.wav,2.4961451247165534,2.4961,4.512471655315764e-05,44100,1,PCM_16,110080,1.4699891556140988e-05,0.004203636500518255,1.767055982848936e-05,0.0573588346332965,0.9029271485568691,-0.0263671875,0.03076171875,0.03076171875,0.0042036622028061585,7.317837938896466,17.287655747115807,0.14312318313953487,0.22261285077081006,2320.1193677144292,5476.387390630354,1591.2536337209303,0.02966833204492551,63.698219476744185,0.593154162467428,0.8628893417939723
train,355,nips4b_birds_trainfile355.wav,2.5774149659863945,2.5774,1.4965986394610553e-05,44100,1,PCM_16,113664,9.472305710251266e-06,0.001211369741860212,1.4674166514944767e-06,-0.016588049626143898,-0.09122088111961268,-0.0048828125,0.00439453125,0.0048828125,0.0012114067756414215,4.030696045442395,12.107600985317204,0.16205658783783783,0.06712826513465243,548.2502005908035,2216.49636429376,381.38988597972974,0.03262208415546826,31.03885135135135,0.6002204753112887,0.9574606226214395
train,356,nips4b_birds_trainfile356.wav,5.00390022675737,5.0039,2.2675737021415898e-07,44100,1,PCM_16,220672,9.483638329738253e-06,0.001777737319262831,3.160349976299797e-06,0.00842362280711845,4.765144777076865,-0.015625,0.0166015625,0.0166015625,0.0017777626151136618,9.338458553949607,19.405503912693426,0.17628879060324826,0.2490585532308278,5880.848110179022,1687.7926429948327,7045.304343097448,0.047956651347285266,6235.136310904872,0.801865284127209,0.03209764506690082
train,357,nips4b_birds_trainfile357.wav,5.00390022675737,5.0039,2.2675737021415898e-07,44100,1,PCM_16,220672,9.392917571101e-06,0.0022188006439984504,4.923076297807939e-06,0.11511008424898736,4.349483835801699,-0.013671875,0.01953125,0.01953125,0.0022188205255739895,8.802537102430778,18.892157285686796,0.13698611513921113,0.11319113068776596,581.1531314286073,2179.9663034339824,337.3368619489559,0.027255103085120053,70.94465994779581,0.6500594211519419,0.9566343752976935
train,358,nips4b_birds_trainfile358.wav,5.00390022675737,5.0039,2.2675737021415898e-07,44100,1,PCM_16,220672,1.078470677068228e-05,0.0025338358829338496,6.420324281643161e-06,0.028057269005786797,11.067558519240771,-0.02294921875,0.0244140625,0.0244140625,0.0025338588341782754,9.635131275147545,19.677152722712265,0.12822197650812064,0.33921539305119386,7207.391787338642,3512.3849935284966,8305.321472592806,0.1668431067225278,7653.62982163573,0.8155500645678161,0.10571939364858204
train,359,nips4b_birds_trainfile359.wav,4.9458503401360545,4.9459,-4.965986394545041e-05,44100,1,PCM_16,218112,9.740462325548342e-06,0.0005076254772666035,2.57683625170147e-07,-0.061411555191914824,12.405729021444216,-0.00634765625,0.0068359375,0.0068359375,0.0005077189200497283,13.464019618040739,22.583494715327767,0.4769522080399061,0.24622783811912283,6648.6010818668965,5970.4990536230325,14036.009022887323,0.42651570317569354,14.962037852112676,0.935342394350985,0.32048958887943624
train,360,nips4b_birds_trainfile360.wav,3.3436734693877552,3.3437,-2.6530612244890506e-05,44100,1,PCM_16,147456,9.414222505357531e-06,0.001136714488257331,1.2921198278141263e-06,0.03526587480898765,0.23924540936267213,-0.0048828125,0.005859375,0.005859375,0.001136753471690105,5.154481728820572,14.243700090242392,0.17674424913194445,0.1331796141195619,2281.8681334344747,2846.656146509536,2801.11083984375,0.09515239284729231,1268.365478515625,0.8130129759135853,0.7072042859290051
train,361,nips4b_birds_trainfile361.wav,2.6354648526077096,2.6355,-3.514739229038e-05,44100,1,PCM_16,116224,1.0108107512217786e-05,0.0004246120807746779,1.802954191398016e-07,-0.12685343263546123,0.6246032576824394,-0.0029296875,0.001953125,0.0029296875,0.000424732378065624,6.897725841723664,16.77411857652553,0.4702040886563877,0.2286122368205949,5679.97944855188,6112.569902454266,13492.116946585902,0.37254163819679753,49.32716134361233,0.8959085111733375,0.42581905058668407
train,362,nips4b_birds_trainfile362.wav,5.00390022675737,5.0039,2.2675737021415898e-07,44100,1,PCM_16,220672,4.984109971473499e-05,0.018168687625656217,0.0003301012100386734,-0.3597908895834051,48.17133097351505,-0.23193359375,0.236328125,0.236328125,0.018168755988616673,13.007391653455382,22.283804341559552,0.5280053654292344,0.03844637492012997,74.30677858633408,511.90342449169157,54.157754495359626,0.0020495849900508153,29.976616879350345,0.48562693740694857,0.9946892931225311
train,363,nips4b_birds_trainfile363.wav,5.00390022675737,5.0039,2.2675737021415898e-07,44100,1,PCM_16,220672,8.718043634897042e-06,0.0019202962964889965,3.6875378663093557e-06,0.01196988439495513,0.6436800592788399,-0.009765625,0.01025390625,0.01025390625,0.001920316086115558,5.339697107230791,14.550332449975167,0.1142510150812065,0.2716396807917669,3840.59303418915,4772.390149912658,10870.52050101508,0.0694189599688195,607.925790313225,0.7408187017634837,0.6701261262363549
train,364,nips4b_birds_trainfile364.wav,5.00390022675737,5.0039,2.2675737021415898e-07,44100,1,PCM_16,220672,9.432746196844185e-06,0.0003797795799215102,1.4423252932535875e-07,-0.0086809455002427,0.01688071277632197,-0.00146484375,0.00146484375,0.00146484375,0.00037989670441604634,3.8559001248817544,11.722515526532469,0.5121900377030162,0.2542019567591573,7065.386195516229,5824.976852881281,14108.994344547562,0.4312506506253856,11.391114414153131,0.9362443929249955,0.25174190899967647
train,365,nips4b_birds_trainfile365.wav,2.5483900226757368,2.5484,-9.977324263221732e-06,44100,1,PCM_16,112384,5.70901162532033e-06,0.0014531025164748058,2.111506923385413e-06,-0.004635983598848486,-0.00888698694416723,-0.00634765625,0.005859375,0.00634765625,0.00145311373133666,4.368313445198161,12.806275866076277,0.1340760250569476,0.06872925620423018,688.5145744497723,2202.029155082972,533.277868735763,0.034199726239840134,62.39233342824601,0.6367244303375637,0.9334048482122479
train,366,nips4b_birds_trainfile366.wav,5.00390022675737,5.0039,2.2675737021415898e-07,44100,1,PCM_16,220672,9.862010274298507e-06,0.0007732031853623423,5.978431658544728e-07,0.10328446254779922,1.4110717508230657,-0.0048828125,0.00537109375,0.00537109375,0.0007732660765229024,6.945983941455009,16.834675498453873,0.2746021244199536,0.2076938066170906,2788.083186440708,5038.471349245811,7623.053672418793,0.15679302402654832,16260.316215922272,0.7728828418288602,0.7325768673981473
train,367,nips4b_birds_trainfile367.wav,5.00390022675737,5.0039,2.2675737021415898e-07,44100,1,PCM_16,220672,-0.0007228807064330771,0.11643316943743559,0.013556682945246585,0.5580403209589107,12.227727087532372,-1.0,0.99853515625,1.0,0.11643541343492674,8.588452348811202,18.678298208109066,0.31141241299303946,0.053473270162368414,401.73573219524235,1654.4474735081092,243.6099731728538,0.02254652210178114,14.188931989559164,0.5916593861853482,0.9560435528444577
train,368,nips4b_birds_trainfile368.wav,2.618049886621315,2.618,4.988662131522048e-05,44100,1,PCM_16,115456,6.990792217381513e-06,0.0035771847909288976,1.279625102845302e-05,3.8726864228698363,98.91743017868608,-0.044921875,0.05615234375,0.05615234375,0.0035771916218772576,15.69732619482433,23.91651366254645,0.5168895509977827,0.07348317526308952,638.0615898002823,2200.2005070817695,478.2185421286031,0.03689412318733398,53.85688054323725,0.643166190266029,0.9392804375828785
train,369,nips4b_birds_trainfile369.wav,1.7240816326530612,1.7241,-1.836734693871911e-05,44100,1,PCM_16,76032,1.0230324485085227e-05,0.0003881411781782384,1.50653574197591e-07,0.0017416179247814899,-0.035230637282247734,-0.00146484375,0.00146484375,0.00146484375,0.00038827597625485554,3.7726870565860344,11.533015641605333,0.4990004208754209,0.2508450500453762,6492.165030221644,6238.21945184801,14430.291193181816,0.40864832020645053,20.300662878787875,0.9120596827167625,0.36086018821935006
train,370,nips4b_birds_trainfile370.wav,5.00390022675737,5.0039,2.2675737021415898e-07,44100,1,PCM_16,220672,9.209263352396317e-06,0.001483880388688469,2.2019010079342418e-06,-0.005600936638218749,0.3849705178490086,-0.00732421875,0.00732421875,0.00732421875,0.0014839089656935613,4.935760157346814,13.867080958625523,0.13597103393271462,0.3217731373855196,5939.483637190075,4679.341352113112,11559.183312790023,0.314923539014566,18.385658352668212,0.9133749372229063,0.17515950422906
train,371,nips4b_birds_trainfile371.wav,5.00390022675737,5.0039,2.2675737021415898e-07,44100,1,PCM_16,220672,2.886026475379749e-05,0.0006251357534710926,3.9079471026787063e-07,-0.007427096108697605,2.7331071619105645,-0.00537109375,0.005859375,0.005859375,0.0006258015860874195,9.362991609902203,19.428292684350957,0.3668521606728538,0.2266269695610207,5293.843606485776,4892.461436553905,11152.900232018561,0.30699945321393024,0.1998441125290023,0.9039475529362275,0.27993215203633104
train,372,nips4b_birds_trainfile372.wav,5.00390022675737,5.0039,2.2675737021415898e-07,44100,1,PCM_16,220672,9.147307712351363e-06,0.010916203937587039,0.00011916350840699075,1.0146711772021688,22.62229676468994,-0.08837890625,0.11279296875,0.11279296875,0.010916207770110879,10.332614688668054,20.284204690164668,0.44809037848027844,0.03911705661369188,57.755308125230165,349.7293436325798,65.34902479698376,0.0009402897848925939,27.77833164153132,0.49145183097600587,0.9981451998451589
train,373,nips4b_birds_trainfile373.wav,5.00390022675737,5.0039,2.2675737021415898e-07,44100,1,PCM_16,220672,9.928391317203813e-06,0.00042168159907137847,1.778153709953948e-07,0.020275369268422567,1.2627732652236974,-0.0029296875,0.00244140625,0.0029296875,0.0004217984636642745,6.945704530426764,16.83432609048086,0.502012035962877,0.24757670921870115,7035.118007135897,5949.12731055814,14578.22832076566,0.4377718988609352,9.992205626450115,0.9384764019571422,0.2331628451868244
train,374,nips4b_birds_trainfile374.wav,5.00390022675737,5.0039,2.2675737021415898e-07,44100,1,PCM_16,220672,1.0660795490592372e-05,0.0007967622596245275,6.34830098361983e-07,-0.3633252854275594,2.843545856888568,-0.005859375,0.0048828125,0.005859375,0.0007968335779336079,7.353323406871042,17.329673342366412,0.27450696055684454,0.3760711647656466,6539.9479005689445,5778.144734615571,12502.847212151972,0.20198923419532436,14.588620214617169,0.7901982890421023,0.3935802408177513
train,375,nips4b_birds_trainfile375.wav,5.00390022675737,5.0039,2.2675737021415898e-07,44100,1,PCM_16,220672,8.501198894739705e-06,0.0005280800739473795,2.788685645002697e-07,0.0014878765570854962,0.3524760179068207,-0.00341796875,0.00341796875,0.00341796875,0.0005281484969995822,6.471605560590478,16.220240789886283,0.37605133410672853,0.27146747873531185,6007.018162056526,6305.152538235465,15320.849042923433,0.32294936694568954,16262.314657047562,0.8692172756661879,0.4212475904801684
train,376,nips4b_birds_trainfile376.wav,5.00390022675737,5.0039,2.2675737021415898e-07,44100,1,PCM_16,220672,1.2676566493483542e-05,0.0005280464753743215,2.788330801552439e-07,0.38817030009727904,22.68088554095049,-0.0078125,0.01025390625,0.01025390625,0.0005281986136798426,19.41297456001126,25.761841708306136,0.42994127030162416,0.29269817964299794,6500.002123363184,5221.355334587845,13198.304723752899,0.3797299109588809,21.783008265661252,0.9273243223916562,0.15990098217526388
train,377,nips4b_birds_trainfile377.wav,5.00390022675737,5.0039,2.2675737021415898e-07,44100,1,PCM_16,220672,9.833245155706207e-06,0.0020304762425728067,4.122833771652584e-06,0.000208949622607405,0.9219383680491222,-0.01220703125,0.01171875,0.01220703125,0.002030500052785736,6.011834982842091,15.58014102504172,0.10439022621809745,0.3878035627699154,7627.135460647848,3696.3006552562397,11578.768035817864,0.13360479488166593,11932.891803219256,0.891641667866964,0.08944832839495119
train,378,nips4b_birds_trainfile378.wav,5.00390022675737,5.0039,2.2675737021415898e-07,44100,1,PCM_16,220672,-5.434394712514501e-06,0.00857104874934726,7.346287666368725e-05,0.8773005974587795,27.128855834425263,-0.10400390625,0.1640625,0.1640625,0.008571050472161107,19.141469360480063,25.63950545111027,0.3857172636310905,0.0817687870177776,623.0502284759364,2186.943745046482,421.87092154872386,0.03665350852408156,32.77443445475638,0.6454055680732328,0.9392517300252446
train,379,nips4b_birds_trainfile379.wav,5.00390022675737,5.0039,2.2675737021415898e-07,44100,1,PCM_16,220672,1.0645306580581133e-05,0.001760232817563213,3.098419572026527e-06,-0.05485279425745365,2.647465086809169,-0.0107421875,0.0107421875,0.0107421875,0.0017602650069176292,6.102596744117788,15.710293459788542,0.15162775522041763,0.12601565226060515,915.376295693296,2787.1425357401135,725.2342843677494,0.04867695400252757,99.52236803944315,0.6665715794389797,0.9110649693512937
train,380,nips4b_birds_trainfile380.wav,5.00390022675737,5.0039,2.2675737021415898e-07,44100,1,PCM_16,220672,1.8303466230423433e-05,0.002806690378248859,7.877510879354724e-06,-0.0674216622553049,2.021982264212797,-0.01708984375,0.01611328125,0.01708984375,0.0028067500594514596,6.088837049259731,15.690687030591931,0.08209469257540604,0.05901998903344798,355.07254369614907,1720.5316727212185,149.88308439675174,0.020723450068621408,53.75806627030162,0.5601030258208806,0.969994964900389
train,381,nips4b_birds_trainfile381.wav,3.0011791383219957,3.0012,-2.0861678004191475e-05,44100,1,PCM_16,132352,1.0049550630137814e-05,0.0007519913735917119,5.654910259563495e-07,0.010243200188488675,5.07710866953412,-0.005859375,0.005859375,0.005859375,0.0007520585212762483,7.791115763247522,17.831993146063112,0.3295832325918762,0.22420684392259976,5091.052925257866,5156.440461131996,11069.982319874274,0.33499946501176403,93.96306818181817,0.9125812767496824,0.3735161740034998
train,382,nips4b_birds_trainfile382.wav,5.00390022675737,5.0039,2.2675737021415898e-07,44100,1,PCM_16,220672,7.799772541373622e-06,0.0020498481764766887,4.201877546604806e-06,-0.009084744901160258,16.495687035483247,-0.0244140625,0.0224609375,0.0244140625,0.002049863015680927,11.910094632294292,21.51830424413069,0.15205825841067286,0.1983767690362576,4780.756967737626,3080.9887848635126,7252.342843677494,0.11824644292178477,55.15697505800463,0.8626304226806337,0.2091737680596282
train,383,nips4b_birds_trainfile383.wav,5.00390022675737,5.0039,2.2675737021415898e-07,44100,1,PCM_16,220672,9.667292548442938e-06,0.0018294893434220663,3.3470312576949034e-06,-0.03727889748236641,5.51023741430649,-0.01708984375,0.017578125,0.017578125,0.0018295148849463128,9.60807979461497,19.652732024069067,0.13159349622969838,0.32456009172025324,6084.893706976371,4981.93797954472,12363.955553944315,0.33476290194758124,9.192829176334106,0.9109511173469519,0.2017408037115243
train,384,nips4b_birds_trainfile384.wav,5.00390022675737,5.0039,2.2675737021415898e-07,44100,1,PCM_16,220672,9.746949799929307e-06,0.0017660233276202788,3.1188383936990024e-06,-0.0032002765390911903,3.6534388606828445,-0.01416015625,0.01416015625,0.01416015625,0.0017660502248603817,8.017980491534127,18.081299904767018,0.13414479408352667,0.32486824276864656,6261.196777640618,5129.412460375246,12848.377682714616,0.35130470119735735,24.780669953596284,0.9199323926308354,0.2135989937486795
train,385,nips4b_birds_trainfile385.wav,5.00390022675737,5.0039,2.2675737021415898e-07,44100,1,PCM_16,220672,9.078713968015878e-06,0.0015613107154918873,2.437691150309789e-06,0.020850733177686022,9.866497901532322,-0.01416015625,0.015625,0.015625,0.0015613371107346106,10.007448034491683,20.006466872585857,0.23232217952436196,0.22117088335123328,4665.666920997896,1856.669674897214,5689.362039588166,0.061020785423329386,4840.624093677494,0.8091092414548693,0.04894800865270718
train,386,nips4b_birds_trainfile386.wav,5.00390022675737,5.0039,2.2675737021415898e-07,44100,1,PCM_16,220672,2.83801085434491e-05,0.0005185973251813855,2.6894318568528765e-07,-0.03789115421800431,1.7325441899277507,-0.00390625,0.00390625,0.00390625,0.0005193732918106453,7.521083701439451,17.52560843855161,0.423896099187935,0.23277186399662847,5599.097037990849,4453.339981067556,10174.263612964036,0.2939270882649101,0.1998441125290023,0.9081408542885654,0.15460515752736417
train,387,nips4b_birds_trainfile387.wav,5.00390022675737,5.0039,2.2675737021415898e-07,44100,1,PCM_16,220672,9.439384301134715e-06,0.0003730268422407837,1.3914902503213054e-07,-0.0044610933664091705,0.0034328363074429546,-0.00146484375,0.00146484375,0.00146484375,0.00037314625417939686,3.925655781327366,11.878244321866758,0.5211490356728539,0.2560191416180649,7083.579018722635,6221.898945600459,14871.199789733177,0.44274633543202063,14.988308439675173,0.9355444870768896,0.3029165438540405
train,388,nips4b_birds_trainfile388.wav,5.00390022675737,5.0039,2.2675737021415898e-07,44100,1,PCM_16,220672,1.2185346775984267e-05,0.002936971797586197,8.625803339816699e-06,0.004342138179364174,0.003011874949118365,-0.01318359375,0.013671875,0.013671875,0.002936997075669765,4.655052302659242,13.358491298736872,0.06511474042923433,0.15333686800712373,1573.3946645470728,3624.5454456767616,2670.716719837587,0.10392724438360847,41.167887180974475,0.7283437370384629,0.8320453518551308
train,389,nips4b_birds_trainfile389.wav,5.00390022675737,5.0039,2.2675737021415898e-07,44100,1,PCM_16,220672,1.0574500134815473e-05,0.003894114882023064,1.5164130714393503e-05,0.28059493775957794,6.414087450683505,-0.02783203125,0.03076171875,0.03076171875,0.003894129239566479,7.899511510158456,17.952004724538124,0.2604997462296984,0.0861236863928654,517.9240030520285,1673.0997889935388,486.4205698955916,0.019645628260218206,96.32486223897911,0.6626108085155317,0.9546996610876906
train,390,nips4b_birds_trainfile390.wav,2.043356009070295,2.0434,-4.399092970519547e-05,44100,1,PCM_16,90112,8.73478976162997e-06,0.0003539293203687225,1.252659638166658e-07,-0.01816443672568346,-0.012472515754817781,-0.00146484375,0.00146484375,0.00146484375,0.0003540370889735222,4.137543199914721,12.334850825157739,0.5475963245738636,0.25612855256295014,7539.418746813506,6227.052067682975,15165.737082741476,0.4626950299894253,23.490767045454547,0.9370211519667588,0.26136669901668846
train,391,nips4b_birds_trainfile391.wav,5.00390022675737,5.0039,2.2675737021415898e-07,44100,1,PCM_16,220672,1.0200553593115575e-05,0.002171313168958106,4.714600877690892e-06,0.025429605007584975,8.11278051725442,-0.02294921875,0.0244140625,0.0244140625,0.0021713371292787532,11.243791749699204,21.01825586571973,0.11769504060324826,0.3095966393409193,5716.733832727884,4312.982168202668,9787.964943445475,0.2508452067799716,3689.3221613979117,0.8780043153390222,0.13759761660254852
train,392,nips4b_birds_trainfile392.wav,2.6006349206349206,2.6006,3.492063492060993e-05,44100,1,PCM_16,114688,1.0068927492414201e-05,0.0006487104421464629,4.2082523774985945e-07,0.031162086240520158,0.22246607296500542,-0.0029296875,0.00390625,0.00390625,0.0006487885796241384,6.020836560136433,15.593136762730317,0.3048182896205357,0.20600416786558198,4318.395143448843,4503.162731042591,8151.85546875,0.24953867300453833,2107.94677734375,0.8858023279734965,0.33003753328855623
train,393,nips4b_birds_trainfile393.wav,5.00390022675737,5.0039,2.2675737021415898e-07,44100,1,PCM_16,220672,9.970432644377175e-06,0.0005563849981010544,3.095642661119103e-07,0.0706135212582511,0.4718859478247688,-0.0029296875,0.0029296875,0.0029296875,0.0005564743261274741,5.264730756561234,14.427523316965056,0.365257033062645,0.2843327850057325,6190.703263102945,5629.827177027504,14092.806971432714,0.3279326736092989,16207.557370214616,0.8964872879472396,0.28841310901230627
train,394,nips4b_birds_trainfile394.wav,2.5483900226757368,2.5484,-9.977324263221732e-06,44100,1,PCM_16,112384,8.876339992792569e-06,0.0013516468123609387,1.8269491053654868e-06,0.009410358709230918,-0.011927458911475064,-0.005859375,0.00537109375,0.005859375,0.001351675957756575,4.334896220041536,12.739574093440417,0.14290290432801822,0.16061148038404385,2271.927967233284,3387.798799512369,6568.068408314351,0.05831745469848269,33.35439208428246,0.7079664136642716,0.6790740185178518
train,395,nips4b_birds_trainfile395.wav,5.00390022675737,5.0039,2.2675737021415898e-07,44100,1,PCM_16,220672,9.826607051415675e-06,0.0007958863480206996,6.334350789657262e-07,0.001898638599812772,1.4217829913902458,-0.005859375,0.005859375,0.005859375,0.0007959470090225034,7.361513936959013,17.339342772765974,0.2839780307424594,0.2338821140974573,5045.996532963833,3571.44863120122,7124.042923433874,0.19818253916028483,3783.0490501740137,0.855394497383472,0.13118157751971413
train,396,nips4b_birds_trainfile396.wav,5.00390022675737,5.0039,2.2675737021415898e-07,44100,1,PCM_16,220672,9.333174632486223e-06,0.000404761840478231,1.6383214750732492e-07,-0.006610071184680833,2.052553098178673,-0.00341796875,0.00341796875,0.00341796875,0.0004048694303797774,8.442150712129246,18.5290620211909,0.5154120142111369,0.26428484032790894,7653.9557878175065,6114.797629669378,15097.623169228536,0.4719682020205693,41.76741951856148,0.9453987528686439,0.2376633930444607
train,397,nips4b_birds_trainfile397.wav,4.77750566893424,4.7775,5.668934240254941e-06,44100,1,PCM_16,210688,9.395372244741039e-06,0.0005130841547533473,2.6325534985895685e-07,-0.019261173183037834,0.05047077300860536,-0.00244140625,0.00244140625,0.00244140625,0.0005131701695135582,4.757498379756263,13.547572981060156,0.3823758353584447,0.2705577467997551,5948.131920005846,6200.122689218315,14635.670754860268,0.3360167867988833,16533.31371506683,0.882639190585885,0.4129353820274381
train,398,nips4b_birds_trainfile398.wav,3.912562358276644,3.9126,-3.764172335607441e-05,44100,1,PCM_16,172544,9.819732575459013e-06,0.0007871998136636967,6.196835466321587e-07,-0.004028243950992437,0.3784203305463838,-0.00439453125,0.00439453125,0.00439453125,0.0007872610582138636,5.582050838346182,14.935875749869425,0.25530879080118696,0.2272419049164556,4629.460958644369,3953.9893307021403,7513.234885014837,0.24361480289275267,2751.393847366469,0.9004735082453461,0.21315726500022636
train,399,nips4b_birds_trainfile399.wav,2.583219954648526,2.5832,1.9954648525999374e-05,44100,1,PCM_16,113920,9.888209653704354e-06,0.00091301423040897,8.335949849292837e-07,0.06445181352713449,3.680593020440953,-0.0078125,0.009765625,0.009765625,0.0009130677749320909,10.695399912373773,20.583940558871085,0.22801088483146068,0.21287932653903213,4062.072776428372,3897.7196901295556,6802.363061797752,0.21766241972327657,1568.5849719101122,0.8821971828808514,0.32820427099859717
train,400,nips4b_birds_trainfile400.wav,5.00390022675737,5.0039,2.2675737021415898e-07,44100,1,PCM_16,220672,1.0154086863081858e-05,0.00081200767837225,6.593564697354914e-07,0.03394646032937721,1.746656490970091,-0.01171875,0.01171875,0.01171875,0.0008120711638862166,14.430693418442788,23.185744003114394,0.2543322215777262,0.24607673867431606,4878.556930681988,4543.858743138614,9751.993003190255,0.2706159855871436,72.14372462296983,0.9046632603739285,0.4037608903092602
train,401,nips4b_birds_trainfile401.wav,5.00390022675737,5.0039,2.2675737021415898e-07,44100,1,PCM_16,220672,9.886349990030452e-06,0.0003861874678865096,1.491407603525939e-07,-0.014129265372589779,0.5688847855798795,-0.00244140625,0.00244140625,0.00244140625,0.00038631399181070225,6.3197458589496645,16.013992279967333,0.5187744707076566,0.2658255955698755,7084.352224925771,5630.814730896264,14200.123259860788,0.4227346422032406,17.786126015081205,0.9337294486948903,0.1982330443972921
train,402,nips4b_birds_trainfile402.wav,5.00390022675737,5.0039,2.2675737021415898e-07,44100,1,PCM_16,220672,2.8521721434980423e-05,0.0005632144190311067,3.17210481804547e-07,0.09422096417902229,6.145206893453484,-0.0078125,0.009765625,0.009765625,0.0005639361403547051,17.316898671997876,24.76940231455073,0.435551406612529,0.2285619768796081,6247.771019531598,5319.486424483063,13014.647984338746,0.37129862475239406,0.1998441125290023,0.9209612916394851,0.18404051435447852
train,403,nips4b_birds_trainfile403.wav,5.00390022675737,5.0039,2.2675737021415898e-07,44100,1,PCM_16,220672,7.888280598580698e-06,0.00815124736960072,6.644283368042265e-05,0.034309337014069206,1.6009502315942434,-0.04150390625,0.0458984375,0.0458984375,0.008151251186498516,5.630845676308537,15.011472497287052,0.08238471577726218,0.15674012443864396,986.9211155804917,3205.62509982447,653.0905597447795,0.007965697408924567,189.05253045243617,0.6798720058994105,0.960081907278265
train,404,nips4b_birds_trainfile404.wav,2.583219954648526,2.5832,1.9954648525999374e-05,44100,1,PCM_16,113920,1.1066908247015449e-05,0.001043835191662432,1.0895919073529458e-06,0.0253166706691119,0.0346836162234645,-0.00439453125,0.00439453125,0.00439453125,0.0010438938565826956,4.209749125630449,12.485124308158746,0.18432233146067414,0.07515866536749796,670.3607798568825,2544.682528676508,319.3688553370786,0.04305972400515517,89.81039325842696,0.598568322648141,0.9395110400940256
train,405,nips4b_birds_trainfile405.wav,2.6064399092970523,2.6064,3.990929705244284e-05,44100,1,PCM_16,114944,9.583471081570155e-06,0.0009196501923784424,8.457564763417062e-07,-0.02377879855603175,0.9498818824328272,-0.0068359375,0.00732421875,0.00732421875,0.0009197001246382853,7.963703117775034,18.022301228224098,0.21985488585746102,0.24870588030589075,5164.053519515759,3822.8065531935363,8705.360871380846,0.2524156919437953,4233.36059298441,0.9083280520488212,0.19987892171223232
train,406,nips4b_birds_trainfile406.wav,5.00390022675737,5.0039,2.2675737021415898e-07,44100,1,PCM_16,220672,8.937101076484557e-06,0.0019021669383890909,3.618239061500527e-06,0.011521093239201183,8.718076322216708,-0.017578125,0.01806640625,0.01806640625,0.0019021879332169517,9.497697853358982,19.552366988419394,0.210923905162413,0.2167616043793702,4832.906281439187,1844.992237888662,6629.428744924593,0.05303365826461697,4459.721215197215,0.8119864364502579,0.03816492945766118
train,407,nips4b_birds_trainfile407.wav,2.501950113378685,2.502,-4.988662131477639e-05,44100,1,PCM_16,110336,8.456944866136167e-06,0.001307320509732456,1.7090869151671286e-06,0.016676923722707584,-0.14597762614245102,-0.0048828125,0.005859375,0.005859375,0.001307347863073787,4.481879051091772,13.029202647942528,0.14688768851508122,0.08004712919744415,733.4404509675671,2457.4504964547223,556.3660092807424,0.043044505508611004,72.74325696055683,0.6165731304781973,0.9393078686106
train,408,nips4b_birds_trainfile408.wav,4.92843537414966,4.9284,3.537414966015007e-05,44100,1,PCM_16,217344,9.388468712041741e-06,0.0008909601852994648,7.938100517888566e-07,-0.016638818364052864,2.915814060411213,-0.0068359375,0.0068359375,0.0068359375,0.0008910096492932125,7.672125105965533,17.69831352138429,0.26066972173144876,0.21931233119999263,4625.707434425054,3206.938943371918,6797.086185954064,0.16884829485491024,4377.657078180212,0.8712650507668724,0.1974379482471262
train,409,nips4b_birds_trainfile409.wav,5.00390022675737,5.0039,2.2675737021415898e-07,44100,1,PCM_16,220672,8.591919653376958e-06,0.0012762562007335855,1.6288298899109258e-06,0.0019459665022742163,0.066335741403313,-0.00634765625,0.00634765625,0.00634765625,0.001276285121355826,4.973540899118799,13.933313872874004,0.15309146606728538,0.34174857593430946,6761.488140912295,5703.677483076104,13799.635658352667,0.4113569530202926,12.19049086426914,0.9334955776112869,0.27417226117715454
train,410,nips4b_birds_trainfile410.wav,4.27827664399093,4.2783,-2.3356009069885886e-05,44100,1,PCM_16,188672,7.655274431288162e-06,0.0022417073540877282,5.0252518613710036e-06,-0.043607458100977485,1.4199067097053,-0.01416015625,0.01171875,0.01416015625,0.002241720425164035,6.316646844560846,16.00973193476609,0.10321616350067843,0.05916648557541965,549.3620055890788,1496.7715222969823,1031.7238381953866,0.019355588118690665,65.21317418588873,0.6263684917014412,0.9580507067954698
train,411,nips4b_birds_trainfile411.wav,5.00390022675737,5.0039,2.2675737021415898e-07,44100,1,PCM_16,220672,9.395130272531177e-06,0.0006928397259770724,4.800268858919848e-07,0.08052627349274952,1.9404924438097968,-0.00390625,0.00390625,0.00390625,0.0006929034235482047,5.637510029892709,15.021746551106354,0.3322170461136891,0.1210217926234077,1651.3752876581393,3831.8008620776636,1444.2734012470996,0.0980562268296793,66.34824535962876,0.7123704471359766,0.8628578643803478
train,412,nips4b_birds_trainfile412.wav,5.00390022675737,5.0039,2.2675737021415898e-07,44100,1,PCM_16,220672,9.180498233804017e-06,0.0008126749586391931,6.604405883992143e-07,-0.02879303136179099,1.43038469842993,-0.0068359375,0.0068359375,0.0068359375,0.0008127268113868493,8.411113555285636,18.497069925236673,0.2564439530162413,0.2306782495207798,4701.758270276824,3820.9641452483816,7532.9239776682125,0.2339513405396492,1200.6634280742458,0.8976202399294354,0.189083340030299
train,413,nips4b_birds_trainfile413.wav,5.00390022675737,5.0039,2.2675737021415898e-07,44100,1,PCM_16,220672,2.809467005895628e-05,0.0003951190906117076,1.5611909576582284e-07,0.03838716513396515,0.7997722700137668,-0.001953125,0.001953125,0.001953125,0.00039611665737702127,4.930681312250467,13.858138668332096,0.5343904074825986,0.23110422302885292,7165.007305888437,5195.0342823917945,13722.096142691415,0.3668972709906118,0.1998441125290023,0.9121683774121631,0.04906388736936646
train,414,nips4b_birds_trainfile414.wav,5.00390022675737,5.0039,2.2675737021415898e-07,44100,1,PCM_16,220672,9.88856269146063e-06,0.0013020905454892864,1.6954397886525877e-06,-0.0031893968361039384,0.05840123289234844,-0.00634765625,0.00634765625,0.00634765625,0.0013021280936700087,4.874832423060102,13.75919382021448,0.15051751015081208,0.3400673400673401,6692.1783189338,5767.934407911509,13758.467771171692,0.4056869141283957,13.589399651972156,0.9309037786933715,0.27945971531270464
train,415,nips4b_birds_trainfile415.wav,1.933061224489796,1.9331,-3.877551020403658e-05,44100,1,PCM_16,85248,1.466882837427271e-05,0.0018699808494416598,3.4968283772785515e-06,-0.05152677634912905,0.07828155910023193,-0.009765625,0.00732421875,0.009765625,0.0018700383824415009,5.222152171684365,14.356990457206653,0.10437781531531531,0.06013114831020446,606.6426027325482,1881.6727797121182,880.9860641891892,0.02705715837988119,50.69679054054053,0.6153060933305966,0.962318379409323
train,416,nips4b_birds_trainfile416.wav,5.00390022675737,5.0039,2.2675737021415898e-07,44100,1,PCM_16,220672,2.7862336408787703e-05,0.0005073832239193329,2.574377359147759e-07,-0.008006850924291953,0.5998504270784686,-0.0029296875,0.0029296875,0.0029296875,0.0005081476613199478,5.765425530819012,15.216627338829099,0.4234384063225058,0.23088670464175176,5563.73953552431,4733.8328200411825,11039.588620214616,0.3074984544768753,0.1998441125290023,0.90773240119349,0.1832769895805926
train,417,nips4b_birds_trainfile417.wav,5.00390022675737,5.0039,2.2675737021415898e-07,44100,1,PCM_16,220672,9.324323826765517e-06,0.0008110251075373466,6.577617250559646e-07,-0.005018707998224931,0.7727585924588003,-0.00537109375,0.00634765625,0.00634765625,0.0008110787064587449,7.82619023215951,17.871008002836952,0.25415548868909515,0.22803630744411363,4648.70552498522,3924.366187211907,7486.759987674013,0.23860708867707325,2969.4836680684452,0.8955986969735663,0.1831635507141731
train,418,nips4b_birds_trainfile418.wav,5.00390022675737,5.0039,2.2675737021415898e-07,44100,1,PCM_16,220672,9.162796622362602e-06,0.0003070205416191133,9.426161297609369e-08,0.009769990023553122,0.14570945720218864,-0.0009765625,0.00146484375,0.00146484375,0.00030715723956637657,4.76903540371689,13.568610930043716,0.6284485571345708,0.1968088239959034,6707.062291699229,6216.237397111648,14390.774543213456,0.41581569846863403,22.38254060324826,0.9235331777969221,0.33977348922457395
train,419,nips4b_birds_trainfile419.wav,5.00390022675737,5.0039,2.2675737021415898e-07,44100,1,PCM_16,220672,9.647378235571345e-06,0.0003791777127937339,1.4377573787948736e-07,-0.010000592056048809,3.280994802758932,-0.00439453125,0.00390625,0.00439453125,0.00037930042154775883,11.585885489048083,21.278584635305826,0.53502030162413,0.2582758948842394,7413.882879655108,6128.8110003391985,14941.145229118329,0.46098144572845384,15.188152552204174,0.9415899453317308,0.2574074017743179
train,420,nips4b_birds_trainfile420.wav,2.6760997732426306,2.6761,-2.2675736932598056e-07,44100,1,PCM_16,118016,8.928543057720988e-06,0.001117928109112056,1.249763257142857e-06,-0.026893452364489808,10.613700959444015,-0.01220703125,0.01220703125,0.01220703125,0.0011179637632875183,10.918986509995309,20.763646588723876,0.22551179501084598,0.2454094818455281,4914.638505732054,4276.16723215676,9115.130999186551,0.2776476392454977,1016.7782334598697,0.9104257642180682,0.31640682029805395
train,421,nips4b_birds_trainfile421.wav,2.8792743764172335,2.8793,-2.5623582766698405e-05,44100,1,PCM_16,126976,9.332933733540197e-06,0.0003371350680443167,1.1366005410524605e-07,-0.006338574611613861,0.21479255684327248,-0.00146484375,0.001953125,0.001953125,0.0003372642254335919,5.791082637030457,15.25519524461901,0.5809208039314516,0.20632407954321716,6514.292846384651,5971.162568357031,13802.435893397176,0.40616583417170693,22.57513230846774,0.9228417671147459,0.31681189323287107
train,422,nips4b_birds_trainfile422.wav,4.684625850340136,4.6846,2.5850340136024386e-05,44100,1,PCM_16,206592,9.201125436851378e-06,0.000810037511641281,6.561607702659985e-07,-0.019614039349316215,3.2299274267241342,-0.00732421875,0.0068359375,0.00732421875,0.0008100897672328067,9.041243385926066,19.124563207989,0.26677218866171004,0.2087699851397205,3272.454774811157,3509.1089508681766,5382.286826208177,0.14969556485562283,1762.3605947955389,0.8130323281018957,0.6508343450069628
train,423,nips4b_birds_trainfile423.wav,4.794920634920635,4.7949,2.0634920634421405e-05,44100,1,PCM_16,211456,1.1083866147094431e-05,0.0018168693628487712,3.3010142816585e-06,-0.01665887028610373,0.2402907709119093,-0.00830078125,0.0107421875,0.0107421875,0.0018169031712634736,5.912361027214174,15.435218911455708,0.10934662530266344,0.10018207183561514,1208.7368024237574,2908.074951109757,1543.7168961864409,0.047922224358062725,82.58739406779662,0.6432019032245544,0.8561435607322979
train,424,nips4b_birds_trainfile424.wav,2.571609977324263,2.5716,9.977324262777643e-06,44100,1,PCM_16,113408,1.0557153154980249e-05,0.0010818498717799138,1.1703991450702159e-06,-0.021801465742190898,-0.11935977489121408,-0.00439453125,0.00439453125,0.00439453125,0.001081901381158631,4.061859358469257,12.174497638401077,0.17795922686230248,0.09706631865757846,958.2611494927124,2949.5182497144715,610.9013473476298,0.06055021843610126,72.32823081264108,0.6243469205804156,0.9060675209850495
train,425,nips4b_birds_trainfile425.wav,5.00390022675737,5.0039,2.2675737021415898e-07,44100,1,PCM_16,220672,9.052161550853755e-06,0.0015223533305274187,2.3175596629679245e-06,0.01924776885795278,4.2591157882680815,-0.01513671875,0.01513671875,0.01513671875,0.0015223802431050747,9.942797680510402,19.950172046603107,0.1447351725638051,0.3322955893615382,6550.833986714984,5637.017841572231,13636.962550754059,0.4000497531728675,29.57692865429234,0.9295079347461401,0.276073530697547
train,426,nips4b_birds_trainfile426.wav,5.00390022675737,5.0039,2.2675737021415898e-07,44100,1,PCM_16,220672,8.746808753489342e-06,0.0023846460948187998,5.686536997534553e-06,0.22589747113742636,14.387314953077428,-0.02099609375,0.03076171875,0.03076171875,0.0023846621362779937,12.899822696901298,22.21167482259495,0.466846722737819,0.1420757598415741,489.32077038852907,1528.615113226738,496.0130872969837,0.016724416019329166,114.51067647911832,0.6769732421983633,0.965225166725423
train,427,nips4b_birds_trainfile427.wav,2.589024943310658,2.589,2.4943310657832285e-05,44100,1,PCM_16,114176,3.925887993098374e-06,0.0013411493966248142,1.7986817040671034e-06,0.05911037574215544,-0.03184212410658738,-0.00537109375,0.00537109375,0.00537109375,0.0013411551426526455,4.004826570158479,12.051674272305192,0.14440863228699552,0.08164659513904095,671.8081757343524,2519.8199390262353,409.42054372197305,0.03829092358308892,38.62457959641255,0.6369057150296169,0.9488961856239125
train,428,nips4b_birds_trainfile428.wav,5.00390022675737,5.0039,2.2675737021415898e-07,44100,1,PCM_16,220672,6.998774623649579e-06,0.003344550792374607,1.118602000277361e-05,0.019891100204735147,0.08414063861991439,-0.015625,0.0146484375,0.015625,0.0033445581151506166,4.671768126623315,13.389625586937022,0.059785564095127613,0.15299699552727816,1945.1650072946625,3229.0739389946566,4387.777334686774,0.09310833285842614,63.950116009280734,0.7765316500711889,0.6588734718914688
train,429,nips4b_birds_trainfile429.wav,5.00390022675737,5.0039,2.2675737021415898e-07,44100,1,PCM_16,220672,9.361939751078523e-06,0.0008479210408707176,7.189700915512811e-07,0.0013419122057640406,9.444180761990912,-0.00927734375,0.0087890625,0.00927734375,0.0008479727221244701,10.940615786268442,20.780835334010636,0.33508555684454755,0.2730807401063121,6464.911147050281,3459.991073982217,7349.666926479118,0.19494812949232296,6340.654002320185,0.8353513580861536,0.10294136953883855
train,430,nips4b_birds_trainfile430.wav,5.00390022675737,5.0039,2.2675737021415898e-07,44100,1,PCM_16,220672,9.5942734012471e-06,0.00032314962459386394,1.0442567987515521e-07,-0.0021744049407778345,0.08119469901211618,-0.00146484375,0.00146484375,0.00146484375,0.00032329201963125087,4.531023536154128,13.12392636207992,0.5993148201856149,0.20397786750411245,6605.043170218143,6149.499367875808,14317.631598027841,0.41221857467203515,24.580825841067284,0.9237498168375091,0.33513745206553347
train,431,nips4b_birds_trainfile431.wav,3.0011791383219957,3.0012,-2.0861678004191475e-05,44100,1,PCM_16,132352,8.961218238107471e-06,0.0004443434991979879,1.9744114527951224e-07,-0.012877141104006283,1.1253736575086686,-0.00341796875,0.0029296875,0.00341796875,0.00044443385189679604,7.690612979664973,17.71921913172814,0.4707295696324952,0.23002470702903643,6349.581927945514,6085.4243903573515,14020.822503626692,0.41429740223419326,22.324558752417794,0.9257891399601043,0.3524180031223365
train,432,nips4b_birds_trainfile432.wav,5.00390022675737,5.0039,2.2675737021415898e-07,44100,1,PCM_16,220672,1.7349791914017183e-05,0.002647556511705,7.009555482671549e-06,0.0465986063715861,2.328145507997502,-0.01611328125,0.01513671875,0.01611328125,0.002647613358848117,6.085964627784746,15.686588477358704,0.09137090342227379,0.06103656574719832,352.48746805933354,1737.0623415115922,120.90568808004639,0.018343640271681557,33.57381090487239,0.5669696711533334,0.9683454834439582
train,433,nips4b_birds_trainfile433.wav,5.00390022675737,5.0039,2.2675737021415898e-07,44100,1,PCM_16,220672,9.550019372643562e-06,0.00039990155266436694,1.5992125182337146e-07,0.04967054781538669,1.2054211502071928,-0.0029296875,0.0029296875,0.0029296875,0.0004000155680637809,7.3239337013325265,17.294888085406495,0.5104317720417634,0.2658799751666508,7639.209156011775,6074.986844790821,15026.878353393271,0.4718646414549268,22.982072940835266,0.9454556298985458,0.22895798296196476
train,434,nips4b_birds_trainfile434.wav,1.787936507936508,1.7879,3.650793650789019e-05,44100,1,PCM_16,78848,1.0112663368126014e-05,0.0007815292005229821,6.107878912700917e-07,0.04122354731690972,4.046648806370194,-0.00927734375,0.00830078125,0.00927734375,0.0007815946246171917,11.869764015513597,21.488841695386633,0.26896053165584416,0.2204015371542354,4137.990098209744,4105.405516833038,7407.981178977273,0.2221248461794368,3158.389559659091,0.875717696377891,0.31239134320461287
train,435,nips4b_birds_trainfile435.wav,5.00390022675737,5.0039,2.2675737021415898e-07,44100,1,PCM_16,220672,9.640740131280815e-06,0.00037042471770864913,1.3721447148953238e-07,0.005175992559035043,0.13243708232082252,-0.001953125,0.001953125,0.001953125,0.0003705501522868548,5.270878956455058,14.43766085874331,0.5278014428654292,0.264665497505336,7629.442791147122,6075.175592240967,14966.92511963457,0.46921258997984905,16.38721722737819,0.9448121108416885,0.2341597267346086
train,436,nips4b_birds_trainfile436.wav,5.00390022675737,5.0039,2.2675737021415898e-07,44100,1,PCM_16,220672,9.91732781005293e-06,0.0008178447308034906,6.688700037030341e-07,-0.0030743146160108147,3.440819542577895,-0.00634765625,0.0068359375,0.0068359375,0.0008179048582163613,8.357863914523518,18.441905910804802,0.3019640008700696,0.21587340429870713,1529.887947067372,3918.2918503341944,1232.4386419663572,0.07983833640023831,101.52080916473317,0.7040119885763909,0.8698909691489666
train,437,nips4b_birds_trainfile437.wav,2.589024943310658,2.589,2.4943310657832285e-05,44100,1,PCM_16,114176,1.0776947432034754e-05,0.0005565641873908908,3.097636946860826e-07,0.0024040543004791685,0.026472201903729342,-0.00244140625,0.00244140625,0.00244140625,0.0005566685165177167,4.3857451563318275,12.840867848178245,0.351457399103139,0.23239763520910883,4847.375418123583,5075.024693458609,10619.441914237666,0.3144092914512755,94.24397421524662,0.9049648055115161,0.4268954430603991
train,438,nips4b_birds_trainfile438.wav,5.00390022675737,5.0039,2.2675737021415898e-07,44100,1,PCM_16,220672,9.24245387384897e-06,0.002350146363748585,5.523187931040698e-06,-0.07908618987793509,2.875304926668184,-0.01513671875,0.01708984375,0.01708984375,0.002350164537642909,7.2717647961534695,17.232796465376605,0.11312717517401392,0.10125934082865443,703.5928844198877,2357.9022034129703,339.9348354118329,0.027567046454028087,75.54107453596288,0.6490888762007009,0.9386405606086798
train,439,nips4b_birds_trainfile439.wav,5.00390022675737,5.0039,2.2675737021415898e-07,44100,1,PCM_16,220672,9.08535207230641e-06,0.002338215565930778,5.4672520327609894e-06,-49.3937668614383,5452.990090091264,-0.3515625,0.09326171875,0.3515625,0.002338233216850549,150.3539071579576,43.54229436673447,0.9972493111948956,0.37695030158018045,6193.041368473039,5263.2647270276275,12400.92671476218,0.38314946037110664,567.9569678074246,0.9346865813906149,0.2981549958694682
train,440,nips4b_birds_trainfile440.wav,5.00390022675737,5.0039,2.2675737021415898e-07,44100,1,PCM_16,220672,9.545593969783208e-06,0.001324915935234161,1.7554022354374117e-06,0.004648265895329769,0.057170990779500386,-0.0068359375,0.00634765625,0.0068359375,0.0013249503212579888,5.159391556288346,14.251969771587039,0.14869127030162413,0.3321007291397601,6484.53419819495,5570.343469596716,13491.675880945475,0.39382836122795023,30.775993329466356,0.928192693035959,0.271507113296514
train,441,nips4b_birds_trainfile441.wav,5.00390022675737,5.0039,2.2675737021415898e-07,44100,1,PCM_16,220672,9.784565724242315e-06,0.00040192784335281413,1.615459912622443e-07,-0.03146338667392881,0.43202483576694073,-0.0029296875,0.001953125,0.0029296875,0.00040204692386418815,7.286929276418618,17.25089108965824,0.4947523926914153,0.19562153613297625,4608.485244148746,5755.199902384549,11858.150105133409,0.2990034071557328,25.18035817865429,0.8670905297370565,0.5083584778339845
train,442,nips4b_birds_trainfile442.wav,5.00390022675737,5.0039,2.2675737021415898e-07,44100,1,PCM_16,220672,9.468149419727015e-06,0.0019121027496719959,3.6561369253032073e-06,-0.03676934198042236,3.9699599367366654,-0.01513671875,0.0146484375,0.01513671875,0.0019121261912218664,7.916171442810214,17.97030382554358,0.12338221432714618,0.3077885177481409,5433.281126896213,4266.670372781375,9308.538917488399,0.23484096086726697,3708.9068844257536,0.8610817898141777,0.14203849305991473
train,443,nips4b_birds_trainfile443.wav,1.230657596371882,1.2307,-4.2403628117915204e-05,44100,1,PCM_16,54272,8.81698896300118e-06,0.0011010060457636757,1.2122143128081652e-06,0.10265003868452689,-0.21816830022429246,-0.00439453125,0.00390625,0.00439453125,0.0011010413489522266,3.9912499691150796,12.022178563737246,0.17213295990566038,0.09592600099500655,1010.9272273878678,2969.728397790342,978.3387382075471,0.06213797015407298,62.56817511792452,0.5973974679984088,0.898280192680062
train,444,nips4b_birds_trainfile444.wav,5.00390022675737,5.0039,2.2675737021415898e-07,44100,1,PCM_16,220672,9.782353022812137e-06,0.00043684683488734585,1.90835157151092e-07,0.06539011665730053,3.745046425411398,-0.0048828125,0.00537109375,0.00537109375,0.0004369563497441763,12.29206018666304,21.792493561253437,0.48172853828306267,0.254967802747076,6196.686697491272,5836.740536608262,13734.486477668212,0.39340329076818253,12.98986731438515,0.9247020238829298,0.2952748327792295
train,445,nips4b_birds_trainfile445.wav,5.00390022675737,5.0039,2.2675737021415898e-07,44100,1,PCM_16,220672,8.868507332149072e-06,0.00044750113146038706,2.0025726265832662e-07,-0.0010405465261010185,0.0015054298886512107,-0.001953125,0.001953125,0.001953125,0.0004475890001783187,4.363657282064301,12.797012682720796,0.4353157627610209,0.3025862029899715,7329.289076153347,6387.988797582764,16113.031104988399,0.38645620233443295,16113.230949100927,0.8892622129121773,0.30809762043361705
train,446,nips4b_birds_trainfile446.wav,4.92843537414966,4.9284,3.537414966015007e-05,44100,1,PCM_16,217344,9.026768912415341e-06,0.0003360440024976782,1.1292557161465955e-07,0.005156409041266042,0.0675117732640782,-0.00146484375,0.00146484375,0.00146484375,0.0003361652185632203,4.357511334042183,12.784770507978314,0.5784976810954063,0.19719061575482072,5927.186915674086,6270.801291291614,14003.430046378091,0.38642623273417714,18.667181978798588,0.9081818365560853,0.4229051257815554
train,447,nips4b_birds_trainfile447.wav,5.00390022675737,5.0039,2.2675737021415898e-07,44100,1,PCM_16,220672,1.1227247056717662e-05,0.001372726545289499,1.884378168142443e-06,0.0029265716862011005,0.18420714888090695,-0.0078125,0.0078125,0.0078125,0.001372772457189798,5.691037840308193,15.103829465750778,0.14482580481438515,0.32272024869602256,6112.117895174662,5485.11017525928,13220.487420243619,0.3703457860656054,23.781449390951273,0.9233731278235076,0.28766294919011276
train,448,nips4b_birds_trainfile448.wav,5.00390022675737,5.0039,2.2675737021415898e-07,44100,1,PCM_16,220672,2.07794791307914e-05,0.006805200303495274,4.6310751170692165e-05,0.06741422150769978,41.217234993780046,-0.06787109375,0.07568359375,0.07568359375,0.0068052320281857485,11.121383288113542,20.923176171237046,0.6280452436194895,0.0651376936706681,31.95290590706757,335.15559389842275,25.9797346287703,0.0007113258273096387,19.584723027842227,0.4149740932810835,0.9990213613102499
train,449,nips4b_birds_trainfile449.wav,5.00390022675737,5.0039,2.2675737021415898e-07,44100,1,PCM_16,220672,8.793275483523057e-06,0.0012165523125982315,1.4799995292881048e-06,-0.007521335429281655,0.02942761266557259,-0.00537109375,0.00537109375,0.00537109375,0.0012165840912085914,4.414897242873029,12.898411995768633,0.16186013631090487,0.33329254863575186,6482.483781978243,5514.727941837431,13405.942756670533,0.37666118964712914,14.588620214617169,0.9249074842234258,0.2802459968417126
train,450,nips4b_birds_trainfile450.wav,1.9969160997732427,1.9969,1.6099773242794768e-05,44100,1,PCM_16,88064,9.575555490892987e-06,0.0003802653342544622,1.4460172443565786e-07,0.0004337160098514746,-0.003760080567618118,-0.00146484375,0.00146484375,0.00146484375,0.00038038587736483726,3.850941470666202,11.711338359160077,0.5111509811046512,0.25399997728898627,6875.147725751485,6030.675604172685,14288.031431686044,0.43392657785849975,24.537836119186043,0.9316509632658346,0.29947719273936063
train,451,nips4b_birds_trainfile451.wav,5.00390022675737,5.0039,2.2675737021415898e-07,44100,1,PCM_16,220672,2.8185390817593533e-05,0.0004837917456063812,2.3405445311686946e-07,-0.009406205408077068,0.48283222829249617,-0.00244140625,0.00244140625,0.00244140625,0.0004846120813314603,5.037856760178768,14.044916303542339,0.43645319750580047,0.23392289879503878,5927.039435796955,5073.844500623047,12278.022585556844,0.34613213844041085,0.1998441125290023,0.9159700358360229,0.17708585066892177
train,452,nips4b_birds_trainfile452.wav,5.00390022675737,5.0039,2.2675737021415898e-07,44100,1,PCM_16,220672,9.700483069895592e-06,0.0004208007532421874,1.770732739291923e-07,-0.006908024508402739,0.4007786680336496,-0.00244140625,0.0029296875,0.0029296875,0.0004209125482816848,6.96032349703051,16.852588498275452,0.47353538283062646,0.22234004468190202,5761.714541654874,5291.528343938319,12441.295225493039,0.35712745685515096,24.780669953596284,0.9203549509075226,0.28095618750002177
train,453,nips4b_birds_trainfile453.wav,5.00390022675737,5.0039,2.2675737021415898e-07,44100,1,PCM_16,220672,8.66936420343315e-06,0.008019807645043264,6.431731466349439e-05,0.09312742749633154,4.206681181160839,-0.04833984375,0.05126953125,0.05126953125,0.00801981233080738,6.392859226026121,16.113902823126892,0.18529310469837587,0.028621794436060922,83.3697097606572,417.94668959934654,117.90802639211135,0.0012513750499123786,39.96882250580046,0.5355346564577586,0.9982278038056972
train,454,nips4b_birds_trainfile454.wav,5.00390022675737,5.0039,2.2675737021415898e-07,44100,1,PCM_16,220672,9.57214638694533e-06,0.0004971219370823703,2.4713022032852805e-07,-0.02917368621311181,0.11299467013138464,-0.00244140625,0.00244140625,0.00244140625,0.0004972140849925524,4.9101711389301625,13.82193258542368,0.39578197505800466,0.2795201906911194,5624.854903642232,6343.365083963452,15189.551460991877,0.29607877390915505,16117.827363689094,0.8520888898478748,0.4696398118542916
train,455,nips4b_birds_trainfile455.wav,5.00390022675737,5.0039,2.2675737021415898e-07,44100,1,PCM_16,220672,9.72261008419736e-06,0.0004018997767953629,1.6152343058816253e-07,0.003199756329526844,0.0832405013237496,-0.001953125,0.001953125,0.001953125,0.0004020173624795474,4.858310068882572,13.72970458117071,0.48784621519721577,0.24212968627504294,6260.8040363503305,5909.044629006882,13738.283515806263,0.4088446533466243,16.58706133990719,0.9309031211227654,0.3150078785494777
train,456,nips4b_birds_trainfile456.wav,2.5774149659863945,2.5774,1.4965986394610553e-05,44100,1,PCM_16,113664,2.710668890325873e-06,0.0011831889917579377,1.3999361902171652e-06,-0.09293736381156947,3.032644599465696,-0.0078125,0.00732421875,0.0078125,0.001183192096805501,6.602900764037353,16.394695404933653,0.17931798986486486,0.09982140186340321,1039.9941832901238,3141.4761433738295,713.1176097972973,0.0684196838839849,50.438133445945944,0.6315263019357142,0.901321016712131
train,457,nips4b_birds_trainfile457.wav,2.5193650793650795,2.5194,-3.492063492060993e-05,44100,1,PCM_16,111104,9.03573453701037e-06,0.000561020509431968,3.147440120033049e-07,-0.010558159133355676,0.08410675198926265,-0.00341796875,0.0029296875,0.00341796875,0.0005610932689864745,6.091623155939859,15.694660577593904,0.34900633640552997,0.23599722779762922,5136.965686025169,5178.839723491876,11111.529737903225,0.33439488031726894,96.45287298387096,0.911938398690655,0.3892120653708512
train,458,nips4b_birds_trainfile458.wav,2.5774149659863945,2.5774,1.4965986394610553e-05,44100,1,PCM_16,113664,9.974917849978885e-06,0.000505003316376244,2.5502834955100475e-07,-0.0010041272628607911,0.30431870368050173,-0.005859375,0.00537109375,0.005859375,0.0005051018199701111,11.60038385992496,21.289447207795256,0.3870442708333333,0.22561431600432857,4955.976049006036,5114.827734726708,10804.236169763513,0.3213936136813947,96.99641047297297,0.9050777834785114,0.39147588309764797
train,459,nips4b_birds_trainfile459.wav,5.00390022675737,5.0039,2.2675737021415898e-07,44100,1,PCM_16,220672,0.00041406060592757575,0.11473530663577905,0.013164190588806243,-0.05397126939117558,12.365108318583124,-0.81787109375,0.931640625,0.931640625,0.11473605377121711,8.11985940232601,18.19097018747715,0.45871247824825984,0.04764105840821857,41.422402190574594,420.04513082221797,21.383320040603248,0.001064364991553446,15.58784077726218,0.3877931682323763,0.9961639393054201
train,460,nips4b_birds_trainfile460.wav,3.5062131519274375,3.5062,1.3151927437338173e-05,44100,1,PCM_16,154624,1.047147030861962e-05,0.0007820483796446227,6.1159966810478e-07,0.015179863424010264,2.3158882781933254,-0.00634765625,0.0068359375,0.0068359375,0.0007821184819419653,8.740283803326923,18.83051069437623,0.26666623551324503,0.24389644490147003,5253.836189738632,4391.6323639772245,8859.986159975166,0.2857005927467998,716.1572588990066,0.9147672931766337,0.27409371933109916
train,461,nips4b_birds_trainfile461.wav,5.00390022675737,5.0039,2.2675737021415898e-07,44100,1,PCM_16,220672,8.240100125978828e-06,0.0030354096282608515,9.21371161133868e-06,0.03779811018277551,0.20233654971290793,-0.01416015625,0.01708984375,0.01708984375,0.003035420812768597,5.630139873229772,15.010383688917766,0.06567666038283063,0.1662610855073843,2121.149756451302,3880.1642323425995,6903.015334976798,0.11392613317306084,64.54964834686774,0.762127700190476,0.7584950691036602
train,462,nips4b_birds_trainfile462.wav,5.00390022675737,5.0039,2.2675737021415898e-07,44100,1,PCM_16,220672,9.7380989942086e-06,0.0017517984486555627,3.068797804712036e-06,0.010506716707087001,28.431137881279632,-0.02685546875,0.0263671875,0.02685546875,0.001751825515079643,15.329990640522823,23.710837794060065,0.6175273709396751,0.21511662157691766,4938.388946732692,3418.7685871635417,7170.007069315545,0.18872767791860934,4958.132431844547,0.8916619598433844,0.2325521841670444
train,463,nips4b_birds_trainfile463.wav,2.705124716553288,2.7051,2.4716553288062215e-05,44100,1,PCM_16,119296,8.9719060152897e-06,0.00042735302094248494,1.82630604508668e-07,-0.00025019663563973405,1.1345975982426104,-0.00244140625,0.0029296875,0.0029296875,0.00042744718925993093,6.853916866484423,16.71877664837233,0.4822374597639485,0.23757072802715956,6544.84574004037,6104.988256133171,14235.942529506437,0.42385255374374226,26.985816791845494,0.9285821326380015,0.335621054045659
train,464,nips4b_birds_trainfile464.wav,5.00390022675737,5.0039,2.2675737021415898e-07,44100,1,PCM_16,220672,1.0251445726009643e-05,0.000318595456790538,1.0150306508757156e-07,0.0034856991027484912,0.19611856372016012,-0.00146484375,0.00146484375,0.00146484375,0.0003187603445020175,4.595439097948173,13.246540297924431,0.6111377972737819,0.20502920637510139,6771.297291138686,6135.1622517282085,14386.178128625288,0.4177554142804864,14.78846432714617,0.9280822257098319,0.3271663806412177
train,465,nips4b_birds_trainfile465.wav,5.00390022675737,5.0039,2.2675737021415898e-07,44100,1,PCM_16,220672,9.076501266585702e-06,0.0022267164254413095,4.958266039330122e-06,0.0328342256188545,4.200053946084447,-0.01708984375,0.0166015625,0.01708984375,0.0022267349240997153,7.674844259654995,17.701391427978102,0.12277950986078887,0.3042900970222639,6243.528055287059,5282.701920778135,12974.679161832946,0.3724265850550349,12.98986731438515,0.9257881837786287,0.23780658548328168
train,466,nips4b_birds_trainfile466.wav,5.00390022675737,5.0039,2.2675737021415898e-07,44100,1,PCM_16,220672,8.742383350628988e-06,0.003031796673710783,9.191791070723769e-06,-0.05141608538137141,0.05231372524301614,-0.0126953125,0.0126953125,0.0126953125,0.0030318092783007343,4.187371742300181,12.438830359277285,0.06488815980278423,0.14725541643442047,1659.361110158313,3623.2022276427056,2840.184527262181,0.10845481717205945,63.750271896751734,0.7510262075881174,0.8144848466788103
train,467,nips4b_birds_trainfile467.wav,3.244988662131519,3.245,-1.1337868480953972e-05,44100,1,PCM_16,143104,1.0771913477261292e-05,0.002011174076421875,4.044821165671382e-06,-0.03784742131080095,-0.003872854303333284,-0.0107421875,0.00830078125,0.0107421875,0.0020112029235736864,5.341175360322326,14.552736737327386,0.09391072227191413,0.05895054611014444,507.94816578254955,1778.2512038471484,440.6795058139535,0.023810809677517964,62.55799977638641,0.5875508783560142,0.9401850257759
train,468,nips4b_birds_trainfile468.wav,5.00390022675737,5.0039,2.2675737021415898e-07,44100,1,PCM_16,220672,1.0499268286189458e-05,0.003386290795264642,1.1466965350094043e-05,-0.011674857570926291,5.997421214951034,-0.03173828125,0.0302734375,0.03173828125,0.0033863070718304017,9.372534910971465,19.437141335275932,0.2857544228538283,0.28537506061059226,5303.074129776607,2034.1775536461907,6167.9886890951275,0.07468241990137525,5101.8203487529,0.8067831164933141,0.025227154794450642
train,469,nips4b_birds_trainfile469.wav,5.00390022675737,5.0039,2.2675737021415898e-07,44100,1,PCM_16,220672,2.938467499274942e-05,0.0021636315216831117,4.681301361620777e-06,0.020441994878922898,25.311074234182307,-0.0283203125,0.0283203125,0.0283203125,0.002163831051802614,13.088042375770193,22.33749384930377,0.7387344112529002,0.438861472508848,16796.77704157732,2941.710529756391,19771.577273056842,0.10474857364120468,16608.444659947796,0.8719821929662852,0.001780675811272992
train,470,nips4b_birds_trainfile470.wav,3.813877551020408,3.8139,-2.2448979591693785e-05,44100,1,PCM_16,168192,5.849783097590849e-06,0.0011940915637797531,1.4258546626899764e-06,-0.23409636263200712,0.7030634454320568,-0.0068359375,0.005859375,0.0068359375,0.001194105892562408,5.724733076503707,15.155104838215694,0.1748894121004566,0.0730003389004168,675.158556449195,2409.9010668296332,431.0573630136986,0.04135367170832409,67.90988869863013,0.6358249208243275,0.9377323869545464
train,471,nips4b_birds_trainfile471.wav,2.1884807256235828,2.1885,-1.9274376417133254e-05,44100,1,PCM_16,96512,1.0022434062603614e-05,0.000583573966123585,3.4055857393721113e-07,-0.0015589244678610482,0.29268303568702736,-0.0029296875,0.00341796875,0.00341796875,0.0005836600235768682,5.856095349915382,15.352162787253214,0.3418331399204244,0.24345411403881423,5259.038420886588,4696.553669419123,10175.552262931034,0.3091912396045666,17.36364389920424,0.9053583500374088,0.24133652564917957
train,472,nips4b_birds_trainfile472.wav,3.4946031746031747,3.4946,3.1746031745605308e-06,44100,1,PCM_16,154112,8.93158770082797e-06,0.0004124956833381934,1.701526887726431e-07,0.010832855866722828,0.051340844382324224,-0.001953125,0.001953125,0.001953125,0.00041259236787839483,4.733788484850629,13.50417697758827,0.47382423172757476,0.22254089584779801,5496.094209627534,5222.905900094788,12098.083212209302,0.3401207507541195,3687.1139171511627,0.9123104896355887,0.29255057262699946
train,473,nips4b_birds_trainfile473.wav,5.00390022675737,5.0039,2.2675737021415898e-07,44100,1,PCM_16,220672,1.0255871128869997e-05,0.005029620946514974,2.529708686562219e-05,-0.004004648526484732,0.27706171969668025,-0.0263671875,0.029296875,0.029296875,0.005029631402848006,5.824855273372672,15.305702783638475,0.11800319025522042,0.22611489502472007,4151.382238590579,3546.6051212627726,6440.775902697215,0.16698727908891545,1043.985643851508,0.8921037394046741,0.31460471883067975
train,474,nips4b_birds_trainfile474.wav,5.00390022675737,5.0039,2.2675737021415898e-07,44100,1,PCM_16,220672,1.0415185631842735e-05,0.0004897687940725209,2.398734716472513e-07,0.0187327457667777,0.9850084175952158,-0.0029296875,0.0029296875,0.0029296875,0.0004898795236984263,5.980424488620876,15.534640223322938,0.4330046403712297,0.24800721435983886,5857.226217594326,4835.31634055497,11694.477776972157,0.3019505783922786,3548.631906177494,0.8888497210140937,0.14928320167528084
train,475,nips4b_birds_trainfile475.wav,5.00390022675737,5.0039,2.2675737021415898e-07,44100,1,PCM_16,220672,9.492489135458962e-06,0.007367303035001675,5.427715400954489e-05,-0.004632401932459184,0.9994929046515542,-0.03759765625,0.0380859375,0.0380859375,0.007367309150354347,5.169585899373881,14.269115121764218,0.0921956569025522,0.2628029963157823,6220.918968074862,3030.9362629432026,7818.101526247099,0.10144406572215701,7563.100438660093,0.833939655662089,0.1302430952556381
train,476,nips4b_birds_trainfile476.wav,3.900952380952381,3.901,-4.761904761885205e-05,44100,1,PCM_16,172032,9.548096429734004e-06,0.0031482760965775994,9.911642380281886e-06,0.04948158546807155,2.989392854063219,-0.02490234375,0.02880859375,0.02880859375,0.003148290575284835,9.150551088313568,19.228945001343313,0.20195079985119047,0.26987577820276576,5914.371086054602,1771.8283573820038,7426.3916015625,0.056385009120426995,4274.853515625,0.8510668804297715,0.021053743835816725
train,477,nips4b_birds_trainfile477.wav,5.00390022675737,5.0039,2.2675737021415898e-07,44100,1,PCM_16,220672,1.0021324777271245e-05,0.0005561791797054901,3.0933527993787195e-07,-0.02733113739340792,0.5533539720335381,-0.0029296875,0.00341796875,0.00341796875,0.0005562694552895777,6.144448014354311,15.769657483790416,0.3624972810324826,0.2631111473641756,5500.778713308002,6247.774050629002,14813.045152987237,0.2952887737641206,16126.020972302784,0.8522707828255117,0.46807918206061044
train,478,nips4b_birds_trainfile478.wav,3.3030385487528346,3.303,3.85487528347106e-05,44100,1,PCM_16,145664,8.86967395856217e-06,0.00041823236812544825,1.7491831374782046e-07,-0.005360375470349408,0.12608517605623026,-0.001953125,0.001953125,0.001953125,0.00041832640947464896,4.668901976456166,13.384295120376365,0.47168826889279436,0.24184590458798735,6235.577883426258,5899.319358505216,13727.66297781195,0.40179688588652435,25.73388071177504,0.9261862921592432,0.34976735144983123
train,479,nips4b_birds_trainfile479.wav,5.00390022675737,5.0039,2.2675737021415898e-07,44100,1,PCM_16,220672,8.706980127746157e-06,0.0017338415293331494,3.0062064488403145e-06,-0.05114565994847387,5.560719792440951,-0.0166015625,0.015625,0.0166015625,0.0017338633914882856,9.574896489249836,19.622681753302807,0.13755256670533642,0.3184287921838393,5321.400398266921,4333.276746568348,9960.030724332946,0.25935501104273284,3979.4958127900227,0.886038150640405,0.15871411817627282
train,480,nips4b_birds_trainfile480.wav,4.289886621315193,4.2899,-1.3378684807108243e-05,44100,1,PCM_16,189184,1.0339429801145975e-05,0.00032456199390444335,1.0534048788722794e-07,-0.004926320681104504,0.1075591141613641,-0.00146484375,0.00146484375,0.00146484375,0.0003247266414937967,4.511005759371866,13.08546763156549,0.598496701623816,0.20202660915621382,6488.059145603784,5908.744186364422,13998.505158998645,0.39704162120466785,29.604512009472256,0.9212288529852845,0.2971093842094877
train,481,nips4b_birds_trainfile481.wav,5.00390022675737,5.0039,2.2675737021415898e-07,44100,1,PCM_16,220672,8.837529512126595e-06,0.0014361131894064256,2.062421092787096e-06,0.004901567862122179,1.1260542356066985,-0.01318359375,0.015625,0.015625,0.00143614038127022,10.8798556212034,20.732462643767654,0.13923832656612528,0.2905592488365032,5228.173894610316,5120.869182180133,11885.728592662412,0.3167823894603498,20.583943590487237,0.9142761759595047,0.35815486257761536
train,482,nips4b_birds_trainfile482.wav,3.813877551020408,3.8139,-2.2448979591693785e-05,44100,1,PCM_16,168192,9.899632934384513e-06,0.0006752508542163824,4.5596371611995415e-07,-0.005862442719741193,0.37327116694286566,-0.00390625,0.00341796875,0.00390625,0.0006753234179651922,5.784265577180588,15.244964496435552,0.3010190734398782,0.31114625633951876,7262.182475937734,5183.48564159047,11962.366224315068,0.32180361827985027,23.86023116438356,0.915713287968821,0.2580270852737369
train,483,nips4b_birds_trainfile483.wav,2.513560090702948,2.5136,-3.990929705199875e-05,44100,1,PCM_16,110848,9.413404222448758e-06,0.0008069446505245575,6.511596690102002e-07,-0.010004114713528531,0.080800305305754,-0.00341796875,0.00341796875,0.00341796875,0.0008069995546400602,4.2354035145961015,12.537895853260249,0.24310767898383373,0.21330302128158632,4279.06811503865,4040.5690521523206,7099.094255196304,0.23552342786854288,1197.9025331986143,0.8915725482253611,0.32112277421313073
train,484,nips4b_birds_trainfile484.wav,5.00390022675737,5.0039,2.2675737021415898e-07,44100,1,PCM_16,220672,8.813189796394648e-06,0.0068689236637338395,4.718211229820271e-05,-0.05888514255276569,1.074920269334072,-0.046875,0.0390625,0.046875,0.006868929317624188,6.824207650489121,16.68104466591363,0.09595689530162413,0.26229998504561086,4352.718529716785,3428.364489778861,6578.468496229698,0.16578984243058179,5126.601018706496,0.8935283140646869,0.28397671762475274
train,485,nips4b_birds_trainfile485.wav,5.00390022675737,5.0039,2.2675737021415898e-07,44100,1,PCM_16,220672,9.638527429850638e-06,0.0016891253763467492,2.853144537018547e-06,0.03061422945374843,3.208230921078071,-0.015625,0.01611328125,0.01611328125,0.001689152875920224,9.539267569977488,19.590300612470966,0.13435324825986078,0.32021425561129463,5856.445389234123,4302.408395127028,10342.932043938514,0.27530532864932844,14.588620214617169,0.8973662283640975,0.14568494822467742
train,486,nips4b_birds_trainfile486.wav,5.00390022675737,5.0039,2.2675737021415898e-07,44100,1,PCM_16,220672,1.024702032314929e-05,0.0006104611383026387,3.726628013777534e-07,-0.14640987174412232,3.0363683002867505,-0.00537109375,0.00439453125,0.00537109375,0.0006105471339735012,8.797181169362618,18.886870718679692,0.3666165168213457,0.2598574348237874,4861.267182704902,6148.601666463705,13742.680086281902,0.2593946414962384,16215.351290603247,0.8313903763786646,0.5384613608869749
train,487,nips4b_birds_trainfile487.wav,2.5193650793650795,2.5194,-3.492063492060993e-05,44100,1,PCM_16,111104,8.69733397312428e-06,0.0006232860010617488,3.8848543911954634e-07,0.02644191652147443,1.4568023412214846,-0.00927734375,0.01123046875,0.01123046875,0.0006233466794150639,18.016409039891652,25.11336466785579,0.3143991215437788,0.22277526259416938,4613.705772648434,4970.08502378153,10143.82560483871,0.29933483881365586,96.45287298387096,0.8981953449449452,0.4445022021315996
train,488,nips4b_birds_trainfile488.wav,5.00390022675737,5.0039,2.2675737021415898e-07,44100,1,PCM_16,220672,9.68720686131453e-06,0.0005211604117263512,2.7160817475077986e-07,-0.040325408675773514,4.534021595122722,-0.00390625,0.00390625,0.00390625,0.0005212504357097015,7.493998531975322,17.494272073647497,0.46101906902552203,0.2473093428678893,5259.634114716497,4577.7545783035175,10048.961354408351,0.24871925584331647,3784.847647186775,0.8588043177749225,0.1418910436149691
train,489,nips4b_birds_trainfile489.wav,4.098321995464852,4.0983,2.1995464852153646e-05,44100,1,PCM_16,180736,9.215249555982206e-06,0.00156425675203541,2.4468991862883703e-06,-0.019015000253369076,10.09754893099772,-0.015625,0.01513671875,0.015625,0.0015642838959449622,9.988596085725957,19.990089033652133,0.23260999468838528,0.1914349738567516,3575.7533207939473,2124.5154308351107,3690.0468086048154,0.06692169590172635,3525.833259560906,0.7677469103091595,0.06660554189144834
train,490,nips4b_birds_trainfile490.wav,5.00390022675737,5.0039,2.2675737021415898e-07,44100,1,PCM_16,220672,1.0238169517428582e-05,0.0014204982011215945,2.017815139389686e-06,0.2710612063547158,14.072492853698446,-0.01318359375,0.017578125,0.017578125,0.001420535096189022,12.37429828179408,21.850411609105382,0.2581251812645012,0.19413516048778498,2263.9215179521198,4664.592686516773,5111.412866154292,0.1262702220666581,16265.712006960555,0.7288891053967923,0.7854974780879128
train,491,nips4b_birds_trainfile491.wav,5.00390022675737,5.0039,2.2675737021415898e-07,44100,1,PCM_16,220672,9.57214638694533e-06,0.0011327315338616297,1.2830807278045203e-06,-0.006459023579244124,0.03672046599826073,-0.00537109375,0.00537109375,0.00537109375,0.0011327719778450444,4.741548921626599,13.518404716308135,0.17334777407192575,0.337724485772938,6520.807957692627,5823.558421520613,13723.295207366587,0.3910932965358834,24.980514066125288,0.9251040915782228,0.32091281176100833
train,492,nips4b_birds_trainfile492.wav,5.00390022675737,5.0039,2.2675737021415898e-07,44100,1,PCM_16,220672,7.191279648074971e-06,0.014765728340538253,0.00021802673342657456,3.7904056536743247,96.19587385940072,-0.18310546875,0.2353515625,0.2353515625,0.014765730091704829,15.93903999587647,24.04924320814186,0.843632178074246,0.06639748766262898,79.95051992025708,751.6095034304278,46.56367821925754,0.0036392832798054667,12.790023201856147,0.4711183531141767,0.9949696370720669
train,493,nips4b_birds_trainfile493.wav,5.00390022675737,5.0039,2.2675737021415898e-07,44100,1,PCM_16,220672,9.136244205200478e-06,0.00043251616170421445,1.8707023013534618e-07,0.04471729527876156,1.677846378562183,-0.0029296875,0.00341796875,0.00341796875,0.000432612645554338,7.900760149117483,17.95337755412642,0.4886664370649652,0.2495479696018054,6976.903526277795,6212.251461637211,14677.151156467517,0.4389135257666786,33.17412267981438,0.9336441656921738,0.30985716020023596
train,494,nips4b_birds_trainfile494.wav,3.140498866213152,3.1405,-1.1337868479621704e-06,44100,1,PCM_16,138496,9.586101539033618e-06,0.0019722579682018905,3.889801493135849e-06,0.005696898177151316,0.8250660019778744,-0.01416015625,0.013671875,0.01416015625,0.001972281264545847,7.1795826003856655,17.121983927691332,0.10473948706099816,0.3769450160655619,7214.7502247454395,3967.5761512405807,11537.338984519409,0.13671494943095205,3132.9417456099814,0.8922002746509863,0.11391465873142909
train,495,nips4b_birds_trainfile495.wav,5.00390022675737,5.0039,2.2675737021415898e-07,44100,1,PCM_16,220672,9.6518036384317e-06,0.0003623788110829406,1.3131840272188556e-07,0.005749935868056615,0.047217495632711604,-0.001953125,0.00146484375,0.001953125,0.00036250732411271413,5.387822176505091,14.628265070502934,0.537132033062645,0.25567473750515474,7427.157205135702,6188.526304744229,15060.452164298144,0.4598529447508493,25.38020229118329,0.9407326591062917,0.26954276443835934
train,496,nips4b_birds_trainfile496.wav,5.00390022675737,5.0039,2.2675737021415898e-07,44100,1,PCM_16,220672,1.1957438528676043e-05,0.0026556293874107992,7.052367443279857e-06,-0.0012659540349953997,19.234352823449704,-0.03466796875,0.0361328125,0.0361328125,0.0026556563075096945,13.605982219093349,22.674597981388978,0.6531594402552204,0.2518364442994322,4804.568792843196,1574.8298701622007,6209.356420388631,0.04150496422015441,4780.670859918793,0.8233455500789151,0.007326005230611686
train,497,nips4b_birds_trainfile497.wav,5.00390022675737,5.0039,2.2675737021415898e-07,44100,1,PCM_16,220672,9.098628280887472e-06,0.0012644406203496735,1.598810082390267e-06,0.011407606989244314,2.8886311562149425,-0.0087890625,0.00830078125,0.0087890625,0.0012644733557599626,6.950769235242348,16.840657404419513,0.2447206714037123,0.28881910173969394,6436.720960026712,4316.482892859255,10712.44380800464,0.2870056204175823,210.43585049303942,0.9227762732571633,0.18199860345455515
train,498,nips4b_birds_trainfile498.wav,5.00390022675737,5.0039,2.2675737021415898e-07,44100,1,PCM_16,220672,9.660654444152407e-06,0.00040051981216213714,1.6041611993439363e-07,-0.002237376062960705,0.3666135410824545,-0.00244140625,0.0029296875,0.0029296875,0.00040063630411968777,7.312586178223062,17.281419944898616,0.49830970852668216,0.25037272681956396,6734.073142818927,6147.879016409584,14466.315617749418,0.43050837619551596,20.384099477958234,0.9344914033381115,0.33530255671042586
train,499,nips4b_birds_trainfile499.wav,5.00390022675737,5.0039,2.2675737021415898e-07,44100,1,PCM_16,220672,8.82646600497571e-06,0.000555488012914804,3.0856693249203747e-07,-0.06566240006809881,0.8368699286955517,-0.00341796875,0.00341796875,0.00341796875,0.0005555581328665565,6.152315208426598,15.780771561138813,0.3704819823085847,0.2632652228883723,4667.622353068378,6161.508067980764,13673.13433512181,0.24413694495237553,16095.045134860788,0.8122596753374514,0.5638138957672368
train,500,nips4b_birds_trainfile500.wav,5.00390022675737,5.0039,2.2675737021415898e-07,44100,1,PCM_16,220672,8.813189796394648e-06,0.0021511034559429975,4.627246078169906e-06,0.024963318422350268,2.9304789192827503,-0.01611328125,0.01513671875,0.01611328125,0.0021511215099301794,7.490642056070092,17.49038089192686,0.11459541763341068,0.30535049915938206,5365.951468977517,3347.364049908671,7554.706985933874,0.16312302280511506,3664.741335556844,0.856727500727031,0.06920320693806128
train,501,nips4b_birds_trainfile501.wav,5.00390022675737,5.0039,2.2675737021415898e-07,44100,1,PCM_16,220672,1.0565649329094765e-05,0.002539463051702604,6.448872590962703e-06,0.002229316932599398,0.0009282678090953844,-0.01171875,0.0107421875,0.01171875,0.002539485031243234,4.614616686385015,13.282712642876323,0.07667488399071926,0.4476211192227343,9622.603099113558,3546.678787388237,12328.583146026682,0.22421375948423325,11234.636474042922,0.9060081755874412,0.060873364216460925
train,502,nips4b_birds_trainfile502.wav,5.00390022675737,5.0039,2.2675737021415898e-07,44100,1,PCM_16,220672,6.642529693391097e-06,0.0030115099858932437,9.069192395134725e-06,-0.060178025136716155,0.20451729786944206,-0.01416015625,0.015625,0.015625,0.003011517311644656,5.1884144711978575,14.300693239390757,0.06647875580046404,0.15856184093061618,1871.0193553161212,3714.6797874548297,3324.8065001450113,0.12097446151372146,54.75728683294663,0.7758346558129412,0.7544963957531918
train,503,nips4b_birds_trainfile503.wav,5.00390022675737,5.0039,2.2675737021415898e-07,44100,1,PCM_16,220672,1.0034600985852305e-05,0.001981453942242831,3.926159725229655e-06,0.31607824254755906,4.572481605170315,-0.01416015625,0.02197265625,0.02197265625,0.0019814793510018218,11.089016011643412,20.897860211219292,0.11473136600928074,0.15697123772493893,1711.4813944413468,3009.0104645378437,4034.6527878480274,0.07819687112062601,74.54185397331786,0.7582451353128004,0.743675266960891
train,504,nips4b_birds_trainfile504.wav,5.00390022675737,5.0039,2.2675737021415898e-07,44100,1,PCM_16,220672,1.0481566674748042e-05,0.001858102800035339,3.452546015499167e-06,0.023950855252962363,7.197224015006968,-0.0166015625,0.01806640625,0.01806640625,0.0018581323630837295,9.722884445119536,19.755902485282924,0.1380691705336427,0.33914288692216016,6552.353920886734,5745.770616533077,13791.442049738978,0.39880120655267604,23.581605278422273,0.9304421369482536,0.27867064493648336
train,505,nips4b_birds_trainfile505.wav,5.00390022675737,5.0039,2.2675737021415898e-07,44100,1,PCM_16,220672,9.098628280887472e-06,0.000313073610506235,9.801508559540973e-08,-0.0033149374367371764,0.1093909949287406,-0.00146484375,0.001953125,0.001953125,0.0003132057959744734,6.235915890136279,15.898004976083246,0.6164443155452436,0.19683601379429105,6518.180627678653,6351.219872956007,14567.236894576565,0.4163764465758719,17.98597012761021,0.9202820839124387,0.3683070832945277
train,506,nips4b_birds_trainfile506.wav,5.00390022675737,5.0039,2.2675737021415898e-07,44100,1,PCM_16,220672,9.12075529518924e-06,0.00038903265301172015,1.5134640510933745e-07,0.0050777157268190815,0.17830283133671632,-0.001953125,0.001953125,0.001953125,0.0003891395550268466,5.019086275784159,14.012493221371532,0.5064484846287703,0.2567532661745313,7037.803953195358,5798.535522673439,14144.966284802784,0.4295469017538019,18.98519069025522,0.9361232196020626,0.248637928158525
train,507,nips4b_birds_trainfile507.wav,5.00390022675737,5.0039,2.2675737021415898e-07,44100,1,PCM_16,220672,9.249091978139502e-06,0.003344727677225402,1.1187203234797633e-05,0.05994193618419974,16.25028501256779,-0.0537109375,0.05615234375,0.05615234375,0.003344740465342573,16.78825138507385,24.50010927313479,0.36609991299303946,0.3862129595642382,8329.474089621257,3672.007899344099,11833.569279292342,0.2484865729270316,10706.048796403711,0.9259988303979797,0.06298918233938187
train,508,nips4b_birds_trainfile508.wav,3.848707482993197,3.8487,7.482993197083232e-06,44100,1,PCM_16,169728,9.102339478459653e-06,0.0004508936397668474,2.0330507438219554e-07,0.01791896114723302,1.3786525295011565,-0.0029296875,0.0029296875,0.0029296875,0.0004509855063814986,6.496189918621715,16.25317426371328,0.47167821455505277,0.2598761540591656,6925.545926032837,5819.447551996924,14210.744838800903,0.43205061937404005,20.006716628959275,0.9359176710436962,0.22499475089883336
train,509,nips4b_birds_trainfile509.wav,5.00390022675737,5.0039,2.2675737021415898e-07,44100,1,PCM_16,220672,9.105266385178002e-06,0.0019595093459526844,3.839676876875917e-06,-0.0007888007746905672,4.002097647856953,-0.01513671875,0.017578125,0.017578125,0.0019595305005923897,8.970579939779412,19.056410413846056,0.12584741154292342,0.3410371095431661,7227.803425728455,4092.869892223465,9734.007033062644,0.22745691675037913,7887.447433294663,0.8450851196367243,0.14569711609637992
train,510,nips4b_birds_trainfile510.wav,5.00390022675737,5.0039,2.2675737021415898e-07,44100,1,PCM_16,220672,1.0087705820176552e-05,0.0003716155015380615,1.38098080983385e-07,-0.009303260637928107,-0.01014735604558581,-0.001953125,0.00146484375,0.001953125,0.00037175239446720373,5.253833005700535,14.409525290373843,0.5216701711136891,0.2557109905696716,7161.91312284185,6211.646437678723,14901.376250725058,0.44714176344602374,33.57381090487239,0.9370844147735742,0.2942261329306925
train,511,nips4b_birds_trainfile511.wav,1.90984126984127,1.9098,4.1269841269953034e-05,44100,1,PCM_16,84224,9.791829303405205e-06,0.00035482215237518417,1.2589875981615842e-07,0.0008246711518804522,-0.034947844033694775,-0.00146484375,0.00146484375,0.00146484375,0.0003549572364909123,4.12681754140686,12.312305357621579,0.5447853343465046,0.254538546477803,7438.150422507203,6221.556522135679,15108.061835106382,0.46160990630232795,14.66090425531915,0.9348489437992483,0.27080314401593036
train,512,nips4b_birds_trainfile512.wav,3.848707482993197,3.8487,7.482993197083232e-06,44100,1,PCM_16,169728,1.0851461603271117e-05,0.003107584605713292,9.657082081666238e-06,-0.6888345999862435,1.4847992591679988,-0.0166015625,0.01171875,0.0166015625,0.00310760355191668,5.34223951757316,14.554467111477315,0.07628676470588236,0.03735410394339145,289.5811227405758,1164.7471958974252,175.38355486425337,0.01078096598563481,76.64910916289591,0.47340092839496445,0.9818150079188719
train,513,nips4b_birds_trainfile513.wav,5.00390022675737,5.0039,2.2675737021415898e-07,44100,1,PCM_16,220672,9.27121899244127e-06,0.0004535340303258476,2.0569311666360684e-07,0.0027022705939720344,-0.02974411347314687,-0.001953125,0.001953125,0.001953125,0.0004536287823377311,4.3055579276402245,12.68058873342627,0.42650630800464034,0.30268136728432826,7268.335255150874,6390.909630523499,15987.329158207654,0.37275451088322614,15987.529002320185,0.8819396287965823,0.3112095205598871
train,514,nips4b_birds_trainfile514.wav,1.207437641723356,1.2074,3.764172335607441e-05,44100,1,PCM_16,53248,1.0242828956017127e-05,0.0006805066218946451,4.6308926244246155e-07,0.0015938231757560027,0.011562053176071618,-0.0029296875,0.0029296875,0.0029296875,0.0006805837038803411,4.3046688942100975,12.67879504170459,0.28725961538461536,0.22220970195503972,4721.7736864218405,4247.112101671448,8040.166766826922,0.25452390378959094,3327.708082932692,0.8886446182427616,0.2646681444100478
train,515,nips4b_birds_trainfile515.wav,2.896689342403628,2.8967,-1.0657596372087852e-05,44100,1,PCM_16,127744,1.1100081021417835e-05,0.0007847055709537243,6.157628330858105e-07,-0.0005694930881891605,0.9483863359672684,-0.00439453125,0.00537109375,0.00537109375,0.0007847840753254953,6.84404018745194,16.706251020120522,0.2657659068136273,0.19507135420336144,3772.9762191087875,4385.594310851265,7402.243549599199,0.23364050983294124,46.25970691382766,0.8795793560093453,0.49168789057020384
train,516,nips4b_birds_trainfile516.wav,5.00390022675737,5.0039,2.2675737021415898e-07,44100,1,PCM_16,220672,1.0041239090142837e-05,0.0014871820120965023,2.211710337103401e-06,0.09509642340522736,3.562907411233242,-0.009765625,0.0107421875,0.0107421875,0.001487215910211381,7.223018141645077,17.17437411308969,0.18290494489559164,0.14567387649487246,1008.2898176635962,3061.727609090244,671.6760622099767,0.052861266754949246,77.93920388631089,0.6740291695931775,0.9124773903198146
train,517,nips4b_birds_trainfile517.wav,5.00390022675737,5.0039,2.2675737021415898e-07,44100,1,PCM_16,220672,9.707121174186122e-06,0.002165128313869987,4.687780615521493e-06,1.890178516057481,138.50829464582068,-0.04443359375,0.06298828125,0.06298828125,0.002165150074180306,29.091877741475468,29.2754350756408,0.962818119199536,0.25024130946069034,4103.565036956892,1880.294548638005,4917.164388776102,0.06659992830259479,3966.505945475638,0.8392431915733626,0.03128444350060965
train,518,nips4b_birds_trainfile518.wav,2.5425850340136056,2.5426,-1.4965986394610553e-05,44100,1,PCM_16,112128,1.1805530008115725e-05,0.0021066878370512654,4.4381336427797385e-06,-0.015513907072287968,0.13493359619704481,-0.0087890625,0.0087890625,0.0087890625,0.0021067209149098296,4.1719159086509485,12.406710919457417,0.09588149257990868,0.09002292043843142,679.1495734554694,2406.4766790274416,383.07470034246575,0.04087709384095245,46.016160102739725,0.5776278385246719,0.9315613889110117
train,519,nips4b_birds_trainfile519.wav,5.00390022675737,5.0039,2.2675737021415898e-07,44100,1,PCM_16,220672,9.671717951303292e-06,0.0003583985228214401,1.2844950116059033e-07,0.004040311940322795,-0.018742323374421055,-0.00146484375,0.001953125,0.001953125,0.00035852899922979715,5.44760676038971,14.724115003216923,0.5401863399071926,0.25443760167851687,7427.317587688971,6210.947565756752,15076.83938152552,0.46014951510853047,22.982072940835266,0.9398510825110725,0.2700330046302245
train,520,nips4b_birds_trainfile520.wav,4.957460317460318,4.9575,-3.968253968178459e-05,44100,1,PCM_16,218624,2.8395820278194526e-05,0.0004722369348420346,2.2300772262900003e-07,0.03321185953546086,0.7762870733606957,-0.00341796875,0.00341796875,0.00341796875,0.0004730898912873446,7.224776544472812,17.17648838634844,0.45241602019906324,0.37823101869428194,12029.45063845897,6311.857993585472,19569.89946209016,0.4832626569156932,0.20171618852459014,0.9501793601893782,0.034263872720721573
train,521,nips4b_birds_trainfile521.wav,5.00390022675737,5.0039,2.2675737021415898e-07,44100,1,PCM_16,220672,9.811118141404437e-06,0.0003598943797947924,1.2952396460787827e-07,0.001377604418213861,0.08745823028601052,-0.00146484375,0.001953125,0.001953125,0.0003600280859142282,5.424923989028194,14.687873149482735,0.542964218387471,0.253916463876087,7459.4923130192465,6192.87826059343,15072.442811049883,0.46292205955769794,48.162431119489554,0.9419233292020202,0.2642087802567912
train,522,nips4b_birds_trainfile522.wav,5.00390022675737,5.0039,2.2675737021415898e-07,44100,1,PCM_16,220672,2.7908803138821417e-05,0.0004120719698404629,1.6980330832819936e-07,0.036902970424422546,1.0338566449156668,-0.00244140625,0.0029296875,0.0029296875,0.0004130159919674308,7.093399667272512,17.017088604558634,0.5220553581786543,0.31934418206289,12052.103687930432,6335.355387448112,19140.469565690255,0.46705404998494054,0.1998441125290023,0.9444775400783036,0.034816253366524344
train,523,nips4b_birds_trainfile523.wav,5.00390022675737,5.0039,2.2675737021415898e-07,44100,1,PCM_16,220672,9.607549609828162e-06,0.00046186688478182296,2.133210192580657e-07,0.017249393988608364,0.24268592959020285,-0.0029296875,0.00634765625,0.00634765625,0.0004619667999624768,13.740503106534035,22.76005269288604,0.42462568880510443,0.29396703690108805,6939.8184428233635,6321.470728618088,16094.045914298142,0.3672114528228334,16095.244978973316,0.8925196200493899,0.3238980236151117
train,524,nips4b_birds_trainfile524.wav,2.647074829931973,2.6471,-2.5170068027158266e-05,44100,1,PCM_16,116736,9.733333922269052e-06,0.0029321203858615574,8.597329957184928e-06,0.007483806439282534,0.7156909196126304,-0.02099609375,0.021484375,0.021484375,0.0029321365409840944,7.327208231847667,17.298770678486854,0.0693530701754386,0.2728144943675847,5892.404079647937,1802.9514268328514,7345.466694078947,0.05749226632166834,7061.001747532894,0.8423644452281557,0.029082275116702628
train,525,nips4b_birds_trainfile525.wav,5.00390022675737,5.0039,2.2675737021415898e-07,44100,1,PCM_16,220672,9.499127239749492e-06,0.0012781395842813915,1.6336407969070083e-06,-0.005559764777478909,0.007195222299399617,-0.00732421875,0.005859375,0.00732421875,0.0012781748825279448,5.73021645951478,15.163420555917561,0.15186339907192575,0.3457726660956809,6741.349633466912,5853.421517092114,14040.647658062644,0.4118360066084167,11.790802639211137,0.9311987295983934,0.29988094430588613
train,526,nips4b_birds_trainfile526.wav,5.00390022675737,5.0039,2.2675737021415898e-07,44100,1,PCM_16,220672,9.045523446563225e-06,0.0003789759416607,1.4362276435761427e-07,-1.51695755235279,102.81423557686189,-0.01806640625,0.00830078125,0.01806640625,0.0003790838770668526,47.65807079369386,33.562729161127336,0.5847366226798144,0.20010785286693766,5729.392918620852,5833.909883253365,13282.039406902551,0.36627899004754605,5.395791038283062,0.9149140696883697,0.3902167550472553
train,527,nips4b_birds_trainfile527.wav,5.00390022675737,5.0039,2.2675737021415898e-07,44100,1,PCM_16,220672,9.125180698049593e-06,0.00038172656718025153,1.457151720912191e-07,0.011486621640576122,0.040808492964753196,-0.001953125,0.001953125,0.001953125,0.00038183562041013296,5.115093761818584,14.177071978430686,0.509829067575406,0.2620552768601221,7140.967943490452,6229.298550510931,14890.584668648491,0.4446920938364689,25.38020229118329,0.9333123937117135,0.2956986457260243
train,528,nips4b_birds_trainfile528.wav,2.5193650793650795,2.5194,-3.492063492060993e-05,44100,1,PCM_16,111104,8.249063096288162e-06,0.0003528206328055093,1.2448239893328e-07,0.0032546714439485613,0.03636863826303571,-0.00146484375,0.00146484375,0.00146484375,0.00035291705254244447,4.150674328279523,12.362373178870182,0.5521043346774194,0.213234566123327,6237.401813937439,5867.646208579339,13462.518901209676,0.3984320492068971,11.510836693548386,0.921815365123054,0.33931862409298524
train,529,nips4b_birds_trainfile529.wav,4.934240362811791,4.9342,4.036281179153889e-05,44100,1,PCM_16,217600,9.386399213005514e-06,0.0003893840780260625,1.5161996022020672e-07,0.012985993317954666,0.08116447482245004,-0.001953125,0.001953125,0.001953125,0.00038949719474008114,5.014477707094546,14.004514098118667,0.5022518382352941,0.24607649851332036,6503.957727347502,5942.023597996051,13993.846047794117,0.42331538215799,13.173253676470589,0.9339673027353695,0.29466303056189724
train,530,nips4b_birds_trainfile530.wav,4.423401360544218,4.4234,1.3605442177322402e-06,44100,1,PCM_16,195072,9.659394191631807e-06,0.004319043615939803,1.865413775639037e-05,0.14708477986039797,0.2524892652508921,-0.017578125,0.02099609375,0.02099609375,0.004319054417379633,4.8612709452126595,13.734996547109022,0.04628547408136483,0.036068918496342355,287.13247139493757,790.2154117328123,497.1287524606299,0.004956235361995336,57.874015748031496,0.5523103390456393,0.981070311480264
train,531,nips4b_birds_trainfile531.wav,1.0913378684807256,1.0913,3.786848072562243e-05,44100,1,PCM_16,48128,2.6926081231299867e-05,0.0003309197958885623,1.0950791131092771e-07,0.007402944614774502,0.3182957957606787,-0.00146484375,0.00146484375,0.00146484375,0.00033201344123604735,4.4120013471338915,12.89271272746064,0.5978432513297872,0.23375651920959128,8479.527273403637,5524.318556711341,14942.210355718085,0.4609092314070292,0.9163065159574468,0.9353259282636003,0.05728102621050306
train,532,nips4b_birds_trainfile532.wav,2.5251700680272107,2.5252,-2.9931972789221106e-05,44100,1,PCM_16,111360,8.49756701239224e-06,0.0023080273290250453,5.326990151526485e-06,-0.041245428539481696,-0.1651585574256198,-0.00830078125,0.0078125,0.00830078125,0.002308042971907502,3.596458710272516,11.117501573543883,0.07875359195402298,0.0771019854704155,638.192844918963,2223.4925773979753,334.6309267241379,0.036143847872493085,62.96605603448275,0.5626121875597333,0.9256538013562594
train,533,nips4b_birds_trainfile533.wav,5.00390022675737,5.0039,2.2675737021415898e-07,44100,1,PCM_16,220672,1.1090059568046693e-05,0.006530552618446012,4.264811750229206e-05,-0.012945268948567698,0.15634875870489218,-0.03076171875,0.0322265625,0.0322265625,0.0065305620349027605,4.93473032302033,13.865268479832178,0.09145700406032482,0.2758314413765289,5693.37460653429,3324.651264440908,8153.439947070765,0.12819441421325165,7875.057098317865,0.8767807834101612,0.1685406731675774
train,534,nips4b_birds_trainfile534.wav,2.5658049886621317,2.5658,4.9886621318329105e-06,44100,1,PCM_16,113152,9.131107934459841e-06,0.000613650610010657,3.765670711664514e-07,0.024563317282000296,0.10878331591381318,-0.00244140625,0.0029296875,0.0029296875,0.0006137185415958704,4.773666267898387,13.57704107482891,0.321408371040724,0.22085531723095686,4217.388968487055,4796.447902759616,9273.502898755656,0.2647513889761421,97.43530825791855,0.8799137311541827,0.5241434019114187
train,535,nips4b_birds_trainfile535.wav,5.00390022675737,5.0039,2.2675737021415898e-07,44100,1,PCM_16,220672,7.662585052702653e-06,0.001326438750124201,1.7594397578310523e-06,0.00014675528457521098,0.038798416886375975,-0.005859375,0.005859375,0.005859375,0.0013264608825897363,4.417299504950616,12.903136932134505,0.1472955336426914,0.34231956170044997,6574.395539961136,5624.773456097744,13641.159277117169,0.40308924519307243,19.185034802784223,0.9306203979395739,0.2724203872735845
train,536,nips4b_birds_trainfile536.wav,5.00390022675737,5.0039,2.2675737021415898e-07,44100,1,PCM_16,220672,1.0795770277833163e-05,0.005703283682754422,3.2527444765972846e-05,0.004350439174652869,0.8596852957368126,-0.03759765625,0.03466796875,0.03759765625,0.005703293900425327,6.592270520583926,16.380700415487002,0.1082058439675174,0.22585206030697283,4436.520564304134,3377.894769767773,6728.551424738978,0.1506366444425178,942.0651464617168,0.8904342251426025,0.2741082593394442
train,537,nips4b_birds_trainfile537.wav,4.806530612244898,4.8065,3.0612244898087226e-05,44100,1,PCM_16,211968,9.62658204894135e-06,0.000419604449136502,1.7606789373514727e-07,0.07556626756435883,10.824856910962122,-0.00537109375,0.00537109375,0.00537109375,0.00041971486132503366,12.797006360564732,22.142167716166483,0.5751575709541062,0.21331150603631696,6435.580698094016,4952.141405317338,12020.520550271738,0.35569467574996605,5439.474354619565,0.9198466839817604,0.19725489427799386
train,538,nips4b_birds_trainfile538.wav,5.00390022675737,5.0039,2.2675737021415898e-07,44100,1,PCM_16,220672,1.0200553593115575e-05,0.00096863858323131,9.382607049243594e-07,0.03347326818047705,70.57947218896423,-0.03955078125,0.03759765625,0.03955078125,0.0009686922918130223,40.829045078882615,32.219384452821124,0.6410011238399071,0.24492117224284116,4841.188146029566,4158.120083507553,9556.945149361949,0.23215053282425596,1772.8171222447795,0.9013546759376746,0.2583724389800936
train,539,nips4b_birds_trainfile539.wav,5.00390022675737,5.0039,2.2675737021415898e-07,44100,1,PCM_16,220672,8.58306884765625e-06,0.0007824967575116201,6.123011755161992e-07,-0.013071998630973213,-0.47066433157244036,-0.0029296875,0.0029296875,0.0029296875,0.000782543829179582,3.7437998879519383,11.466252539137232,0.21687391241299303,0.08566145982027543,1240.653262253628,3490.6414532618896,1328.3638159802783,0.08069406815836662,49.16165168213457,0.5914332615588203,0.8621855851453725
train,540,nips4b_birds_trainfile540.wav,2.5774149659863945,2.5774,1.4965986394610553e-05,44100,1,PCM_16,113664,8.492856412320524e-06,0.001021852092267286,1.0441816984710301e-06,-0.00973245469386225,0.19540585492897522,-0.00537109375,0.00537109375,0.00537109375,0.0010218873847352605,5.25605250659933,14.413193901249299,0.19268193975225226,0.21111531457026472,3989.322631380789,3679.9901476136856,6865.793918918919,0.19898683078533136,1136.0219594594594,0.8868213841630603,0.38103621040335567
train,541,nips4b_birds_trainfile541.wav,2.7921995464852607,2.7922,-4.5351473909605033e-07,44100,1,PCM_16,123136,1.0004658213276377e-05,0.00040651588531710644,1.6525516501515085e-07,-0.0024538464249958046,0.4201900593681618,-0.00244140625,0.00244140625,0.00244140625,0.00040663897771993693,6.003866780526537,15.568620942830087,0.49318639553014554,0.22149673122995087,6055.191036112641,5621.358266366464,13043.122238825365,0.39121052203516254,14.683764293139294,0.927061036066371,0.32215453253221105
train,542,nips4b_birds_trainfile542.wav,5.00390022675737,5.0039,2.2675737021415898e-07,44100,1,PCM_16,220672,9.853159468577798e-06,0.0006210549364559949,3.8570923409635985e-07,-0.00802238371878303,0.11713450069911646,-0.00244140625,0.0029296875,0.0029296875,0.0006211330927006491,4.716682357499093,13.472732597925036,0.3157265081206497,0.12008827621209855,1697.7560910256193,4127.791978407127,2883.1510114559164,0.11295072410293268,60.5527660962877,0.7045680224319429,0.8333323673406287
train,543,nips4b_birds_trainfile543.wav,5.00390022675737,5.0039,2.2675737021415898e-07,44100,1,PCM_16,220672,2.8698737549394577e-05,0.0004297922024107826,1.847213372531111e-07,0.02447047656568158,1.2667408126150619,-0.00244140625,0.00244140625,0.00244140625,0.00043074929459029895,5.667812531932545,15.068309542539954,0.5123123912412993,0.32473682540977294,11485.756470707174,6218.050544344292,17994.363580336427,0.4701371284607442,0.1998441125290023,0.944749417939558,0.03846036534746522
train,544,nips4b_birds_trainfile544.wav,2.8212244897959184,2.8212,2.4489795918292145e-05,44100,1,PCM_16,124416,9.744746204266333e-06,0.00031129778396410667,9.690631030096362e-08,0.008012772780812734,0.09219385067465602,-0.0009765625,0.00146484375,0.00146484375,0.00031145026951272524,4.703299028418884,13.44805182779769,0.6192692258230452,0.19841658963951292,6600.198635052942,6190.623627787575,14195.963541666666,0.4100712555085988,20.558449074074073,0.920756414531082,0.3562460892693637
train,545,nips4b_birds_trainfile545.wav,2.7921995464852607,2.7922,-4.5351473909605033e-07,44100,1,PCM_16,123136,8.418505504076792e-06,0.0009656907646547772,9.325586529395282e-07,-0.029644081108181862,4.238333670071239,-0.0068359375,0.00732421875,0.00732421875,0.0009657274585380963,7.584146733372677,17.598134537437748,0.24190326143451144,0.2287976611036667,4475.881780716219,4294.428061026735,8186.73580431393,0.2632215410946256,1720.8655470374222,0.9010887672141689,0.317929052983119
train,546,nips4b_birds_trainfile546.wav,1.0448979591836736,1.0449,-2.0408163263763157e-06,44100,1,PCM_16,46080,1.2079874674479166e-05,0.0003903639561904385,1.5238401829265058e-07,0.06767381115456353,0.2209017787246732,-0.00146484375,0.001953125,0.001953125,0.00039055081828720024,5.000949706277983,13.981049738840666,0.5026909722222223,0.256733002018273,6961.626735892033,6227.3648102715515,14728.710937499998,0.4345049703577826,15.312499999999998,0.9205245165652607,0.31442211399837955
train,547,nips4b_birds_trainfile547.wav,2.5483900226757368,2.5484,-9.977324263221732e-06,44100,1,PCM_16,112384,9.693154441468537e-06,0.00031205238908406786,9.737669353307447e-08,0.008403649857823233,0.10260476951061426,-0.0009765625,0.00146484375,0.00146484375,0.00031220290001231666,4.691960740730502,13.427087391310419,0.6185578018223234,0.20253953000008898,6785.62202309872,6234.446468237953,14557.033919419133,0.42016927880205823,17.265802961275625,0.9231902347133224,0.3277078130403829
train,548,nips4b_birds_trainfile548.wav,2.9547392290249435,2.9547,3.922902494357672e-05,44100,1,PCM_16,130304,9.45055648713777e-06,0.0007915629150767011,6.265718485247247e-07,0.005946875289910778,0.6770705060834779,-0.0048828125,0.00439453125,0.0048828125,0.0007916193286818112,6.168131983501164,15.80307316043324,0.260790152259332,0.20667981550693384,4447.087304554008,4096.4142524938525,7900.18955672888,0.23829895294851808,4468.41463040275,0.8933698383335882,0.3497349689883852
train,549,nips4b_birds_trainfile549.wav,5.00390022675737,5.0039,2.2675737021415898e-07,44100,1,PCM_16,220672,-5.29167547026809e-05,0.010767534226805228,0.00011593979332542207,-0.04869600766921291,5.405844819606434,-0.07080078125,0.06591796875,0.07080078125,0.010767664254997474,6.575314717594397,16.358330890288556,0.12633682569605567,0.018185443488269868,70.0139391940812,536.5818761380873,44.16554886890951,0.002167115007951126,39.76897839327146,0.4460492996044048,0.9967447547906224
train,550,nips4b_birds_trainfile550.wav,5.00390022675737,5.0039,2.2675737021415898e-07,44100,1,PCM_16,220672,9.138456906630655e-06,0.0037588841516453934,1.4129210065490908e-05,0.060448454381266704,4.6147884841639195,-0.037109375,0.0400390625,0.0400390625,0.0037588952601642868,10.651816485636806,20.54847351215026,0.18175844692575405,0.2714448205699888,6290.174883597433,1697.7950182787456,7699.194279292343,0.052910362441958764,6675.792579031322,0.8531148838573108,0.012446654541128114
train,551,nips4b_birds_trainfile551.wav,2.020136054421769,2.0201,3.605442176901619e-05,44100,1,PCM_16,89088,1.2003142258216595e-05,0.0003986738104269003,1.5894080712030402e-07,-0.00819094441075589,0.001794024379466741,-0.00146484375,0.00146484375,0.00146484375,0.0003988544628612986,3.672627202141646,11.299536931895373,0.4878210308908046,0.2811184572384299,7589.566190502523,6078.371018049501,15002.949892241379,0.46449990296823723,18.81061422413793,0.9378458594071541,0.23895537718412838
train,552,nips4b_birds_trainfile552.wav,5.00390022675737,5.0039,2.2675737021415898e-07,44100,1,PCM_16,220672,1.150826013835013e-05,0.001606814711424196,2.5818535168492223e-06,-0.05942035925884848,7.750227770565958,-0.01806640625,0.013671875,0.01806640625,0.0016068559228818976,11.243326792857623,21.01789667663062,0.21470780162412992,0.15849386643464705,855.5025706926516,2769.8354971086997,444.25346215197214,0.04138787285359668,136.09384063225056,0.6800958169156962,0.9343777613083333
train,553,nips4b_birds_trainfile553.wav,5.00390022675737,5.0039,2.2675737021415898e-07,44100,1,PCM_16,220672,8.443668657555105e-06,0.0013205068684692131,1.7437383896743676e-06,0.0018600923178846824,0.05352756304974848,-0.00537109375,0.00634765625,0.00634765625,0.0013205338637137505,4.806886384684163,13.637277145764735,0.14853719547563804,0.3356625927285416,6479.144968610763,5633.657475052216,13626.370812790023,0.40064149201745813,32.97427856728538,0.9319450800300134,0.26931558474379075
train,554,nips4b_birds_trainfile554.wav,3.9938321995464854,3.9938,3.2199546485589536e-05,44100,1,PCM_16,176128,9.259512258130451e-06,0.00031202885732105486,9.73620078010832e-08,-0.0016323569090954024,0.10894031329972131,-0.00146484375,0.00146484375,0.00146484375,0.0003121662159304585,4.692512114527871,13.428108050016059,0.6185785337936046,0.19903819403044395,6715.785201952524,6207.9520667098,14304.30652707122,0.41356489097061955,24.78822220203488,0.9261460248636464,0.3442629470931
train,555,nips4b_birds_trainfile555.wav,2.5774149659863945,2.5774,1.4965986394610553e-05,44100,1,PCM_16,113664,8.737718736803209e-06,0.0008397263860598202,7.051404034450863e-07,0.01156180504095922,0.49575145340754245,-0.0048828125,0.00439453125,0.0048828125,0.0008397718447136756,5.8144513069080315,15.290174757470512,0.24083262950450451,0.24956230259627143,5258.73289253242,4249.167293901898,9414.083614864865,0.2876222668078889,12.02755489864865,0.9139559542533361,0.23060428444507824
train,556,nips4b_birds_trainfile556.wav,5.00390022675737,5.0039,2.2675737021415898e-07,44100,1,PCM_16,220672,2.8329216410555033e-05,0.0007386764332226556,5.456428729985444e-07,-0.009390736969185576,3.2949259853165165,-0.00439453125,0.00439453125,0.00439453125,0.0007392194650447054,5.944826208999021,15.48278325957879,0.4128888123549884,0.22214065282705928,5178.085771657446,3721.6928811517614,7255.1406612529,0.1739307340187752,3477.887090342227,0.8276689840254918,0.026417404566515083
train,557,nips4b_birds_trainfile557.wav,5.00390022675737,5.0039,2.2675737021415898e-07,44100,1,PCM_16,220672,1.0574500134815473e-05,0.00039929579786697077,1.5943713419422077e-07,0.01751140289148071,0.11324178374361216,-0.001953125,0.00244140625,0.00244140625,0.00039943579489990877,6.11213687198908,15.723861420789891,0.49138993619489557,0.24362965681942803,6383.256560225372,5946.743055786861,13949.718586861947,0.41800571108797463,43.366172418793504,0.9329189747899295,0.30809068133387085
train,558,nips4b_birds_trainfile558.wav,5.00390022675737,5.0039,2.2675737021415898e-07,44100,1,PCM_16,220672,9.423895391123477e-06,0.0013533682166800144,1.8316055299196423e-06,0.044813884491860405,0.8495099191526911,-0.0078125,0.00927734375,0.00927734375,0.0013534010269406424,6.8548372325174,16.71994293930488,0.15628625290023201,0.18818512627395534,2565.549774096447,3618.9763454276595,5187.553473027841,0.13193201160137405,59.75338964617169,0.8242224054650484,0.6175787192158093
train,559,nips4b_birds_trainfile559.wav,2.5309750566893423,2.531,-2.4943310657832285e-05,44100,1,PCM_16,111616,1.0801017831224914e-05,0.0006583921433209803,4.334802143867944e-07,-0.007722826910065235,0.19252261384544456,-0.00439453125,0.00439453125,0.00439453125,0.00065848073348655,6.67374309758717,16.487389693820212,0.2962478497706422,0.4142722752318237,9697.37875658807,4509.295286502363,13297.641915137616,0.3076417034563197,13.038453268348626,0.9115092241823112,0.10973417221881902
train,560,nips4b_birds_trainfile560.wav,5.00390022675737,5.0039,2.2675737021415898e-07,44100,1,PCM_16,220672,1.0019112075841067e-05,0.0003657047483733151,1.3373996298278972e-07,-0.00392401918410192,0.015450574816844309,-0.001953125,0.00146484375,0.001953125,0.0003658419680539372,5.338712259802968,14.548730286994028,0.5317212877030162,0.2564994947229133,7348.957140769679,6131.911993904265,14912.167832801622,0.4582715514779105,20.384099477958234,0.9413532838043127,0.262622805827581
train,561,nips4b_birds_trainfile561.wav,1.4918820861678004,1.4919,-1.791383219962306e-05,44100,1,PCM_16,65792,3.0985138295689444e-05,0.0004717559912595327,2.225537152892643e-07,0.030481324387413963,0.3012287399056377,-0.001953125,0.001953125,0.001953125,0.0004727724548706992,4.131215725193147,12.321557474040684,0.4450693093385214,0.2342265659436701,6075.787824846659,5187.246215470089,12682.637706712063,0.3603807920953387,0.6702942607003891,0.9085923144275226,0.1722748752151735
train,562,nips4b_birds_trainfile562.wav,5.00390022675737,5.0039,2.2675737021415898e-07,44100,1,PCM_16,220672,1.0047877194433367e-05,0.0009624371007840741,9.262851729656541e-07,-0.09874345596064979,0.5760257932576578,-0.005859375,0.00390625,0.005859375,0.0009624895494506776,6.087728436474064,15.689105420679754,0.21420479263341066,0.10891780070784109,931.4514389435633,3030.421670466118,563.1607091067285,0.062832954380503,13.789243764501158,0.6185436475919076,0.9071018341632974
train,563,nips4b_birds_trainfile563.wav,2.803809523809524,2.8038,9.523809524125681e-06,44100,1,PCM_16,123648,9.516998354199016e-06,0.000979140757210855,9.587166224314466e-07,0.2726553895396061,22.23793132292084,-0.0107421875,0.0126953125,0.0126953125,0.0009791870075165012,12.965156198506913,22.255555066520827,0.3456424689440994,0.2547655826667853,5560.7937222038945,5203.342020529975,11626.32472826087,0.3604576514935351,10.699728260869565,0.9225009760002261,0.33017509292902947
train,564,nips4b_birds_trainfile564.wav,5.00390022675737,5.0039,2.2675737021415898e-07,44100,1,PCM_16,220672,9.169434726653132e-06,0.0006220344920550578,3.869269093061937e-07,0.0056524152758285606,1.5645298676748718,-0.00341796875,0.00341796875,0.00341796875,0.0006221020718816166,5.494224990542107,14.798128799361834,0.38135785237819025,0.2352778570813564,4776.76434995987,3732.83535380945,5953.755800464037,0.1812535724336611,4026.6590233468673,0.8373887477917459,0.08158903968939969
train,565,nips4b_birds_trainfile565.wav,1.2016326530612245,1.2016,3.265306122446354e-05,44100,1,PCM_16,52992,-1.5940643163118962e-06,0.006073411955238836,3.688633277803802e-05,-0.04033522872658199,0.23367423080801553,-0.02734375,0.02294921875,0.02734375,0.006073412164432698,4.502205557549891,13.068506394683357,0.09846769323671498,0.15964975184465285,1369.9554633836324,4125.415532568329,610.835597826087,0.02382426527322958,181.41983695652175,0.6344083271325839,0.9231391078135797
train,566,nips4b_birds_trainfile566.wav,2.873469387755102,2.8735,-3.0612244898087226e-05,44100,1,PCM_16,126720,9.28628324258207e-06,0.0007545396155555268,5.693300314426822e-07,0.014525651503455079,7.884892707091929,-0.00732421875,0.0078125,0.0078125,0.0007545967575461371,10.353211727817865,20.30150191237352,0.32966382575757575,0.22786638152131883,5050.919477940916,5152.453608348726,11058.757102272726,0.3293950037708185,94.31107954545453,0.9104223855297374,0.3951648846160306
train,567,nips4b_birds_trainfile567.wav,3.163718820861678,3.1637,1.8820861678037204e-05,44100,1,PCM_16,139520,8.322339539134174e-06,0.0006922337948359353,4.791876267129598e-07,0.0055012288516548885,1.3124162510755513,-0.00390625,0.00439453125,0.00439453125,0.0006922838204438729,6.3478751347710975,16.052567508432404,0.30874426605504585,0.22936660956572222,4559.648127550743,4968.050357299411,9184.128440366972,0.25906093609921704,794.3183772935779,0.8835571146120058,0.49084177779068044
train,568,nips4b_birds_trainfile568.wav,5.00390022675737,5.0039,2.2675737021415898e-07,44100,1,PCM_16,220672,1.0981637197968025e-05,0.001293039148710634,1.6719502400983212e-06,0.008094892658753983,0.015694101877630207,-0.00537109375,0.005859375,0.005859375,0.0012930857807793995,4.531311910698065,13.124479153240344,0.15101145591647333,0.347884407103788,6779.345095700056,5809.0003982341295,13966.905180539443,0.4129671532668606,24.38098172853828,0.9325843038982415,0.284213911793184
train,569,nips4b_birds_trainfile569.wav,1.5383219954648526,1.5383,2.1995464852597735e-05,44100,1,PCM_16,67840,8.23398806014151e-06,0.00047464107396968106,2.2528414909909227e-07,-0.025215966372837576,0.01671908887839413,-0.001953125,0.001953125,0.001953125,0.000474712489469644,4.114332450326009,12.285987621304946,0.41236733490566035,0.2872241630920267,6692.753582048207,6465.717539020021,16114.311615566037,0.3451758939038957,16114.961674528302,0.8603187887775287,0.36834860703315464
train,570,nips4b_birds_trainfile570.wav,5.00390022675737,5.0039,2.2675737021415898e-07,44100,1,PCM_16,220672,8.49013538758882e-06,0.001778987486583051,3.164796477419081e-06,0.04698069462918463,6.7516885226388474,-0.02587890625,0.02587890625,0.02587890625,0.001779007745856656,14.546820445426661,23.25536156553764,0.3693808004640371,0.30448948887710664,5445.323746827396,4117.61449992467,9282.15949463457,0.24656651672596427,34.373187354988396,0.8875575737677187,0.1349756240918763
train,571,nips4b_birds_trainfile571.wav,4.347936507936508,4.3479,3.650793650766815e-05,44100,1,PCM_16,191744,9.518917475905374e-06,0.00033341902133819337,1.1116824379011866e-07,-0.0016414626572169395,0.13884865214559206,-0.001953125,0.001953125,0.001953125,0.0003335548734167015,5.855483327206589,15.351254974249356,0.5835280373831776,0.1972327542596079,5899.512150985017,6245.612517751321,13979.734959112151,0.38213660165693075,11.26971378504673,0.9077459055476466,0.4224996390154439
train,572,nips4b_birds_trainfile572.wav,2.5193650793650795,2.5194,-3.492063492060993e-05,44100,1,PCM_16,111104,8.411671159454205e-06,0.000908112895638013,8.246690312240565e-07,0.03217510239674311,-0.016372466656215057,-0.00390625,0.00341796875,0.00390625,0.0009081518526302478,4.301318098604839,12.672031228949114,0.21317864343317972,0.1516970738863937,1835.0416294034046,4105.274728778382,3460.3956653225805,0.1233315409707403,65.88961693548387,0.711546000890973,0.8162768592437657
train,573,nips4b_birds_trainfile573.wav,5.00390022675737,5.0039,2.2675737021415898e-07,44100,1,PCM_16,220672,9.131818802340125e-06,0.0012716142025535223,1.6170026801358305e-06,-0.004214041303776429,-0.006514063713438656,-0.005859375,0.00537109375,0.005859375,0.0012716469912088296,4.607705629398037,13.269694514155006,0.1533497679814385,0.33599793357532254,6491.489305589426,5688.964552870809,13646.754912267981,0.3963031501618615,35.97194025522042,0.9291516755581251,0.2774971180553707
train,574,nips4b_birds_trainfile574.wav,5.00390022675737,5.0039,2.2675737021415898e-07,44100,1,PCM_16,220672,9.788991127102668e-06,0.0008690213693004937,7.55198140300905e-07,-0.018267541307909554,5.62636499577436,-0.00732421875,0.0068359375,0.00732421875,0.000869076501033247,8.427588067669785,18.51406599123647,0.29581460266821347,0.22175546401656765,2501.382155341642,4914.504902881561,6661.803491154292,0.1390255124393615,16315.07350275522,0.7191228738491928,0.7602832257741512
train,575,nips4b_birds_trainfile575.wav,5.00390022675737,5.0039,2.2675737021415898e-07,44100,1,PCM_16,220672,-2.011345600030815e-06,0.010663526683137515,0.00011371080132198577,0.07428192856615931,3.56198680966875,-0.16650390625,0.10400390625,0.16650390625,0.010663526872826685,15.61433737971752,23.87047117902433,0.277398129350348,0.12213204272423653,1277.6017889292345,2547.00403896613,1945.2825913573083,0.06226784835254382,41.367731293503475,0.7646932552348426,0.8542027793429756
train,576,nips4b_birds_trainfile576.wav,2.9663492063492063,2.9663,4.920634920635436e-05,44100,1,PCM_16,130816,9.663650900883684e-06,0.0009028440314250282,8.151273450797974e-07,-0.02099299958849934,1.8764592630487371,-0.00537109375,0.00537109375,0.00537109375,0.0009028957477076364,5.94874188258908,15.488502503733084,0.24278375733855187,0.25100332530673086,4995.331682516277,4360.250925059847,9155.024614726028,0.2903491306488491,406.8974743150685,0.9136520274377682,0.2776267369788967
train,577,nips4b_birds_trainfile577.wav,5.00390022675737,5.0039,2.2675737021415898e-07,44100,1,PCM_16,220672,9.662867145582583e-06,0.00041925440521645515,1.7577425629340358e-07,-0.005980544200445651,1.0204250991754042,-0.00244140625,0.0029296875,0.0029296875,0.0004193657440646252,6.9859962132446585,16.88456691785221,0.49427657337587005,0.26209152992463897,7119.69780897809,5728.298188268103,14382.580934599768,0.4357333991402186,13.189711426914153,0.9388863898267037,0.19437383547215714
train,578,nips4b_birds_trainfile578.wav,5.00390022675737,5.0039,2.2675737021415898e-07,44100,1,PCM_16,220672,1.0174001175953452e-05,0.0005035493665907514,2.53561964593947e-07,-0.00523138772838072,0.1484896371167408,-0.0029296875,0.00244140625,0.0029296875,0.0005036521367907371,5.816886866931449,15.293812345091695,0.3898546258700696,0.27954284885644237,6431.173613920197,6197.379255821617,15337.835792488399,0.35570341014863643,16434.380437935033,0.8993520230983231,0.36531203565905407
train,579,nips4b_birds_trainfile579.wav,5.00390022675737,5.0039,2.2675737021415898e-07,44100,1,PCM_16,220672,9.660654444152407e-06,0.0003336524655889475,1.1132396779358378e-07,0.005119991982135306,0.1440092905812569,-0.001953125,0.00146484375,0.001953125,0.0003337922947550963,5.851318411747669,15.345074635953548,0.5850991516821346,0.21054873544779332,6540.616796374726,5908.80151738189,13935.129966647331,0.4084603921626441,15.987529002320183,0.9268471037028346,0.30606692447061346
train,580,nips4b_birds_trainfile580.wav,3.2798185941043085,3.2798,1.8594104308711223e-05,44100,1,PCM_16,144640,2.3934693463080753e-05,0.002580665436367904,6.659834094463944e-06,0.521071656816533,4.184479299111392,-0.0146484375,0.01953125,0.01953125,0.002580776426584666,7.567974427698552,17.579593118170255,0.08019220132743363,0.0472624949010986,308.8766017033415,1409.9002208794543,211.29217367256638,0.014809611541943187,88.41952433628319,0.5381408872304759,0.9778661633208391
train,581,nips4b_birds_trainfile581.wav,4.069297052154195,4.0693,-2.947845804790461e-06,44100,1,PCM_16,179456,9.87957615655091e-06,0.00047965536488882716,2.3006926906663393e-07,0.0160481113725779,0.20899897687490032,-0.00244140625,0.0029296875,0.0029296875,0.00047975710009510753,6.106605820777255,15.715997746940982,0.41095867510699,0.2744086261179683,6370.047068830079,5829.53046524968,13644.371322218258,0.403950137172544,10.812678316690441,0.9289349726211915,0.3199654508997167
train,582,nips4b_birds_trainfile582.wav,3.4249433106575964,3.4249,4.331065759632935e-05,44100,1,PCM_16,151040,2.2332142975370762e-05,0.0010860593269872776,1.1795248617360587e-06,0.4961998976564797,1.949991855848082,-0.00439453125,0.00732421875,0.00732421875,0.0010862889055614675,6.742422492305901,16.57631925420098,0.18992319915254238,0.09769000059587259,901.9371417677248,2931.1035259206014,577.2358315677966,0.05985758406787029,13.138903601694913,0.6232200984504975,0.9105149910783995
train,583,nips4b_birds_trainfile583.wav,5.00390022675737,5.0039,2.2675737021415898e-07,44100,1,PCM_16,220672,8.505624297600058e-06,0.00044008785865458063,1.9367732333517412e-07,0.008175572342153587,1.3881082962058215,-0.0029296875,0.0029296875,0.0029296875,0.00044017004552770973,6.6558084307796666,16.464016269702068,0.49519195910672853,0.20174830403632557,5508.037534413243,5175.261688946762,11459.860788863109,0.3135136251114753,18.585502465197216,0.9005849817661291,0.22078217785554072
train,584,nips4b_birds_trainfile584.wav,5.00390022675737,5.0039,2.2675737021415898e-07,44100,1,PCM_16,220672,2.7402094511310903e-05,0.0003446076755052189,1.1875445001711023e-07,0.01951541615253289,0.4348579693920609,-0.001953125,0.001953125,0.001953125,0.00034569542201295787,5.649843404425501,15.040728214667084,0.5823665893271461,0.23264497827081945,7977.7859363373045,5460.205298158658,14547.052639211135,0.43110302746144963,0.1998441125290023,0.935188908692024,0.053863605576186524
train,585,nips4b_birds_trainfile585.wav,2.5541950113378684,2.5542,-4.988662131388821e-06,44100,1,PCM_16,112640,9.11192460493608e-06,0.0003887325038305735,1.511129595343868e-07,0.015631205851577464,0.14858312739240453,-0.001953125,0.001953125,0.001953125,0.00038883928132892243,5.022962169163756,14.019198144973597,0.5061878551136364,0.24400074574525696,6726.981697522435,6098.922582956992,14379.873046875002,0.4357638300396768,24.273792613636367,0.9310361694382638,0.30957637022295525
train,586,nips4b_birds_trainfile586.wav,3.308843537414966,3.3088,4.353741496565533e-05,44100,1,PCM_16,145920,9.891443085252193e-06,0.0007527764610291672,5.666724002795973e-07,0.02167487391854399,3.9405892385760426,-0.00732421875,0.0068359375,0.00732421875,0.0007528414447451109,9.728766662786155,19.761155745764857,0.29409265350877195,0.20392135362769756,4079.103838355638,4567.000064555725,8529.566200657895,0.25135985178428294,579.6587171052632,0.8822752188963606,0.47039558231774176
train,587,nips4b_birds_trainfile587.wav,5.00390022675737,5.0039,2.2675737021415898e-07,44100,1,PCM_16,220672,8.330820884616082e-06,0.0026288266985922924,6.910729811231651e-06,-0.00933226869471933,11.262147634057403,-0.0263671875,0.02392578125,0.0263671875,0.0026288398988542957,10.02997082914459,20.025993398673645,0.3531938805104408,0.3423875361964191,6709.405517503464,5484.050157448745,13433.521244199535,0.38094640000086993,12.790023201856147,0.9265654862681735,0.26027081222963294
train,588,nips4b_birds_trainfile588.wav,5.00390022675737,5.0039,2.2675737021415898e-07,44100,1,PCM_16,220672,1.0222680607417343e-05,0.0003896352153608081,1.5181560104926333e-07,0.0055514584795922995,0.05510430482883599,-0.001953125,0.001953125,0.001953125,0.0003897692961843769,5.010977055196496,13.998448283050035,0.5016993546983759,0.26534977409809174,7359.49426062992,5868.375910445505,14668.158171403711,0.4551894033819271,11.391114414153131,0.9424780214965778,0.21027289486347642
train,589,nips4b_birds_trainfile589.wav,2.594829931972789,2.5948,2.9931972788777017e-05,44100,1,PCM_16,114432,1.0257866025237696e-05,0.0007254756817988232,5.263149648814674e-07,0.02925546841148004,0.21196199826005246,-0.00341796875,0.00439453125,0.00439453125,0.0007255481987413786,6.0568426158638005,15.644925777542351,0.27354236577181207,0.2295619194099501,4352.862425692274,4744.276253210051,9833.014366610738,0.2502249443994252,914.1254194630873,0.8755912157789019,0.538583176118812
train,590,nips4b_birds_trainfile590.wav,5.00390022675737,5.0039,2.2675737021415898e-07,44100,1,PCM_16,220672,9.4216826896933e-06,0.00039426968483488665,1.5544858437980084e-07,0.02723263222777228,0.07233818196316122,-0.00146484375,0.00341796875,0.00341796875,0.00039438224159374385,8.666639593577024,18.757014731842023,0.4931391386310905,0.25792242750520006,6742.884785846725,6261.6850433512545,14644.576566125288,0.42576719379291256,26.179578741299302,0.9273458267440463,0.33966493861820773
train,591,nips4b_birds_trainfile591.wav,5.00390022675737,5.0039,2.2675737021415898e-07,44100,1,PCM_16,220672,9.5655082826548e-06,0.0006480164028921594,4.1992525841729346e-07,-0.0023475089013717462,0.8650225340653375,-0.0048828125,0.00439453125,0.0048828125,0.0006480869983003817,7.534192959903921,17.540734776459296,0.3197279219837587,0.2385542277870676,5331.450335807234,4248.718808183085,9104.298234483758,0.27603392877478655,3824.6166255800463,0.9048466892131514,0.18790749818482597
train,592,nips4b_birds_trainfile592.wav,2.7689795918367346,2.769,-2.0408163265539514e-05,44100,1,PCM_16,122112,1.031647688187893e-05,0.0005265138479200391,2.772168320515661e-07,0.030837877471353373,8.211322674822174,-0.00439453125,0.00537109375,0.00537109375,0.0005266149083977972,10.199281608531209,20.171391661830135,0.4738027384696017,0.25494017737959723,6919.098179534074,6016.694292433228,14319.71550707547,0.4365878770383232,22.390919811320753,0.9334504521189456,0.2797148494455482
train,593,nips4b_birds_trainfile593.wav,5.00390022675737,5.0039,2.2675737021415898e-07,44100,1,PCM_16,220672,8.786637379232527e-06,0.0019357732357477117,3.7472180202371663e-06,-0.017442601061502624,1.480177457274408,-0.01220703125,0.01220703125,0.01220703125,0.0019357931772876979,6.305958401560059,15.995022030323,0.11577816850348027,0.30138532022785053,5952.591826258579,3970.495984421202,8303.922563805103,0.23086872946533252,6205.55938225058,0.8739037217206589,0.13570665218288225
train,594,nips4b_birds_trainfile594.wav,1.5383219954648526,1.5383,2.1995464852597735e-05,44100,1,PCM_16,67840,2.9265205815153303e-05,0.000431576822194706,1.8625855345568088e-07,0.015626722029088123,0.23332616627529879,-0.001953125,0.001953125,0.001953125,0.00043256792036289995,4.515186882932602,13.093514608147618,0.47553066037735847,0.23744453780273883,6483.688608919048,5395.324942568135,13323.608490566037,0.3842176812458314,0.6500589622641509,0.9148699673049397,0.15361459775206548
train,595,nips4b_birds_trainfile595.wav,5.00390022675737,5.0039,2.2675737021415898e-07,44100,1,PCM_16,220672,-9.676143354163645e-06,0.008359762013755859,6.988562092663543e-05,-0.04710355868514451,6.511856888254389,-0.06396484375,0.06787109375,0.06787109375,0.008359767613659223,8.118777564953337,18.189812858809944,0.17719058149651973,0.028780401593322187,100.82308676547969,496.3492482463472,108.11566487819024,0.0020503314342344542,31.17568155452436,0.5392928989362639,0.9960852369040986
train,596,nips4b_birds_trainfile596.wav,5.00390022675737,5.0039,2.2675737021415898e-07,44100,1,PCM_16,220672,9.713759278476653e-06,0.0003712720612462912,1.378429434620698e-07,0.007009200942346328,0.019483505939744017,-0.00146484375,0.001953125,0.001953125,0.0003713991122517526,5.258830556051722,14.417783554100449,0.5238997244779582,0.2553031435938569,7128.927793539951,6234.326101375246,14891.583889211135,0.4454509468806009,39.16944605568445,0.9352363158495285,0.300652097424659
train,597,nips4b_birds_trainfile597.wav,5.00390022675737,5.0039,2.2675737021415898e-07,44100,1,PCM_16,220672,1.0021324777271245e-05,0.000523075454278807,2.7360793086898024e-07,-0.02185605425055879,-0.05930819805452758,-0.001953125,0.001953125,0.001953125,0.0005231714420907087,3.733240851593277,11.44172019040218,0.36763612964037123,0.13206991403492077,2170.6022738934716,4634.441186543057,4912.168285962876,0.1441710037501729,50.56056046983758,0.7278962647293092,0.7956301065869432
train,598,nips4b_birds_trainfile598.wav,5.00390022675737,5.0039,2.2675737021415898e-07,44100,1,PCM_16,220672,8.974717000797563e-06,0.005709825624533801,3.2602108662582815e-05,-0.006143660753188985,0.36702653596107737,-0.03271484375,0.03369140625,0.03369140625,0.005709832677769818,5.900594317092913,15.417915133300388,0.1060306699535963,0.2355225652668452,4464.857051606209,3339.309725958774,6688.782446345707,0.15849349806495008,5418.773111223897,0.8934072474478049,0.26229378009530013
train,599,nips4b_birds_trainfile599.wav,2.56,2.56,0.0,44100,1,PCM_16,112896,6.076700292747307e-06,0.001555919138735511,2.4208843662834543e-06,-0.10527672903956084,1.7969216499608587,-0.0107421875,0.0107421875,0.0107421875,0.0015559310050802066,6.904025605843783,16.782047868673878,0.14003153344671201,0.07937464015235396,938.2383184070468,2282.438036319805,3262.109375,0.03157400410366203,77.734375,0.651098231232459,0.841348238463217
train,600,nips4b_birds_trainfile600.wav,4.800725623582767,4.8007,2.5623582766698405e-05,44100,1,PCM_16,211712,9.628997027801919e-06,0.0003778538298564805,1.4277351673721012e-07,-0.01250695024020353,0.3118729174184427,-0.00244140625,0.00244140625,0.00244140625,0.00037797649969405705,6.4591482591540235,16.203505063501222,0.5271123035066505,0.21057951641624667,5580.422525349884,5213.183239582179,12303.556718561063,0.3179308250577848,3535.9238021463116,0.8901816601621411,0.23340084843240952
train,601,nips4b_birds_trainfile601.wav,1.3873922902494331,1.3874,-7.709750566853302e-06,44100,1,PCM_16,61184,-2.8490521418998432e-05,0.005894426324584765,3.474426169595786e-05,-0.09094195356749554,0.1185110380943648,-0.02392578125,0.01904296875,0.02392578125,0.00589449517819538,4.05900429582249,12.168390219009002,0.03229602510460251,0.02278410669630453,103.11911560029603,688.4649035799674,45.40893043933055,0.003591877285632648,41.80504707112971,0.3677179694246893,0.9944246088794866
train,602,nips4b_birds_trainfile602.wav,2.6354648526077096,2.6355,-3.514739229038e-05,44100,1,PCM_16,116224,9.196445280234718e-06,0.0007245510119895321,5.249741689750551e-07,0.015116278450295935,7.563810217810435,-0.0107421875,0.01171875,0.01171875,0.0007246093730975659,16.17250678100477,24.175546838176423,0.2962038821585903,0.21598995035406074,4340.5674014571305,4479.595486791388,8035.015143171806,0.24886253586392204,22.386942455947135,0.8864332264216299,0.31897792693305954
train,603,nips4b_birds_trainfile603.wav,3.152108843537415,3.1521,8.843537415259561e-06,44100,1,PCM_16,139008,9.501617038228015e-06,0.00033330230284635184,1.1109042508268125e-07,0.008070479696741085,0.8586400980510702,-0.00244140625,0.001953125,0.00244140625,0.00033343770903876847,7.321926056408156,17.292506773193598,0.6011524516574586,0.2033854410209558,6581.863234644054,6185.8874325562665,14192.720562845301,0.40937860410025717,12.689917127071821,0.9200489641292383,0.35275839757180727
train,604,nips4b_birds_trainfile604.wav,2.56,2.56,0.0,44100,1,PCM_16,112896,1.7529442196800594e-05,0.0019450222322470172,3.7831114839351698e-06,0.3604646783167383,3.0798465130654993,-0.01220703125,0.0146484375,0.0146484375,0.0019451012223735042,7.5309384064471905,17.536981912724002,0.1015625,0.06033039550024359,483.4001123938083,1858.26699448645,387.5,0.026220682631315863,70.703125,0.6016882208352884,0.9597940645843374
train,605,nips4b_birds_trainfile605.wav,4.040272108843538,4.0403,-2.7891156462622746e-05,44100,1,PCM_16,178176,9.449048974048131e-06,0.0003767671235499665,1.4195346538811573e-07,0.0013918429378322647,0.007164804247971279,-0.00146484375,0.00146484375,0.00146484375,0.00037688559260686753,3.8867066789894262,11.791635332805265,0.5170337194683908,0.2619447172723446,7127.941078825293,6226.83369788755,14849.494881465516,0.44281782215431126,22.523235452586206,0.9321443485766178,0.2957755830535519
train,606,nips4b_birds_trainfile606.wav,2.5658049886621317,2.5658,4.9886621318329105e-06,44100,1,PCM_16,113152,1.6544739045708426e-05,0.0019173474298997007,3.6762211669429873e-06,0.5419502558650032,6.266841002262234,-0.009765625,0.01806640625,0.01806640625,0.001917418810623563,9.422253578562021,19.48309576218839,0.11350219174208145,0.10479801327429718,1042.2097582694075,2986.4977822390315,715.1751626131221,0.05630753508380925,63.527820984162894,0.6025398691993729,0.8925359499709633
train,607,nips4b_birds_trainfile607.wav,2.536780045351474,2.5368,-1.9954648525999374e-05,44100,1,PCM_16,111872,8.589615810926773e-06,0.0029442450151211724,8.668578709065873e-06,0.004581515322736453,0.336459260140074,-0.01513671875,0.0166015625,0.0166015625,0.002944257544877087,5.638624422950425,15.023463361984184,0.06718392448512586,0.271240982917825,5854.978277864296,1773.086481781029,7410.969679633868,0.05726388040307685,4334.23466104119,0.8435472692432157,0.020696566475616
train,608,nips4b_birds_trainfile608.wav,5.00390022675737,5.0039,2.2675737021415898e-07,44100,1,PCM_16,220672,9.620825818409223e-06,0.00039355997763529426,1.5488945599629332e-07,-0.0015557579851781884,0.7227672716816409,-0.00244140625,0.00244140625,0.00244140625,0.0003936775536981014,6.201537850116381,15.849987973844637,0.5141658207656613,0.2634600831101504,6881.340862563896,5415.9115911291465,13760.066524071925,0.40057561752418086,5078.638431699535,0.9282522194991681,0.1711988073055582
train,609,nips4b_birds_trainfile609.wav,5.00390022675737,5.0039,2.2675737021415898e-07,44100,1,PCM_16,220672,9.797841932823377e-06,0.0020405681907645712,4.163918541160196e-06,0.030568577730646904,6.0977865715953214,-0.0166015625,0.01806640625,0.01806640625,0.0020405917129270954,8.853513486088268,18.942313063241745,0.12589725928074247,0.3162762664781507,5507.666585995859,4789.497813842207,11590.159150232017,0.29190305718146115,10.591737964037122,0.8923240610529123,0.16662901191139165
train,610,nips4b_birds_trainfile610.wav,5.00390022675737,5.0039,2.2675737021415898e-07,44100,1,PCM_16,220672,2.9670113477242243e-05,0.0013104211056730378,1.7172034741933467e-06,0.024230135927219742,3.1912766632030527,-0.0107421875,0.01025390625,0.0107421875,0.001310756952995901,8.195407604321586,18.271411167661725,0.24302584831786542,0.22714810736345056,4528.259315153214,2782.469462695152,7259.13754350348,0.10645847017751484,3584.2041582076563,0.8417201479662989,0.08870060898009385
train,611,nips4b_birds_trainfile611.wav,5.00390022675737,5.0039,2.2675737021415898e-07,44100,1,PCM_16,220672,1.0008048568690183e-05,0.008894463539181949,7.911148164983709e-05,0.00406983909146673,0.6090478659960281,-0.04345703125,0.0419921875,0.04345703125,0.008894469169707276,4.885848769705747,13.778800405025297,0.07140461861948956,0.1315442445994263,1024.8873839952332,3527.115627453436,455.64457656612524,0.008725146721689073,160.67466647331784,0.6488390851302922,0.9521519816278311
train,612,nips4b_birds_trainfile612.wav,5.00390022675737,5.0039,2.2675737021415898e-07,44100,1,PCM_16,220672,9.171647428083308e-06,0.00045994772880273154,2.1155191323079108e-07,0.018302658605698203,2.1383474762162944,-0.0029296875,0.00390625,0.00390625,0.00046003916392774234,8.491124900430323,18.579304583883765,0.47900957076566125,0.2635779055698302,6573.530250704682,4963.012661657604,12626.151029582366,0.3642785713215195,13.389555539443155,0.9231366649277017,0.14376990055460387
train,613,nips4b_birds_trainfile613.wav,2.6586848072562357,2.6587,-1.5192743764380623e-05,44100,1,PCM_16,117248,8.412323664369542e-06,0.0010848489696866522,1.176897287030191e-06,-0.004726978924516721,0.5564683700365838,-0.0078125,0.0078125,0.0078125,0.0010848815853445135,7.201246758667282,17.14815385511144,0.18268115447598254,0.1975317065681851,3706.4831867189164,3485.376568428707,6159.812534115721,0.17612911920259663,572.0873703602621,0.8660220951709027,0.3533926165659421
train,614,nips4b_birds_trainfile614.wav,5.00390022675737,5.0039,2.2675737021415898e-07,44100,1,PCM_16,220672,9.771289515661253e-06,0.0006121929641334297,3.747802253344747e-07,0.07548903789428882,1.6163398296703502,-0.00390625,0.00439453125,0.00439453125,0.0006122709395629304,7.177429085785185,17.1193782057343,0.35010785237819025,0.25363097099301674,5350.730264514121,6167.726038012933,14246.886782192574,0.292827979079108,16262.114812935033,0.8583554366224996,0.4769901505504994
train,615,nips4b_birds_trainfile615.wav,5.00390022675737,5.0039,2.2675737021415898e-07,44100,1,PCM_16,220672,1.0501480987619635e-05,0.0017092934701686037,2.921684167161027e-06,0.007291987246334239,2.399709958342523,-0.015625,0.01513671875,0.015625,0.0017093257291294602,9.141031304757597,19.21990392495809,0.12355441560324826,0.299404996578617,5684.068287432352,5368.273598524025,12702.891168793503,0.35104462715908125,20.98363181554524,0.919883009615682,0.31482618605075713
train,616,nips4b_birds_trainfile616.wav,5.00390022675737,5.0039,2.2675737021415898e-07,44100,1,PCM_16,220672,8.722469037757395e-06,0.0003876563076781478,1.5027741288265476e-07,0.0007851842699789086,0.08191309910253297,-0.001953125,0.00244140625,0.00244140625,0.00038775442531165187,6.296269212241113,15.981665781210753,0.503978755800464,0.25756896012616065,7199.232684396466,6194.86150696829,14851.215378480278,0.44985459753532664,29.976616879350345,0.937396883943402,0.28661731161045456
train,617,nips4b_birds_trainfile617.wav,5.00390022675737,5.0039,2.2675737021415898e-07,44100,1,PCM_16,220672,1.0952872079375725e-05,0.0007835496532660551,6.139500591333551e-07,-0.15824995415504192,6.627883597852261,-0.0078125,0.00634765625,0.0078125,0.0007836262020505326,9.969676842807008,19.97362162629278,0.33076239849187933,0.2364696765773482,4616.883639330115,6090.843509410107,13302.02381815545,0.2479511344087928,16207.157681989558,0.8202901139655242,0.5654512383580493
train,618,nips4b_birds_trainfile618.wav,5.00390022675737,5.0039,2.2675737021415898e-07,44100,1,PCM_16,220672,9.158371219502248e-06,0.0003935861089382469,1.5491002514914955e-07,-0.011631388536606264,0.10087416421458606,-0.001953125,0.00146484375,0.001953125,0.000393692647775576,4.961040067767221,13.911454692467053,0.4990438297563805,0.251134041174418,6619.5711646859045,5997.428862335193,14243.289588167052,0.41095359784592206,19.98441125290023,0.9234580486110088,0.29033102255186766
train,619,nips4b_birds_trainfile619.wav,2.861859410430839,2.8619,-4.058956916086487e-05,44100,1,PCM_16,126208,9.45549707625507e-06,0.0008744508740247904,7.646643310827199e-07,0.010047671326926634,9.264624438452222,-0.009765625,0.00927734375,0.009765625,0.0008745019939986866,11.16707002044259,20.958784785726564,0.32483677738336714,0.23307740458136236,5298.865200952247,5120.310244133572,11216.483899594321,0.34151500879533525,93.99483392494929,0.9152441836114308,0.3320135383870283
train,620,nips4b_birds_trainfile620.wav,4.440816326530612,4.4408,1.6326530611898704e-05,44100,1,PCM_16,195840,9.479398041768791e-06,0.0003647889910014088,1.3307100795582593e-07,0.008920002428041512,-0.01836359796478293,-0.00146484375,0.00146484375,0.00146484375,0.00036491213592186844,4.0142368691011105,12.072059908661721,0.5316431781045752,0.2684501044225103,7670.024344624386,6119.429495998019,15095.873161764706,0.47098030849978134,16.21323529411765,0.9447352826804621,0.24284742617437846
train,621,nips4b_birds_trainfile621.wav,4.0344671201814055,4.0345,-3.2879818594899746e-05,44100,1,PCM_16,177920,9.61633037320144e-06,0.0007077448621989845,5.009027899690596e-07,0.12495878574448673,11.369305869745528,-0.01611328125,0.021484375,0.021484375,0.0007078101890894946,30.353299982353803,29.64411828135085,0.2904901079136691,0.23501705832429365,4905.68049681622,4400.373640566091,9368.027765287768,0.2837999952994981,1689.194581834532,0.9113386024889791,0.33112616729739114
train,622,nips4b_birds_trainfile622.wav,2.9373242630385485,2.9373,2.4263038548522076e-05,44100,1,PCM_16,129536,9.747833131330287e-06,0.0008386760172264095,7.033774618707527e-07,0.04427156237578713,9.170323142403726,-0.0087890625,0.00830078125,0.0087890625,0.0008387326642748028,10.478979625288979,20.406379918830183,0.31266211709486164,0.22029567298413555,4855.493617819063,5055.148036780675,10644.041038784584,0.31271860089475234,93.62262228260869,0.9054594257298365,0.40406898446248035
train,623,nips4b_birds_trainfile623.wav,4.748480725623582,4.7485,-1.9274376417577344e-05,44100,1,PCM_16,209408,9.4597963365774e-06,0.000576275313007843,3.320932363822874e-07,0.010342767892274833,0.20630866802743686,-0.0029296875,0.0029296875,0.0029296875,0.000576352951002263,5.083148259942711,14.122655538677286,0.3450202475550122,0.23843042496191627,5216.868466151278,4686.854383279088,9831.355058068459,0.3035141583008109,96.6624961797066,0.910770139943687,0.3131840138743087
train,624,nips4b_birds_trainfile624.wav,3.848707482993197,3.8487,7.482993197083232e-06,44100,1,PCM_16,169728,1.2804839765683918e-05,0.0014923792462807504,2.2271958147295007e-06,-0.06809192360831431,0.1988564716312018,-0.00732421875,0.005859375,0.00732421875,0.0014924341790011797,4.907565675627836,13.817322405367161,0.13258861236802413,0.10391393237375314,1106.758382019551,2712.9327145000752,1293.1614111990948,0.045165981169696987,39.2339507918552,0.6445416573823295,0.8579762503174185
train,625,nips4b_birds_trainfile625.wav,5.00390022675737,5.0039,2.2675737021415898e-07,44100,1,PCM_16,220672,8.614046667678727e-06,0.0008871498795870588,7.870349088513331e-07,0.0433941207830257,2.1143735846414273,-0.005859375,0.005859375,0.005859375,0.0008871916989305784,6.604406924752447,16.396676481791022,0.2697306409512761,0.2186422321011823,4349.722159793935,4400.524080234587,6585.263196055684,0.18096956086706703,16209.755655452434,0.8489957630366054,0.31303460614253226
train,626,nips4b_birds_trainfile626.wav,5.00390022675737,5.0039,2.2675737021415898e-07,44100,1,PCM_16,220672,8.764510364930757e-06,0.0014569400107073485,2.122674194799929e-06,0.0015519208059869899,1.322932227506386,-0.00927734375,0.009765625,0.009765625,0.0014569663727903488,6.702711320163894,16.52501030236162,0.14675174013921113,0.14435970290613628,3477.693026191487,3066.8134970573415,7063.889845562644,0.08000299839950327,7110.253679669373,0.8211227293623319,0.48411108352986043
train,627,nips4b_birds_trainfile627.wav,5.00390022675737,5.0039,2.2675737021415898e-07,44100,1,PCM_16,220672,1.009655662589726e-05,0.0007277148249802253,5.295688664959998e-07,0.08472736218481523,3.3212836483606374,-0.0048828125,0.005859375,0.005859375,0.000727784863096025,8.050971237673167,18.116965502310684,0.3254196273201856,0.23209665067000196,1850.7279230874865,4398.811050440264,2994.8638703596284,0.097065878058126,84.33421548723898,0.6789270568978449,0.8326623895496327
train,628,nips4b_birds_trainfile628.wav,5.00390022675737,5.0039,2.2675737021415898e-07,44100,1,PCM_16,220672,1.030455056033389e-05,0.0017171652930346023,2.9486566436026116e-06,0.0062319988291020525,0.7717120027589108,-0.009765625,0.009765625,0.009765625,0.0017171962110850531,5.68695932180595,15.097602436053048,0.12028259135730858,0.3049426521835674,5650.708662776279,4263.12225596149,9808.748731148491,0.26355542297527973,3738.084124854988,0.8892813243468737,0.13478335031355773
train,629,nips4b_birds_trainfile629.wav,2.513560090702948,2.5136,-3.990929705199875e-05,44100,1,PCM_16,110848,9.981644346312066e-06,0.0003887510321241121,1.5112736497756242e-07,0.10782694036128554,21.14191698310136,-0.01123046875,0.0126953125,0.0126953125,0.0003888791562959099,32.64590630396182,30.276574596714966,0.507379474595843,0.2699937752036591,7348.903553730242,6192.899563121708,14893.21864174365,0.4558965347015206,12.333104792147806,0.9342674174159591,0.27542234833261436
train,630,nips4b_birds_trainfile630.wav,5.00390022675737,5.0039,2.2675737021415898e-07,44100,1,PCM_16,220672,1.0123109043059382e-05,0.0003711490682420429,1.3775163085693662e-07,0.006656585192618035,0.2530918882595441,-0.00341796875,0.00390625,0.00390625,0.00037128709672386176,10.520834239777539,20.441003563212277,0.5265144649071926,0.2678648304489489,7656.447731757243,6079.853608302683,15074.241408062644,0.470881660656993,13.589399651972156,0.9447725823162384,0.23168081838035157
train,631,nips4b_birds_trainfile631.wav,5.00390022675737,5.0039,2.2675737021415898e-07,44100,1,PCM_16,220672,1.9684191922853827e-05,0.0036347608432191502,1.3211486387399187e-05,0.152794067908176,1.7075548406435344,-0.0185546875,0.02197265625,0.02197265625,0.003634814143090516,6.045056331633412,15.628007044890516,0.06254531612529002,0.04969841981955037,260.5741115419831,1150.5517572985293,113.91114414153131,0.009390934141742094,37.97038138051044,0.5582277484314156,0.952041895411501
train,632,nips4b_birds_trainfile632.wav,2.9605442176870747,2.9605,4.421768707452145e-05,44100,1,PCM_16,130560,1.0314642214307599e-05,0.00031164087135749085,9.712003270045617e-08,-0.0034071519119084175,0.07680841413744455,-0.0009765625,0.0009765625,0.0009765625,0.0003118115208655147,3.1318999929486075,9.91615771647928,0.6181449142156863,0.19889858225017043,6606.193311489,6221.715346298966,14227.45174632353,0.4092248852942014,14.862132352941176,0.9188683697620711,0.3562017576646696
train,633,nips4b_birds_trainfile633.wav,5.00390022675737,5.0039,2.2675737021415898e-07,44100,1,PCM_16,220672,1.0231531413138052e-05,0.0012961011042432462,1.6798780724205623e-06,-0.0021062848447146705,0.07976882524539075,-0.005859375,0.005859375,0.005859375,0.0012961414878999978,4.520629155612735,13.103977633378395,0.15141930104408352,0.33491940490594596,6271.2176670577865,5508.594437369143,13350.18624927494,0.36496133459856567,3532.6443771751738,0.9122633896125839,0.25605075461971244
train,634,nips4b_birds_trainfile634.wav,5.00390022675737,5.0039,2.2675737021415898e-07,44100,1,PCM_16,220672,9.80890543997426e-06,0.0003604418976027992,1.299183615475068e-07,0.008295573337202012,-0.01216103119087908,-0.00146484375,0.00146484375,0.00146484375,0.00036057534049548806,4.06251783049576,12.175905602416396,0.5375987891531323,0.2568710886342111,7388.397202670385,6096.1181596924625,14928.155361803943,0.45669693831597874,15.387996664733178,0.9407689041490362,0.25371646497340444
train,635,nips4b_birds_trainfile635.wav,5.00390022675737,5.0039,2.2675737021415898e-07,44100,1,PCM_16,220672,2.9862618501667633e-05,0.0007461988373083583,5.568127048003458e-07,0.012763163830692582,0.3464861650074371,-0.00390625,0.00390625,0.00390625,0.0007467961440608287,5.230677784112695,14.37115935603762,0.2916319243039443,0.21381151125431072,4531.73706654224,3691.5438221426743,7649.233251160093,0.1922924944912337,2033.2140008700694,0.8755867781306466,0.14424079684190022
train,636,nips4b_birds_trainfile636.wav,5.00390022675737,5.0039,2.2675737021415898e-07,44100,1,PCM_16,220672,8.651662591991735e-06,0.0003938788340011174,1.551405358740798e-07,-0.006302416886527697,0.06105793390278791,-0.001953125,0.001953125,0.001953125,0.00039397384067941046,4.957499200027654,13.905253055938722,0.49636111513921116,0.25270198621477225,6825.614345032711,6194.39301849482,14583.624111803943,0.4324254572285644,18.18581424013921,0.9309884250784214,0.32412142280563805
train,637,nips4b_birds_trainfile637.wav,5.00390022675737,5.0039,2.2675737021415898e-07,44100,1,PCM_16,220672,1.0379782408959905e-05,0.0011581722799970998,1.3413630301536807e-06,0.015657060733098808,2.451678188207447,-0.00830078125,0.00830078125,0.00830078125,0.0011582187919544986,7.166850777815822,17.10656724093027,0.2039316270301624,0.16091829012421205,1174.1143081572359,3353.079877292739,812.3663174303944,0.06427500991187278,86.1328125,0.6684042091561286,0.8865414546182966
train,638,nips4b_birds_trainfile638.wav,5.00390022675737,5.0039,2.2675737021415898e-07,44100,1,PCM_16,220672,9.403981078251885e-06,0.0015416089585454946,2.376558181067724e-06,-0.03629905247457063,5.922883388291565,-0.0146484375,0.0166015625,0.0166015625,0.0015416376409285823,10.76878383042094,20.643333182838347,0.24663754350348027,0.20301262966135106,3407.2876451886386,3255.430985742564,6395.611133265661,0.1415125957543018,1737.644558439675,0.8790722752624593,0.46946996652615886
train,639,nips4b_birds_trainfile639.wav,1.2480725623582767,1.2481,-2.743764172330465e-05,44100,1,PCM_16,55040,9.173016215479651e-06,0.001158005632927037,1.3409770458907477e-06,0.10077763904940797,0.04075860184715552,-0.00439453125,0.00537109375,0.00537109375,0.0011580419638843997,4.638082139945806,13.326768713591434,0.16880450581395348,0.09306128381692981,799.7181874730516,2576.243637080105,576.0882994186046,0.04847176096381611,62.49636627906977,0.598251323271082,0.9140297472974696
train,640,nips4b_birds_trainfile640.wav,2.5193650793650795,2.5194,-3.492063492060993e-05,44100,1,PCM_16,111104,8.824783536146313e-06,0.0003222083764878113,1.0381823787891113e-07,0.012661636153592455,0.048788151079129705,-0.0009765625,0.00146484375,0.00146484375,0.0003223292023434597,4.544557984042437,13.149832979205925,0.599816388248848,0.20807718963484334,6627.750555059403,6002.360780339554,13883.259828629032,0.4139567436763573,18.655493951612904,0.9259876809763642,0.3150571987093577
train,641,nips4b_birds_trainfile641.wav,5.00390022675737,5.0039,2.2675737021415898e-07,44100,1,PCM_16,220672,8.46137026899652e-06,0.0007683256165997672,5.903242531234125e-07,0.1602255532935177,7.599290167544991,-0.0078125,0.00927734375,0.00927734375,0.0007683722066227029,12.074023071159175,21.637040027446233,0.31684581641531323,0.22824929419815018,3690.674256775052,5768.016615237785,11311.376613254059,0.19449522630651028,16099.841393561484,0.7689514925610451,0.6553684953514614
train,642,nips4b_birds_trainfile642.wav,5.00390022675737,5.0039,2.2675737021415898e-07,44100,1,PCM_16,220672,9.842095961426913e-06,0.000370622081065208,1.3736072697310564e-07,0.015215196528841525,0.13820918088716283,-0.00244140625,0.001953125,0.00244140625,0.0003707527394720362,6.584998545059008,16.37111366682799,0.5284177421693735,0.26697663036828584,7630.091712779486,6100.246208939336,15074.641096287702,0.46968668250692247,15.387996664733178,0.9442933684931364,0.234350481465512
train,643,nips4b_birds_trainfile643.wav,1.1377777777777778,1.1378,-2.222222222214576e-05,44100,1,PCM_16,50176,1.8908053028340243e-05,0.0017178333610637126,2.9509514563834517e-06,0.05117676917939704,0.038248307959761085,-0.0068359375,0.0068359375,0.0068359375,0.0017179374176182244,3.9791539726036422,11.99581488827262,0.1102718431122449,0.10156452416542103,1078.0043934631212,2883.849537139624,838.4765625,0.052343458865504566,32.51953125,0.5946927256685873,0.8808458607368858
train,644,nips4b_birds_trainfile644.wav,5.00390022675737,5.0039,2.2675737021415898e-07,44100,1,PCM_16,220672,1.0251445726009643e-05,0.0004664607350715424,2.175856173634837e-07,-0.016069190737147108,2.2981639924126407,-0.0029296875,0.00341796875,0.00341796875,0.0004665733699033379,7.325683312590506,17.296962805906578,0.501934998549884,0.19562153613297625,5578.5194947177115,5343.194208279388,12042.606220997679,0.3192519128298522,13.189711426914153,0.8951122805299955,0.2759390424833823
train,645,nips4b_birds_trainfile645.wav,5.00390022675737,5.0039,2.2675737021415898e-07,44100,1,PCM_16,220672,2.9561691107163573e-05,0.0018409377185359557,3.3890516835283695e-06,0.006844601442439965,0.5216725369244193,-0.0087890625,0.00927734375,0.00927734375,0.0018411750533584483,5.038816777946994,14.046571335508805,0.12788210556844548,0.21552900018579696,4523.933263309473,2758.4825457908455,7453.585864994199,0.08826409419586072,1914.106909802784,0.8776997791163824,0.14795432728978145
train,646,nips4b_birds_trainfile646.wav,2.589024943310658,2.589,2.4943310657832285e-05,44100,1,PCM_16,114176,9.352850807087303e-06,0.00038514047411365335,1.483331848004897e-07,-0.004279083350293118,0.051285349135207436,-0.001953125,0.00146484375,0.001953125,0.0003852540208988212,5.069706983052999,14.099657177512274,0.5080051849775785,0.24614845631705715,6618.792413142444,6093.900561134387,14267.147211322868,0.42936573708981807,22.788501961883405,0.9304235826642808,0.32003718421787136
train,647,nips4b_birds_trainfile647.wav,5.00390022675737,5.0039,2.2675737021415898e-07,44100,1,PCM_16,220672,1.0158512265942213e-05,0.0003873941021959665,1.500741904162189e-07,0.0033710731697185587,0.01704249334628738,-0.00146484375,0.001953125,0.001953125,0.0003875272710244741,5.039967883645152,14.048555379703643,0.5030044591067285,0.25325484544865434,6816.689835531295,6125.862904328531,14492.695040603247,0.4286291408798375,18.98519069025522,0.9318656686234896,0.3050018044730687
train,648,nips4b_birds_trainfile648.wav,5.00390022675737,5.0039,2.2675737021415898e-07,44100,1,PCM_16,220672,1.0439525347574682e-05,0.0011805637865989888,1.3937308542289428e-06,-0.09796075894871845,47.59890974377196,-0.017578125,0.01708984375,0.017578125,0.001180609943172776,14.889019952483608,23.457322238137856,0.42953795678654294,0.268163918231213,6320.230071385893,4892.88309338882,12336.976598752899,0.3322106085225783,20.78378770301624,0.9065530815073922,0.14048062124211871
train,649,nips4b_birds_trainfile649.wav,3.790657596371882,3.7907,-4.240362811813725e-05,44100,1,PCM_16,167168,9.606844798346574e-06,0.00035757280244490264,1.2785830904830138e-07,-0.010597285783715677,0.568651854417145,-0.00244140625,0.001953125,0.00244140625,0.0003577018318589952,6.825255093919658,16.682377755461257,0.562218845712098,0.20667954799691327,6412.176435262962,5827.243697446602,13594.211212672282,0.3986189800492294,57.24600401990812,0.9257456398928617,0.29208757686547193
train,650,nips4b_birds_trainfile650.wav,5.00390022675737,5.0039,2.2675737021415898e-07,44100,1,PCM_16,220672,1.0647519282011312e-05,0.001347007532536991,1.8144292927113928e-06,0.014813786932978884,0.20687634646252384,-0.00732421875,0.00732421875,0.00732421875,0.0013470496139260252,5.437230131897888,14.707554299902657,0.14608106148491878,0.33007962079294517,6393.2225481933965,5568.287383114372,13498.070892546402,0.3881663230562809,8.7931409512761,0.927911195480913,0.2623554414003714
train,651,nips4b_birds_trainfile651.wav,5.00390022675737,5.0039,2.2675737021415898e-07,44100,1,PCM_16,220672,7.2333209752483325e-06,0.0017620163550823025,3.1047016355775225e-06,0.05741419270808085,1.2509895343549147,-0.009765625,0.01220703125,0.01220703125,0.0017620312019115477,6.927817871078076,16.811929235423978,0.11827055539443156,0.05727984193663871,491.58351623190174,1861.5834516761115,352.12532627610204,0.02603675887115575,90.92907120069604,0.6049786494587672,0.959132150929583
train,652,nips4b_birds_trainfile652.wav,5.00390022675737,5.0039,2.2675737021415898e-07,44100,1,PCM_16,220672,9.483638329738253e-06,0.00041044405309463247,1.6846432072074948e-07,0.020867236663439384,1.7820897986764752,-0.00390625,0.00439453125,0.00439453125,0.0004105536020018808,10.703915952928037,20.590853807199032,0.4958581061484919,0.2588559439165092,6578.672683556226,6091.748931332893,14331.420841792342,0.41528524614328116,8.7931409512761,0.9227805196821808,0.32629333359083823
train,653,nips4b_birds_trainfile653.wav,5.00390022675737,5.0039,2.2675737021415898e-07,44100,1,PCM_16,220672,1.0381995110390082e-05,0.0012838338875677746,1.6482294508673853e-06,0.0012405626869727855,-0.009555329770583931,-0.005859375,0.005859375,0.005859375,0.0012838758649845621,4.56381739060922,13.18656517838824,0.1525295461136891,0.3462484875674647,6760.062976147433,5863.186500878132,14055.835810614848,0.41071285458051154,21.58316415313225,0.9310381978337284,0.29401861945596613
train,654,nips4b_birds_trainfile654.wav,5.00390022675737,5.0039,2.2675737021415898e-07,44100,1,PCM_16,220672,1.2718607820656903e-05,0.0018945408652382197,3.5892850900575826e-06,-0.03883204810062976,39.69983387896226,-0.0322265625,0.03125,0.0322265625,0.0018945835566272812,17.009839649072752,24.61400439118011,0.7829493546983759,0.2687167774650951,5855.745793064697,3068.3148706689367,6307.080191415313,0.16528951311004905,5779.691578451276,0.8341226446027215,0.05283225278852571
train,655,nips4b_birds_trainfile655.wav,5.00390022675737,5.0039,2.2675737021415898e-07,44100,1,PCM_16,220672,9.512403448330553e-06,0.0010276407544000442,1.056045520103892e-06,-0.0022508546229642575,2.0106213347553252,-0.0087890625,0.0087890625,0.0087890625,0.0010276847794548948,8.552294123361348,18.64165256701796,0.20192865429234338,0.2006743070000136,4103.223551162717,3604.13991439534,6989.148147476798,0.1993600788527183,1196.6665458236657,0.8912835360479131,0.3122730590170974
train,656,nips4b_birds_trainfile656.wav,5.00390022675737,5.0039,2.2675737021415898e-07,44100,1,PCM_16,220672,9.554444775503915e-06,0.001979522131327096,3.918507868413769e-06,0.0067467328815594765,1.4499312072517139,-0.013671875,0.01416015625,0.01416015625,0.0019795451891353065,7.1532371818121305,17.090052506045843,0.10917107743619489,0.3831178541811113,7494.4636118782055,3977.6434779602578,11620.935143561484,0.13647882829479724,10367.712713892111,0.8908804867006457,0.1147244033835987
train,657,nips4b_birds_trainfile657.wav,5.00390022675737,5.0039,2.2675737021415898e-07,44100,1,PCM_16,220672,6.034036800092445e-06,0.0025921152776688383,6.719061612724199e-06,0.08860885518693837,1.8260481229346839,-0.01171875,0.013671875,0.013671875,0.002592122300803784,5.274394265949769,14.443451811865483,0.08901899651972157,0.06266795365045702,370.80240282211724,1803.1968193791606,103.5192502900232,0.02244505433242638,53.75806627030162,0.537782431091058,0.967590589254804
train,658,nips4b_birds_trainfile658.wav,5.00390022675737,5.0039,2.2675737021415898e-07,44100,1,PCM_16,220672,9.78014032138196e-06,0.0003911520813419509,1.5299995073814015e-07,0.0033401145970979288,0.37440503420005156,-0.0029296875,0.00341796875,0.00341796875,0.0003912743307231463,8.73547912965047,18.825734609176155,0.5084695838167054,0.26655065686021273,7151.691747254616,5652.08895368069,14275.264646171692,0.43273502001635084,16.786905452436194,0.9390797805012944,0.18646275230731968
train,659,nips4b_birds_trainfile659.wav,5.00390022675737,5.0039,2.2675737021415898e-07,44100,1,PCM_16,220672,1.0326677574635658e-05,0.0004193261923936067,1.7583445562732009e-07,-0.014187341096579223,0.7904810974188767,-0.00244140625,0.00244140625,0.00244140625,0.00041945332981995815,5.8204478935664286,15.2991281129976,0.4911497607308585,0.261398190065754,6818.7708491311405,5469.181367777446,13833.609157482597,0.4033741405509809,19.98441125290023,0.9311695648603243,0.17467686142391775
train,660,nips4b_birds_trainfile660.wav,5.00390022675737,5.0039,2.2675737021415898e-07,44100,1,PCM_16,220672,1.0070004208735137e-05,0.0018987343092950737,3.605191977294241e-06,-0.0023463650130326774,2.1662065997262827,-0.01123046875,0.01171875,0.01171875,0.001898761012418099,6.171787772846677,15.80821967424388,0.14196635730858467,0.2598574348237874,6205.882717447373,1711.1018461877225,7660.824209686774,0.04852164261494328,5159.9749854988395,0.8124929681006764,0.027222184102169852
train,661,nips4b_birds_trainfile661.wav,1.3873922902494331,1.3874,-7.709750566853302e-06,44100,1,PCM_16,61184,9.448957243723849e-06,0.0007905469947606446,6.249645509250866e-07,0.011078686737960104,0.07053260996136723,-0.00341796875,0.00341796875,0.00341796875,0.0007906034617417764,4.323240303640819,12.716187521890632,0.24906838389121339,0.1744765702891326,3037.3475839720927,3951.755694801247,5322.214958158996,0.18153518155402504,735.1922071129708,0.8500571969611913,0.5934551631051748
train,662,nips4b_birds_trainfile662.wav,3.1172789115646258,3.1173,-2.1088435374405634e-05,44100,1,PCM_16,137472,9.352046462188664e-06,0.0019997784874099403,3.999113998707588e-06,0.14830920530807193,18.23488906932006,-0.017578125,0.01904296875,0.01904296875,0.001999800354905614,9.522434928710064,19.57496027208114,0.2580525488826816,0.18371147369263335,3421.1529063225703,3900.2748713300252,4794.245373603352,0.17375136071613054,60.95059357541899,0.8550373710449676,0.4671622534560476
train,663,nips4b_birds_trainfile663.wav,2.5541950113378684,2.5542,-4.988662131388821e-06,44100,1,PCM_16,112640,9.697133844549005e-06,0.0005775160271389882,3.335247616024006e-07,0.01587208649714406,0.12073860450563867,-0.00439453125,0.00439453125,0.00439453125,0.00057759743421106,7.608294271601964,17.625746035635956,0.33833451704545453,0.23207769955344063,4958.894089692882,5015.450857174155,10510.552201704546,0.3171932633737767,96.31214488636364,0.9059288830384136,0.3857706146962558
train,664,nips4b_birds_trainfile664.wav,5.00390022675737,5.0039,2.2675737021415898e-07,44100,1,PCM_16,220672,9.691632264174883e-06,0.0003967762577193055,1.5743139868973672e-07,0.034945269191603956,0.2795921972115929,-0.001953125,0.0029296875,0.0029296875,0.00039689460367417533,7.381525152720602,17.362922079218936,0.49653331641531323,0.25053586560988983,6762.259120142432,6133.103268219336,14449.92840052204,0.42433943133298074,15.787684889791182,0.9298448849743781,0.3089833236092374
train,665,nips4b_birds_trainfile665.wav,5.00390022675737,5.0039,2.2675737021415898e-07,44100,1,PCM_16,220672,1.5734519869988037e-05,0.021996747471172567,0.0004838568993105367,2.487510523187059,389.9562545870778,-0.9140625,0.8310546875,0.9140625,0.021996753098711005,41.55442832394947,32.372346239503536,0.9772920896171694,0.08535330877188212,798.183416409603,2208.027810066462,839.7449608468677,0.035808777859688765,29.377084541763338,0.6638611313999507,0.8909389433729256
train,666,nips4b_birds_trainfile666.wav,2.589024943310658,2.589,2.4943310657832285e-05,44100,1,PCM_16,114176,5.129741446319717e-05,0.0018630102294359197,3.470807114982878e-06,3.549950438888181,36.027807794477916,-0.00830078125,0.02197265625,0.02197265625,0.0018637163249039504,11.789699943274574,21.430055042294693,0.1500665639013453,0.133663236260127,1561.4499869079455,3135.9327066441606,5631.46370515695,0.059742257458929166,35.92085902466367,0.67442439377379,0.7932425186327522
train,667,nips4b_birds_trainfile667.wav,4.3769614512471655,4.377,-3.854875283426651e-05,44100,1,PCM_16,193024,9.870655656809516e-06,0.0015563524861371397,2.4222330611052555e-06,-0.004251664512498864,7.397566430474452,-0.01416015625,0.01611328125,0.01611328125,0.0015563837865219332,10.353025641579391,20.301345792794507,0.19953995358090185,0.19857219087880718,4166.761902130576,2549.2872190284506,5432.307381465517,0.10911898633154758,4273.05568219496,0.8541482519988951,0.18279476407476108
train,668,nips4b_birds_trainfile668.wav,5.00390022675737,5.0039,2.2675737021415898e-07,44100,1,PCM_16,220672,8.979142403657918e-06,0.0003694235200812534,1.3647373718922423e-07,0.2357920263597885,12.725832393786575,-0.00537109375,0.00732421875,0.00732421875,0.00036953262668880724,19.82022214284183,25.942170354014145,0.6098870722157773,0.19405812272568665,4275.681068204896,5446.932078922501,11318.171313080045,0.2746528742310859,16.786905452436194,0.8501340919980366,0.5233682290319364
train,669,nips4b_birds_trainfile669.wav,2.6122448979591835,2.6122,4.489795918338757e-05,44100,1,PCM_16,115200,8.227030436197917e-06,0.0003932449013777595,1.546415524596038e-07,0.012356375578750422,0.039240696696999144,-0.00146484375,0.001953125,0.001953125,0.00039333095033241655,4.965602117884066,13.919438352175323,0.49767361111111114,0.24302294290749052,6614.38326373699,6112.150764718096,14299.960937499998,0.42649868438755584,12.249999999999998,0.9293571549076489,0.329920730807857
train,670,nips4b_birds_trainfile670.wav,5.00390022675737,5.0039,2.2675737021415898e-07,44100,1,PCM_16,220672,9.88856269146063e-06,0.0006126647579502349,3.753581056342199e-07,0.011666484467968773,1.4999353830877835,-0.00390625,0.00341796875,0.00390625,0.0006127445546933263,6.375005652975646,16.089611484253318,0.35441741589327147,0.25036366355343476,3065.8943436706063,5419.104944050283,9223.605169663573,0.16212648436974159,16102.839055249418,0.7410153319179469,0.7177898093839101
train,671,nips4b_birds_trainfile671.wav,5.00390022675737,5.0039,2.2675737021415898e-07,44100,1,PCM_16,220672,9.534530462632323e-06,0.0004499662119164986,2.0246959186648335e-07,0.011786772315561906,1.8384963724318526,-0.0029296875,0.00341796875,0.00341796875,0.000450067216244003,7.594351747110936,17.60981416919519,0.47647639936194897,0.25085307992441236,6731.539295219221,6075.176916855121,14360.19839399652,0.423317667289865,32.574590342227374,0.9303233703780344,0.30197753514787695
train,672,nips4b_birds_trainfile672.wav,5.00390022675737,5.0039,2.2675737021415898e-07,44100,1,PCM_16,220672,1.0216042503126813e-05,0.0012839122190161324,1.648430586138929e-06,0.00753343550839753,-0.0025887618028574977,-0.00634765625,0.00537109375,0.00634765625,0.0012839528627108375,4.94383901025623,13.881286401422114,0.15132866879350348,0.34430441698274805,6661.984104843524,5815.435309305434,13944.722484048723,0.4096176699171643,13.389555539443155,0.9312179743054358,0.29192555044861485
train,673,nips4b_birds_trainfile673.wav,4.104126984126984,4.1041,2.6984126984430645e-05,44100,1,PCM_16,180992,7.035877276343706e-06,0.0017008184250119675,2.89278331486019e-06,-0.05069477586069056,2.1211242912903367,-0.0107421875,0.0087890625,0.0107421875,0.0017008329778168216,6.315839144763411,16.00862121256672,0.12672383309759547,0.0640308081617318,510.3615227339695,1984.9367012601617,300.42930074257424,0.028339044596989618,17.299659653465344,0.6108811790744069,0.9416897989458098
train,674,nips4b_birds_trainfile674.wav,5.00390022675737,5.0039,2.2675737021415898e-07,44100,1,PCM_16,220672,9.490276434028785e-06,0.00032848320642677196,1.079012169044133e-07,-0.0007121298456610353,0.18302045559293356,-0.001953125,0.00146484375,0.001953125,0.00032862027060302833,5.9434099923779975,15.480713801818425,0.5942666038283063,0.2104037231897259,6742.499440661415,5748.115818122343,13852.194659947794,0.4013081542954377,21.383320040603248,0.9260287570792254,0.2940808925171174
train,675,nips4b_birds_trainfile675.wav,5.00390022675737,5.0039,2.2675737021415898e-07,44100,1,PCM_16,220672,8.348522496057497e-06,0.006490273102876883,4.212364494992712e-05,-0.007830178988996296,1.213946322404749,-0.03369140625,0.0361328125,0.0361328125,0.006490278472281062,5.567220675402057,14.912768727234324,0.10090994779582367,0.21878271272618513,4235.960597764747,2429.9410873422207,5677.371392836427,0.08307005224008641,4120.585756235499,0.7993490249739773,0.14627075076254678
train,676,nips4b_birds_trainfile676.wav,5.00390022675737,5.0039,2.2675737021415898e-07,44100,1,PCM_16,220672,9.873073781449392e-06,0.0013878907118528116,1.926240628047304e-06,-0.006161984686302395,0.512355801830545,-0.009765625,0.0078125,0.009765625,0.001387925828577737,7.03612887585443,16.946675710534635,0.14322614559164734,0.33086812494618684,5916.809703297988,5473.10161149039,13123.76286977958,0.3484467414158133,8.593296838747099,0.9131860847572051,0.2460828590973254
train,677,nips4b_birds_trainfile677.wav,5.00390022675737,5.0039,2.2675737021415898e-07,44100,1,PCM_16,220672,9.656229041292053e-06,0.0013045315653196327,1.701802604915291e-06,-0.0173770358346188,0.5874687798389133,-0.0087890625,0.0087890625,0.0087890625,0.001304567302853551,6.737147620345233,16.56952126915233,0.1552575768561485,0.26895242238445466,5557.530267422801,3243.7880712879683,8726.792705916472,0.19795958226899837,4388.376867024362,0.9049253420420359,0.11529792409015424
train,678,nips4b_birds_trainfile678.wav,5.00390022675737,5.0039,2.2675737021415898e-07,44100,1,PCM_16,220672,9.85979757286833e-06,0.001321221773566266,1.7456269749455891e-06,-0.01342550784466794,0.14669212605354476,-0.00732421875,0.0068359375,0.00732421875,0.00132125856309572,5.543365208426194,14.875469835170218,0.14984683149651973,0.33576682028902755,6629.026652152532,5535.429105503799,13561.621320330625,0.39881072985154087,18.18581424013921,0.9323455981075411,0.25985290872684197
train,679,nips4b_birds_trainfile679.wav,2.5251700680272107,2.5252,-2.9931972789221106e-05,44100,1,PCM_16,111360,9.948905857130028e-06,0.000743033129172268,5.520982310475323e-07,0.016068030073320923,0.1623312585652128,-0.00390625,0.00341796875,0.00390625,0.0007430997320516852,5.2566968221276476,14.414258599627061,0.26707974137931034,0.2316292351763216,4650.324303588789,3989.899385178741,7580.479525862068,0.24643215254481027,3047.3195043103447,0.8932271177909854,0.18819545498303603
train,680,nips4b_birds_trainfile680.wav,2.6586848072562357,2.6587,-1.5192743764380623e-05,44100,1,PCM_16,117248,9.420136697427674e-06,0.0005128627393875502,2.630281894521023e-07,0.013253910801809187,0.0207451512937058,-0.001953125,0.001953125,0.001953125,0.0005129492454692769,3.807637923734859,11.613112874079356,0.3771407614628821,0.144293670626967,2692.689191514556,4625.6717199694585,5281.558747270743,0.1663643241916473,78.23417030567687,0.7767579979483917,0.6517426851584709
train,681,nips4b_birds_trainfile681.wav,5.00390022675737,5.0039,2.2675737021415898e-07,44100,1,PCM_16,220672,8.57643074336572e-06,0.004255655345512605,1.8110602419790014e-05,-0.007890818740496646,0.6765918820024233,-0.02294921875,0.025390625,0.025390625,0.0042556639875528605,5.96631338241542,15.51412122148409,0.14575025377030162,0.13830090949875606,1785.2173911457685,2910.4490859787657,3046.6234955046402,0.08832004230951007,63.750271896751734,0.7995539211903288,0.7532765267405702
train,682,nips4b_birds_trainfile682.wav,5.00390022675737,5.0039,2.2675737021415898e-07,44100,1,PCM_16,220672,9.580997192666038e-06,0.0004936956240631425,2.4373536921909573e-07,0.06871120929335459,1.816912407364553,-0.0029296875,0.00341796875,0.00341796875,0.0004937885830254701,6.921927455385694,16.80454086798396,0.4515570620649652,0.24570967639608285,6741.219764787993,6051.00474856951,14353.203850058004,0.42770922018110913,16.38721722737819,0.9321664964577522,0.2921474075489651
train,683,nips4b_birds_trainfile683.wav,5.00390022675737,5.0039,2.2675737021415898e-07,44100,1,PCM_16,220672,9.326536528195693e-06,0.0014963438025819274,2.239044775525342e-06,-0.013212217788726754,2.11438031937477,-0.01220703125,0.01220703125,0.01220703125,0.0014963728679072454,8.157746983926648,18.231404627151512,0.1427367314385151,0.33086359331312226,6124.376407252581,4945.737888757318,12303.202943735498,0.33836578727563105,3918.543358468677,0.9151447106512627,0.20444951965916516
train,684,nips4b_birds_trainfile684.wav,3.1230839002267574,3.1231,-1.6099773242572724e-05,44100,1,PCM_16,137728,9.561559967835153e-06,0.0007084393065324418,5.01886251040167e-07,-0.022926713106616606,0.5114100612395345,-0.0048828125,0.00439453125,0.0048828125,0.0007085038281259922,6.891723525213891,16.766556931287635,0.2830433898698885,0.2132769899874389,4321.050763721815,4448.907459185036,7898.923240009294,0.2491177533292981,1883.3948071561338,0.8890588488500726,0.3265948531258267
train,685,nips4b_birds_trainfile685.wav,4.237641723356009,4.2376,4.172335600927113e-05,44100,1,PCM_16,186880,9.547194389447774e-06,0.001081290049367916,1.16918817086207e-06,0.010431234810702477,7.089250531065439,-0.01025390625,0.01123046875,0.01123046875,0.0010813321967752462,10.385771165874424,20.328774987378214,0.24524828767123288,0.22071500810684988,4966.6809046135,4018.663592394673,10408.855415239726,0.20248388476518378,3087.330372431507,0.8857552171639382,0.23311133879439971
train,686,nips4b_birds_trainfile686.wav,5.00390022675737,5.0039,2.2675737021415898e-07,44100,1,PCM_16,220672,9.906264302902045e-06,0.000419681444134508,1.7613251455082618e-07,0.02582780961258827,1.9303749288426841,-0.0029296875,0.0029296875,0.0029296875,0.0004197983428067161,6.978797201562297,16.875611564964718,0.5191959106728539,0.23245011804904134,6838.70485839761,4957.415019350645,12351.565218967517,0.34355123813969246,10.39189385150812,0.9156661854301003,0.20941237082891132
train,687,nips4b_birds_trainfile687.wav,5.00390022675737,5.0039,2.2675737021415898e-07,44100,1,PCM_16,220672,7.538673772612747e-06,0.0013190056198930872,1.739775825309547e-06,-0.009423706550232851,0.08341641833555569,-0.0068359375,0.00634765625,0.0068359375,0.0013190271630682201,5.182560065024563,14.29088688394337,0.14873658642691415,0.3325765506115439,6356.681567728522,5488.038624097735,13373.967698665892,0.38459005415556435,11.590958526682133,0.9275951470615006,0.2532047762278993
test,1,nips4b_birds_testfile0001.wav,5.00390022675737,,,44100,1,PCM_16,220672,1.0831173500715995e-05,0.0017088081141006634,2.920025170816266e-06,0.03368423381899897,1.2839696514040604,-0.01123046875,0.01025390625,0.01123046875,0.0017088424401142633,6.571974388258442,16.35391724541354,0.12882468097447797,0.3233546773250676,6472.48354451275,4559.6132547920015,11350.945747534803,0.30421995369090693,18.785346577726216,0.9055267167745378,0.1630109549517407
test,2,nips4b_birds_testfile0002.wav,5.00390022675737,,,44100,1,PCM_16,220672,9.994772360109122e-06,0.0015497028701666688,2.401578985802811e-06,0.007456031279021634,0.8919360654442059,-0.009765625,0.01123046875,0.01123046875,0.0015497351003566195,7.246702192791326,17.202808282292352,0.1361296403712297,0.32640899801061307,5848.248552101575,4833.117100059537,11503.226961281902,0.30653541482563607,13.589399651972156,0.9068079869322954,0.17561659286037176
test,3,nips4b_birds_testfile0003.wav,5.00390022675737,,,44100,1,PCM_16,220672,8.089636428726798e-06,0.0020550334861408137,4.223162629160066e-06,0.01230573315329641,4.958577708498132,-0.0166015625,0.0185546875,0.0185546875,0.002055049408500344,9.028827931460848,19.112627529112434,0.12509063225058004,0.3074441136352307,4440.307317032184,3590.6206015523135,7909.829973897911,0.15637360599115524,3503.6669808584684,0.832981997241736,0.08035660374605297
test,4,nips4b_birds_testfile0004.wav,5.00390022675737,,,44100,1,PCM_16,220672,1.0559011224804235e-05,0.0020870389855644376,4.355731727265836e-06,0.02515412596710391,3.1566447804413293,-0.01611328125,0.01416015625,0.01611328125,0.0020870656961350983,7.720543382912738,17.752957353594965,0.11969348172853829,0.3051964236351854,4219.119834327186,3266.598468398616,4659.365483613688,0.13167392369020897,2984.4719765081204,0.7957876061265935,0.06885417380454943
test,5,nips4b_birds_testfile0005.wav,5.00390022675737,,,44100,1,PCM_16,220672,1.0151874161651682e-05,0.001603277425861337,2.5704985042765553e-06,-0.02508698036744674,1.184783359843271,-0.0107421875,0.009765625,0.0107421875,0.0016033095661242558,6.700008362057939,16.521506894593706,0.1334197360788863,0.32330029772829233,5960.953693413797,4929.238746376452,11690.08120649652,0.3032125924136791,3110.77345562645,0.898364441046773,0.17843482719750015
test,6,nips4b_birds_testfile0006.wav,5.00390022675737,,,44100,1,PCM_16,220672,9.720397382767183e-06,0.002029177243206996,4.117560284349144e-06,0.017626095651664345,2.9361745709363607,-0.01708984375,0.01611328125,0.01708984375,0.002029200524954205,8.421959062121612,18.508262520982253,0.11438696345707657,0.3032115683528873,6759.4878523342595,4432.908822712664,10773.596106438514,0.282702710001368,7925.018126450115,0.8855550698687876,0.1447165797325446
test,7,nips4b_birds_testfile0007.wav,5.00390022675737,,,44100,1,PCM_16,220672,9.041098043702872e-06,0.002498846766632078,6.24423516310759e-06,-0.06230176508476578,5.663690682927479,-0.0234375,0.0224609375,0.0234375,0.002498863122414156,9.379265230564926,19.44337634367904,0.11376613254060325,0.28760915571144374,3914.977793077984,2864.3995701035824,3861.5877863979117,0.10412016395395048,3419.3327653712295,0.7833010803543573,0.051032932473752964
test,8,nips4b_birds_testfile0008.wav,5.00390022675737,,,44100,1,PCM_16,220672,9.304409513893923e-06,0.001729052352010469,2.9896220359929345e-06,0.011345068810337837,1.156773918634733,-0.0107421875,0.0107421875,0.0107421875,0.0017290773863622578,6.212670170072661,15.865565951645117,0.12445620649651973,0.3165572277281564,6439.37143010753,4352.184216480013,10151.081695910672,0.283764679849396,7668.817974187935,0.9030766844382327,0.13617058642732782
test,9,nips4b_birds_testfile0009.wav,5.00390022675737,,,44100,1,PCM_16,220672,1.0552373120513703e-05,0.002208693260571683,4.878325919294773e-06,-0.008971518822903481,2.7258103864016645,-0.01708984375,0.015625,0.01708984375,0.0022087184682238812,7.737447753467026,17.771954589946166,0.1088040168213457,0.3034154918407947,5211.381296234595,3905.8764911805874,8379.463638341067,0.21652311193582427,3591.9980785962875,0.8734175286529661,0.1018885134643337
test,10,nips4b_birds_testfile0010.wav,5.00390022675737,,,44100,1,PCM_16,220672,9.171647428083308e-06,0.0033167872044915963,1.1001077359879179e-05,0.010977449494287687,7.702131770091075,-0.0263671875,0.0263671875,0.0263671875,0.003316799885280347,7.949586472495719,18.00689075581057,0.30681735788863107,0.2835986604492661,4175.575724175289,3020.402497140706,3967.1054778132248,0.11044243405307805,3503.0674485208815,0.7491968198305213,0.05685538775756029
test,11,nips4b_birds_testfile0011.wav,5.00390022675737,,,44100,1,PCM_16,220672,9.733673591348245e-06,0.0033591965947715368,1.128420176232469e-05,0.006710968873408772,8.363779491729586,-0.03466796875,0.033203125,0.03466796875,0.0033592106969831874,10.320272194040799,20.27382303654285,0.27219130655452434,0.2770006027071976,4008.01725646895,2170.5198682373225,5069.245758410672,0.07350989079485404,3290.8330010150808,0.7875188338680289,0.024168705639793717
test,12,nips4b_birds_testfile0012.wav,5.00390022675737,,,44100,1,PCM_16,220672,9.204837949535963e-06,0.0027057955247755832,7.321329421895574e-06,-0.014200240166555201,10.29528551124428,-0.02392578125,0.02490234375,0.02490234375,0.002705811181686049,9.203282150117666,19.278854732742015,0.3208789515661253,0.29626910649790866,5965.81184278554,3757.366155158176,7845.2803255510435,0.2148064185830577,3122.963946490719,0.875980266290801,0.09934615712792963
test,13,nips4b_birds_testfile0013.wav,5.00390022675737,,,44100,1,PCM_16,220672,9.534530462632323e-06,0.0027722940079081162,7.685614066283247e-06,0.013822120573432467,6.554178295377394,-0.0234375,0.02294921875,0.0234375,0.0027723104035360813,8.454139900822604,18.541388606913582,0.10810614849187936,0.2952087043607905,4867.990502583866,3710.564198370387,8011.350783062644,0.18700209651604,3609.7842046113688,0.8474202702912532,0.09431289688592535
test,14,nips4b_birds_testfile0014.wav,5.00390022675737,,,44100,1,PCM_16,220672,1.0421823736133265e-05,0.004279075646925022,1.8310488392106792e-05,0.015713859129587688,4.429759986893833,-0.0263671875,0.02783203125,0.02783203125,0.004279088338246452,6.5041964666252765,16.26387302282283,0.2609347810324826,0.24938936244454413,3886.9154153236705,2797.1964643523424,4001.278821055684,0.09794213289642732,3047.0231837296983,0.7620306800797485,0.05058495108882697
test,15,nips4b_birds_testfile0015.wav,5.00390022675737,,,44100,1,PCM_16,220672,7.875004389999637e-06,0.002229261791309028,4.969608134190336e-06,-0.08343465433678597,4.819189086536825,-0.01708984375,0.0166015625,0.01708984375,0.0022292757007343167,7.666096994808967,17.69148619673301,0.12088529582366589,0.3253304693412365,6547.617289025389,4536.74866825331,10838.145754785382,0.2962032724674445,3905.153802929234,0.9030297871363663,0.15133189854035178
test,16,nips4b_birds_testfile0016.wav,5.00390022675737,,,44100,1,PCM_16,220672,7.868366285709107e-06,0.001780337180121175,3.1696004749218174e-06,0.008638467052271304,6.089983491974188,-0.01708984375,0.0166015625,0.01708984375,0.0017803545675257565,9.599123714862355,19.644631779187456,0.1363335629350348,0.33553570700273255,6718.228537566747,5688.484036791702,13831.810560469836,0.40918094566600427,20.98363181554524,0.9320429132778474,0.2745361247995198
test,17,nips4b_birds_testfile0017.wav,5.00390022675737,,,44100,1,PCM_16,220672,1.2101264121637543e-05,0.0028512568156684394,8.129665428895728e-06,0.004685062375699551,9.469825604178581,-0.02880859375,0.029296875,0.029296875,0.0028512824955603867,10.274981537471978,20.235621003796695,0.341864849187935,0.329988988131653,6367.662916040661,4017.7870145582533,8941.824970997679,0.25486477983559663,16.38721722737819,0.892752384956091,0.12032193897633671
test,18,nips4b_birds_testfile0018.wav,5.00390022675737,,,44100,1,PCM_16,220672,8.18920799308476e-06,0.0015396449293568065,2.370506508494126e-06,-0.023969649328280614,1.8253919939736534,-0.0107421875,0.009765625,0.0107421875,0.0015396667079669159,6.9769564051850805,16.873320186838974,0.14006761165893272,0.3465475753497288,6681.758736914635,5733.041177921927,13884.969094402551,0.4116606356143125,21.183475928074245,0.9336189110312074,0.2725945524472951
test,19,nips4b_birds_testfile0019.wav,5.00390022675737,,,44100,1,PCM_16,220672,1.0295699754613182e-05,0.002064158394814702,4.260749878884007e-06,-0.02125529464791431,7.45539881171778,-0.0185546875,0.02197265625,0.02197265625,0.0020641840713263543,10.644717472255918,20.542682781210537,0.1296902189675174,0.3203094199056514,6374.912777257998,5205.75883354786,12956.893035817864,0.3661207264295312,16.986749564965194,0.9226241366277039,0.2250261165749904
test,20,nips4b_birds_testfile0020.wav,5.00390022675737,,,44100,1,PCM_16,220672,9.317685722474985e-06,0.0022303406227106404,4.974419293313288e-06,-0.09006213013343563,6.127703624313577,-0.0185546875,0.0166015625,0.0185546875,0.0022303600858562074,8.319144346988745,18.401573197711084,0.12549394576566125,0.32020972397823005,5873.114632178903,4636.609475663198,11170.086825696055,0.2830313750076461,3929.5347846577724,0.8886256645767584,0.161064037176776
test,21,nips4b_birds_testfile0021.wav,5.00390022675737,,,44100,1,PCM_16,220672,9.793416529963022e-06,0.0032618576992719116,1.0639715650299449e-05,0.04062645369578027,6.250980434411552,-0.0283203125,0.03076171875,0.03076171875,0.003261872401138153,9.430693468961701,19.490872579391702,0.31304379350348027,0.2842240258121819,4442.308803774054,2688.4584215329833,7457.183059019721,0.08672425703833311,3754.671186194895,0.7984860390690001,0.036782412266791104
test,22,nips4b_birds_testfile0022.wav,5.00390022675737,,,44100,1,PCM_16,220672,1.0466077764736803e-05,0.00151442425442362,2.293480822386538e-06,-0.026067686389781224,2.2052210091713036,-0.0126953125,0.01171875,0.0126953125,0.0015144604191494459,8.382729808897855,18.467709365174127,0.14037122969837587,0.3345342160954543,6694.0563175297575,5656.816844272397,13818.620849042922,0.40827396659841314,14.188931989559164,0.9329014775620349,0.26443272632600334
test,23,nips4b_birds_testfile0023.wav,5.00390022675737,,,44100,1,PCM_16,220672,1.0731601936358033e-05,0.0015285719205999264,2.3365321164465477e-06,-0.030611416288365764,3.694181601573674,-0.01611328125,0.01513671875,0.01611328125,0.001528609591663832,10.541135773236462,20.45774814442761,0.1418077508700696,0.33467922835352176,6727.524736855192,5729.602673860242,13905.952726218096,0.4105601311521273,22.182696490719255,0.9326197650742409,0.2708809338309948
test,24,nips4b_birds_testfile0024.wav,5.00390022675737,,,44100,1,PCM_16,220672,7.142600216611079e-06,0.001976555477169984,3.906771554330663e-06,0.003369276606300256,4.8319023785196515,-0.0166015625,0.015625,0.0166015625,0.001976568382593559,8.399184488733054,18.484742413531404,0.1240211716937355,0.3083277820828292,4461.923290701122,3582.6886863913323,5742.92026174594,0.15704941575663933,3410.5396244199533,0.799548740497336,0.08573541853490149
test,25,nips4b_birds_testfile0025.wav,5.00390022675737,,,44100,1,PCM_16,220672,1.0151874161651682e-05,0.001383327974367996,1.9135962846690627e-06,-0.011428667093325353,0.816056107959374,-0.01171875,0.01025390625,0.01171875,0.0013833652248116028,8.4711902466653,18.558888705415384,0.1451294228538283,0.33722147450276657,6698.181153371721,5696.4501119423885,13831.21102813225,0.41037850982867335,17.186593677494198,0.9331396178264616,0.27004266514648595
test,26,nips4b_birds_testfile0026.wav,5.00390022675737,,,44100,1,PCM_16,220672,8.529964013332003e-06,0.0013192133550678884,1.7403238761894744e-06,-0.0006223178429360656,0.07199687769413377,-0.00634765625,0.00634765625,0.00634765625,0.001319240931928487,4.8115974090653,13.645785647105761,0.14818372969837587,0.348854176579614,6939.288228025663,5605.155856243424,13811.626305104408,0.39871240480549974,12.590179089327146,0.9280434466327506,0.26195346892863886
test,27,nips4b_birds_testfile0027.wav,5.00390022675737,,,44100,1,PCM_16,220672,8.99905671652951e-06,0.0013357508861994254,1.7842304299825503e-06,-0.01349677705003825,0.08740547313159519,-0.00732421875,0.00634765625,0.00732421875,0.0013357811995249587,5.4830976454861755,14.78051960130349,0.14711426914153133,0.3497786297247939,6913.879204792916,5629.598932844303,13796.837840777262,0.397657638515889,8.7931409512761,0.9276214844774077,0.2637043916618031
test,28,nips4b_birds_testfile0028.wav,5.00390022675737,,,44100,1,PCM_16,220672,7.3373179424666475e-06,0.0017609152423297817,3.100822490669354e-06,0.002854377565353563,0.4887330395844285,-0.0087890625,0.009765625,0.009765625,0.001760930528698944,5.545718494195958,14.879156412228882,0.11820258120649652,0.314114677506333,6404.696529375725,4274.843030819551,10241.810922998839,0.25660553539856984,6476.148310614849,0.8735905704088701,0.14168412783231438
test,29,nips4b_birds_testfile0029.wav,5.00390022675737,,,44100,1,PCM_16,220672,9.233603068128263e-06,0.0013758612787108486,1.8929942582558516e-06,-0.008235155310572131,0.12318944620259531,-0.00634765625,0.00732421875,0.00732421875,0.0013758922623815688,5.32325019207704,14.523537568749108,0.14326239849187936,0.3433482424061159,6830.352676408806,5459.53448963223,13565.018670243619,0.39518172596863377,14.988308439675173,0.9308038563635924,0.24913635186054006
test,30,nips4b_birds_testfile0030.wav,5.00390022675737,,,44100,1,PCM_16,220672,1.0390845916110788e-05,0.0014590742259163417,2.128897596733372e-06,-0.012075929939740224,0.24485685305083438,-0.00732421875,0.0068359375,0.00732421875,0.0014591112248256554,5.019643893751244,14.013458165751047,0.13715378480278423,0.3421836127085118,6895.255692610145,4974.806131264011,12535.821490719256,0.3459443225154848,23.181917053364266,0.9164035513798994,0.2082468062060551
test,31,nips4b_birds_testfile0031.wav,5.00390022675737,,,44100,1,PCM_16,220672,7.5453118769032775e-06,0.0013850984888281164,1.918497823753932e-06,-0.0005545275079663753,0.14097687960978877,-0.0078125,0.0068359375,0.0078125,0.0013851190401858071,5.640309441527849,15.026058622438113,0.14192104118329466,0.34919404905945955,7086.53667537496,5233.786538421561,13031.83457801624,0.3478661856228774,19.584723027842227,0.9109684327768726,0.23771351700780502
test,32,nips4b_birds_testfile0032.wav,5.00390022675737,,,44100,1,PCM_16,220672,9.636314728420462e-06,0.0035372327106618913,1.251201524937647e-05,-0.015243974228847388,7.019907963564039,-0.02783203125,0.02734375,0.02783203125,0.0035372458365143375,7.868277336761575,17.917593185857147,0.3039352523201856,0.30049258851412286,5210.8724723428495,2242.923809216124,6997.741444315545,0.060107736571884327,3357.7807787122965,0.793701827153231,0.022010796720822595
test,33,nips4b_birds_testfile0033.wav,5.00390022675737,,,44100,1,PCM_16,220672,9.233603068128263e-06,0.002520386957794417,6.352350417020197e-06,0.004432927316276869,5.6976123136243455,-0.0224609375,0.02001953125,0.0224609375,0.002520403871693149,8.91164219840341,18.999154825941265,0.10854571490719257,0.2908628682518319,5086.944536108714,3974.2233954928397,7971.981492894431,0.21206014116404537,3878.3746918503475,0.8575940764127302,0.11144622500651026
test,34,nips4b_birds_testfile0034.wav,5.00390022675737,,,44100,1,PCM_16,220672,9.5367431640625e-06,0.0027870650141901578,7.767731393322785e-06,0.03439025707877691,5.89019519024604,-0.02294921875,0.0224609375,0.02294921875,0.0027870813304948536,8.23414031693338,18.312365269626373,0.10570892546403712,0.288379533332427,4268.813569636195,2600.499554265962,6465.356728538282,0.09481122428277632,3351.1859229988395,0.7892582687515918,0.03706727900243864
test,35,nips4b_birds_testfile0035.wav,5.00390022675737,,,44100,1,PCM_16,220672,9.193774442385078e-06,0.0023148201380034173,5.35839227130616e-06,0.03822633442520842,4.9365439182251505,-0.01953125,0.01904296875,0.01953125,0.0023148383953949477,8.437414049660976,18.52418723571951,0.11375253770301624,0.29499571760675397,5552.928524840316,4733.161973046687,11239.632576856147,0.2982495377100806,3248.8657373839906,0.9009115545083637,0.18364191671097896
test,36,nips4b_birds_testfile0036.wav,5.00390022675737,,,44100,1,PCM_16,220672,9.44380970399507e-06,0.002264883232971418,5.129696058995062e-06,-0.01990719147241919,5.323572123494079,-0.01708984375,0.0166015625,0.01708984375,0.0022649029216584068,7.545508280543202,17.553770000854158,0.11721015806264501,0.31682912571203287,5629.361528693361,3606.273913689921,8476.587877030162,0.1823416813820914,3753.6719656322502,0.8432218380242581,0.08554643956440902
test,37,nips4b_birds_testfile0037.wav,5.00390022675737,,,44100,1,PCM_16,220672,9.176072830943663e-06,0.001973907604562669,3.8963112313503346e-06,-0.00046089223885675346,6.223671216984224,-0.01806640625,0.01806640625,0.01806640625,0.0019739289327792256,9.152510989624691,19.23080518041963,0.12749691850348027,0.3303016708131109,6476.068471934403,4266.58434327307,10652.690418358468,0.2760713492881438,12.390334976798142,0.8929929880518763,0.14883483021819988
test,38,nips4b_birds_testfile0038.wav,5.00390022675737,,,44100,1,PCM_16,220672,9.395130272531177e-06,0.0024101828124106226,5.808981189239579e-06,0.023651536806015803,2.181755273895094,-0.01513671875,0.01708984375,0.01708984375,0.0024102011239131925,7.090629732282674,17.013696148260856,0.09875743184454756,0.2828101562960244,4826.572623362031,3563.810536433233,7539.318989269141,0.17171802240949408,3541.037829901392,0.8407930081586786,0.0877630354050591
test,39,nips4b_birds_testfile0039.wav,5.00390022675737,,,44100,1,PCM_16,220672,9.109691788038355e-06,0.0023559318339667055,5.550414806297724e-06,-0.005448133416234934,4.257256564676229,-0.017578125,0.01806640625,0.01806640625,0.0023559494461431463,7.668418471192567,17.694116092390825,0.11136890951276102,0.29234018063089395,4619.105423815094,3109.2939726212912,4722.116534947795,0.1284552713275527,3701.3128081496516,0.7983125321818575,0.0651769996271647
test,40,nips4b_birds_testfile0040.wav,5.00390022675737,,,44100,1,PCM_16,220672,8.919399465043142e-06,0.0018581795667584648,3.452831302318676e-06,0.009851460459422099,0.885637216948707,-0.01171875,0.0126953125,0.0126953125,0.0018582009735239869,6.832044908427727,16.691014247934703,0.11489450406032482,0.2936860756510824,4940.69500107148,4287.003461608803,9134.474695475637,0.23646986675974324,3346.3896642981435,0.8722732577635666,0.12864665730331112
test,41,nips4b_birds_testfile0041.wav,5.00390022675737,,,44100,1,PCM_16,220672,9.260155485290385e-06,0.0018621594116049443,3.4676376742288722e-06,0.018165055594241315,1.253831997921047,-0.0126953125,0.01220703125,0.0126953125,0.0018621824359359863,6.817437569493008,16.672423391829398,0.11681590777262181,0.2990334026673192,5281.404282040206,4239.571253393375,9190.431046983758,0.2293083598264499,3377.965034077726,0.8603283134740799,0.1291698404417001
test,42,nips4b_birds_testfile0042.wav,5.00390022675737,,,44100,1,PCM_16,220672,1.0598839850547418e-05,0.001496456991079859,2.239383526151785e-06,-0.014708840909834934,1.0094129193864338,-0.0126953125,0.01171875,0.0126953125,0.0014964945243995924,8.483367157720458,18.5713652710043,0.1357217952436195,0.329377217667931,6306.997243648717,5521.5638424002,13408.141041908351,0.38035329233909376,10.791582076566124,0.9255920912567894,0.263164587961566
test,43,nips4b_birds_testfile0043.wav,5.00390022675737,,,44100,1,PCM_16,220672,9.532317761202147e-06,0.0019569072418805502,3.829485953324543e-06,-0.011016045563317324,1.2075299846495522,-0.013671875,0.01318359375,0.013671875,0.0019569304582448617,6.9863877596662665,16.885053725116276,0.10905325551044083,0.28609559026786485,5366.154380356314,4489.251053710699,10154.878734048723,0.2751107378076876,5807.669754205336,0.9006047714274997,0.24146676960524266
test,44,nips4b_birds_testfile0044.wav,5.00390022675737,,,44100,1,PCM_16,220672,9.094202878027117e-06,0.0013812578052901884,1.907873124675068e-06,0.04187167360147623,1.502924315833921,-0.01123046875,0.01171875,0.01171875,0.0013812877430865208,8.483931069868303,18.571942626175154,0.14635748984918792,0.33819577561165715,6663.728266349946,5800.512183232585,13909.549920243619,0.40917639753193685,8.992985063805104,0.9315104671602209,0.29563442764768694
test,45,nips4b_birds_testfile0045.wav,5.00390022675737,,,44100,1,PCM_16,220672,1.055458582194388e-05,0.001542155076905657,2.378242281225893e-06,-0.05692765324484851,3.5042339947626893,-0.0146484375,0.0126953125,0.0146484375,0.0015421911945370996,9.49845748820842,19.553061666300504,0.1419799521461717,0.330600758595375,6550.861942893069,5714.989029660989,13808.228955191415,0.3978717818546164,14.988308439675173,0.9292628844330242,0.2806182181539124
test,46,nips4b_birds_testfile0046.wav,5.00390022675737,,,44100,1,PCM_16,220672,1.0333315678926188e-05,0.0020866626917896204,4.354161189306705e-06,0.0005255840363916941,4.512303922678176,-0.017578125,0.015625,0.017578125,0.002086688277323574,8.423934322641633,18.510299444114803,0.1224668285962877,0.30157111718349944,4285.373001352172,3286.7736629227097,4004.276482743619,0.12558277478983623,3360.778440400232,0.7634970827362932,0.08378180227035438
test,47,nips4b_birds_testfile0047.wav,5.00390022675737,,,44100,1,PCM_16,220672,9.32211112533534e-06,0.0016440688387290392,2.7029623464798516e-06,-0.03527421824320711,1.796279124499593,-0.01220703125,0.01123046875,0.01220703125,0.0016440952673843707,7.424771235684201,17.413661543325624,0.1318517981438515,0.3312533137566785,6372.864988715581,5096.921747872234,12564.998731148491,0.3341787281855852,3462.499093677494,0.9096703095732859,0.22533891487307592
test,48,nips4b_birds_testfile0048.wav,5.00390022675737,,,44100,1,PCM_16,220672,9.684994159884353e-06,0.0014110338773832276,1.9910166031231453e-06,-0.007591360696295966,0.9406775065338087,-0.01025390625,0.0107421875,0.0107421875,0.0014110671147167387,7.612811175290139,17.63090115767749,0.14315363979118328,0.3378966878293931,6717.812230219197,5860.044420555978,14019.264338022042,0.41161681715448223,31.17568155452436,0.930534840352339,0.3003099654101668
test,49,nips4b_birds_testfile0049.wav,5.00390022675737,,,44100,1,PCM_16,220672,9.452660509715777e-06,0.001946646889495767,3.7894341123835447e-06,-0.012774963288237903,4.982020895284351,-0.01611328125,0.01416015625,0.01611328125,0.0019466698397967378,8.277357012775456,18.35783374535567,0.1261374347447796,0.311608684421605,5008.8056706934185,3740.1727152960716,8275.544699825985,0.17226997088749146,3886.368456351508,0.8025754994368272,0.10487419015737556
test,50,nips4b_birds_testfile0050.wav,5.00390022675737,,,44100,1,PCM_16,220672,1.2043733884452943e-05,0.001769535034499016,3.131254238319434e-06,0.018955090512091776,3.3014710772229527,-0.013671875,0.01318359375,0.013671875,0.0017695760197983341,7.726073843133388,17.759177093292525,0.1307053001740139,0.3275101848453127,6234.292608310721,5248.780461190329,12928.715015951275,0.3670123387763071,19.384878915313223,0.9251865160470821,0.23844615079468315
test,51,nips4b_birds_testfile0051.wav,5.00390022675737,,,44100,1,PCM_16,220672,8.660513397712442e-06,0.0019215778054628729,3.6924612624475105e-06,-0.0002893136166602918,3.3406600975634664,-0.015625,0.015625,0.015625,0.0019215973217455895,8.131256129044854,18.2031528252231,0.1234501885150812,0.324886369300905,7195.3479477147985,3737.77678819655,8562.121157192574,0.19878485499770582,7667.818753625289,0.8481894500302642,0.11185240826125492
test,52,nips4b_birds_testfile0052.wav,5.00390022675737,,,44100,1,PCM_16,220672,8.715830933466865e-06,0.00176590391001535,3.1184166194075015e-06,-0.04755678622620087,3.6330601185152425,-0.01513671875,0.01611328125,0.01611328125,0.0017659254188997797,9.124553663222663,19.204232593879023,0.1271434527262181,0.30328860611498565,4815.129061152327,4226.955917034566,8965.406576276102,0.21412769823588373,3525.8496773491875,0.8505374832824039,0.1344602091959261
test,53,nips4b_birds_testfile0053.wav,5.00390022675737,,,44100,1,PCM_16,220672,9.782353022812137e-06,0.0015192982781138454,2.3082672578796955e-06,0.008819471694088718,1.7003016257220507,-0.01025390625,0.0107421875,0.0107421875,0.0015193297707576056,7.070346218940649,16.98881361481769,0.1380691705336427,0.3273379827888576,5404.554433877191,4782.4458926840425,11348.747462296982,0.2784859579589346,3560.422708816705,0.8846800230423801,0.1836816454257213
test,54,nips4b_birds_testfile0054.wav,5.00390022675737,,,44100,1,PCM_16,220672,9.014545626540748e-06,0.008580510617333234,7.362516245416835e-05,0.0011607020965523453,9.858662419198673,-0.064453125,0.0634765625,0.064453125,0.00858051535259982,7.511568052899209,17.514612123936594,0.3988045606148492,0.29717090147776554,6739.714054430362,1248.6601180746418,7210.575424158932,0.02252087067137779,6945.382286832946,0.7288997950992983,0.008694815145972977
test,55,nips4b_birds_testfile0055.wav,5.00390022675737,,,44100,1,PCM_16,220672,1.0707262220626088e-05,0.00441990808825372,1.953558750861065e-05,-0.025010076996692842,11.986591245853745,-0.04052734375,0.04052734375,0.04052734375,0.004419921057448302,9.169246061918841,19.246672548494356,0.26866571200696054,0.28784933226386794,5358.576369957569,1798.6533299589332,6249.924775232018,0.0594319036234486,4991.5063986368905,0.7969719762738722,0.02237500894404689
test,56,nips4b_birds_testfile0056.wav,5.00390022675737,,,44100,1,PCM_16,220672,8.837529512126595e-06,0.00248972301308888,6.198720681904371e-06,0.005874782946199663,1.89833940620285,-0.0146484375,0.01611328125,0.01611328125,0.002489738697902302,6.471876451764213,16.22060435988037,0.0951094837587007,0.26229092177948166,4108.580792362091,2974.4989637413173,4455.324644721577,0.1230716852269612,3425.9276210846865,0.8022089260114217,0.07794060869202107
test,57,nips4b_birds_testfile0057.wav,5.00390022675737,,,44100,1,PCM_16,220672,7.87279168856946e-06,0.0020012434000587064,4.0049751462785316e-06,-0.01690512967472294,1.4882040310775437,-0.01318359375,0.01318359375,0.01318359375,0.0020012588855836478,6.587650325987251,16.374610773146344,0.10954720127610208,0.29838084750601573,6332.778850523121,4620.456679780478,10496.812010585845,0.2753366102062292,8332.89996012181,0.8858804781547416,0.20800180970898244
test,58,nips4b_birds_testfile0058.wav,5.00390022675737,,,44100,1,PCM_16,220672,9.337600035346578e-06,0.0036497314480417424,1.3320539642824875e-05,-0.06971277955331373,98.63043094648746,-0.1259765625,0.11181640625,0.1259765625,0.0036497433928427483,34.51655334099478,30.760548452497627,0.7397857453596288,0.2713859093401489,3587.232285945247,3121.682289626501,5369.611459541763,0.14247904782835108,3484.082257830626,0.8632351478425175,0.28774321382537676
test,59,nips4b_birds_testfile0059.wav,5.00390022675737,,,44100,1,PCM_16,220672,-0.18666403254887345,0.6477471343625156,0.4195763500748509,0.18565515800128574,-1.350339046462028,-1.0,0.99951171875,1.0,0.6741066763667733,1.483444735171132,3.4254274315635773,0.015185433584686775,0.004785404516225512,189.05634135136316,939.8087186970376,163.47248404872389,0.007392533525599912,0.1998441125290023,0.5513265631802438,0.9855548013923109
test,60,nips4b_birds_testfile0060.wav,5.00390022675737,,,44100,1,PCM_16,220672,1.1669787342753045e-05,0.002746839666682306,7.545128154459362e-06,0.00435583690809981,0.16287104961122267,-0.013671875,0.0126953125,0.013671875,0.0027468644557742537,4.977265977307327,13.939816987636844,0.07297255655452436,0.17028517566875576,2219.398054711981,3625.280079160118,3514.0588747099764,0.11966033140400785,32.374746229698374,0.7892761301590079,0.5936968942769132
test,61,nips4b_birds_testfile0061.wav,5.00390022675737,,,44100,1,PCM_16,220672,9.642952832710992e-06,0.00292743187690959,8.569857393946404e-06,0.04914342972748671,0.25813500331188344,-0.01708984375,0.0166015625,0.01708984375,0.0029274477587970275,5.83779631887358,15.324978767022781,0.068345780162413,0.16715381722111197,2007.7325236874972,3785.7890948213108,4051.4396933004637,0.12907129146377447,42.16710774361949,0.785614629950071,0.7382023389122178
test,62,nips4b_birds_testfile0062.wav,5.00390022675737,,,44100,1,PCM_16,220672,7.790921735652915e-06,0.0029258154463387667,8.560396026034517e-06,0.0008059288808727095,0.13835586660247357,-0.013671875,0.01513671875,0.01513671875,0.0029258258192339493,5.173485943863587,14.275665469308937,0.0677974550464037,0.16942869701954494,2199.7659344764975,3760.58225696007,4838.425808439675,0.1298020179894625,38.370069605568446,0.7914361840964202,0.682513557080466
test,63,nips4b_birds_testfile0063.wav,5.00390022675737,,,44100,1,PCM_16,220672,7.737816901328668e-06,0.00310650003365152,9.650342459076895e-06,-0.00439795466275438,0.15341381481164662,-0.01611328125,0.0146484375,0.01611328125,0.003106509670496343,5.186940637279748,14.29822555347354,0.06370540893271462,0.16476111496299922,2545.390127109539,3429.4709205430295,4620.3958816705335,0.11767892946146319,49.961028132250576,0.8127192140406638,0.5151437191555299
test,64,nips4b_birds_testfile0064.wav,5.00390022675737,,,44100,1,PCM_16,220672,9.817756245694968e-06,0.002996588020990481,8.97953976754365e-06,-0.013335229396732698,0.11482240078079498,-0.0126953125,0.013671875,0.013671875,0.002996604103961908,4.562456208988023,13.183974181461021,0.0648564385150812,0.1655450874831763,2411.555400385209,3691.45920343461,4651.171875,0.12775981846213527,50.96024869489559,0.8000579783727859,0.6306658961729479
test,65,nips4b_birds_testfile0065.wav,5.00390022675737,,,44100,1,PCM_16,220672,6.062801918684745e-06,0.0030230170213720446,9.13863191150511e-06,0.0020182757365347207,0.14056949166772048,-0.01416015625,0.013671875,0.01416015625,0.0030230231009822296,4.684104546008641,13.412531593283896,0.06563587587006961,0.16454359657589807,2118.4658237988992,3780.8396190349067,4565.238906612529,0.1299194507431045,64.34980423433875,0.787432922406738,0.7037145859744369
test,66,nips4b_birds_testfile0066.wav,5.00390022675737,,,44100,1,PCM_16,220672,-5.974293861477668e-07,0.009734956356019047,9.476937525359564e-05,0.03128187209918308,2.3732904421303997,-0.0576171875,0.07080078125,0.07080078125,0.009734956374351018,7.272840116319467,17.234080805839707,0.13152552204176335,0.15204082095064597,2645.813774935439,3307.839086430419,5384.20007975638,0.09046578582046312,30.975837441995356,0.7872812090710366,0.5777755066214743
test,67,nips4b_birds_testfile0067.wav,5.00390022675737,,,44100,1,PCM_16,220672,1.1979565542977813e-05,0.003135685338209684,9.832522540263179e-06,-0.0121321221148148,0.04986072954029375,-0.013671875,0.0146484375,0.0146484375,0.003135708221479444,4.671492519507695,13.38911315491118,0.062282482598607886,0.14790343996265934,1681.1208808987694,3494.742677524001,3793.241099912993,0.10577558794155006,63.750271896751734,0.7523283299727896,0.7909704113755006
test,68,nips4b_birds_testfile0068.wav,5.00390022675737,,,44100,1,PCM_16,220672,4.648885704801697e-06,0.0032894393788596037,1.0820411427192255e-05,-0.009812439245218864,0.10932101339564992,-0.0146484375,0.015625,0.015625,0.003289442663937244,4.750044793697032,13.533954102239306,0.05945022476798144,0.14030389131331258,1654.238083430455,3215.8695519322273,3065.608686194895,0.08983670315709424,63.750271896751734,0.7522367032899427,0.727167222413161
test,69,nips4b_birds_testfile0069.wav,5.00390022675737,,,44100,1,PCM_16,220672,7.465654625416908e-06,0.003181357427473665,1.0121035081341856e-05,0.009190841563266118,0.005590094932108602,-0.01708984375,0.01416015625,0.01708984375,0.0031813661872442224,5.3718568514753855,14.602488622589341,0.06064203886310905,0.14371167937789742,1764.8538306626313,3405.0639777482834,3796.638449825986,0.10411884536309429,128.6996084686775,0.760479478611131,0.7578254724455072
test,70,nips4b_birds_testfile0070.wav,5.00390022675737,,,44100,1,PCM_16,220672,1.2167645164542852e-05,0.003287706830097991,1.080901620067298e-05,-0.0133201883902692,0.007657842817493599,-0.0146484375,0.0146484375,0.0146484375,0.0032877293459562373,4.455487650775431,12.977904885530226,0.059010658352668215,0.1409745730068745,1598.423150632124,3247.586223311592,3379.363942865429,0.09041082665595986,63.750271896751734,0.7501095195161749,0.7896449633314241
test,71,nips4b_birds_testfile0071.wav,5.00390022675737,,,44100,1,PCM_16,220672,2.2613808616408062e-06,0.0031620673183134313,9.998669725545896e-06,-0.014611711751143388,0.023497423852855803,-0.013671875,0.01416015625,0.01416015625,0.0031620681269367516,4.478131299377673,13.02193645997965,0.061706967807424594,0.1523036556683932,1962.2520084038892,3405.7101954587824,4834.428926189094,0.10209889018209012,63.750271896751734,0.7693636200103035,0.6995008391665976
test,72,nips4b_birds_testfile0072.wav,5.00390022675737,,,44100,1,PCM_16,220672,1.5117176170968677e-05,0.00309972578495174,9.60829994189468e-06,0.012791364436632308,0.11888851576981585,-0.013671875,0.01513671875,0.01513671875,0.0030997626475119133,4.883186382721848,13.774066017293514,0.06362837151972157,0.1504320912127103,1621.2832266311218,3524.743774102719,3215.291926479118,0.10314956805273948,63.15073955916473,0.7511302942969682,0.818237652204729
test,73,nips4b_birds_testfile0073.wav,5.00390022675737,,,44100,1,PCM_16,220672,8.295417661733252e-06,0.0030705917947215847,9.428533969811521e-06,0.02201888563985339,-0.03996649011966413,-0.013671875,0.01220703125,0.013671875,0.003070603000025517,4.452504931404804,12.97208818283233,0.06340179089327146,0.15001518097076644,1894.6173962746966,3523.131536945786,4834.828614414153,0.10844412143724262,20.184255365429234,0.7722721360184256,0.753914984171311
test,74,nips4b_birds_testfile0074.wav,5.00390022675737,,,44100,1,PCM_16,220672,8.308693870314313e-06,0.004166939240920677,1.7363382637524587e-05,-0.0005219895812956245,0.12424097733144235,-0.0185546875,0.02294921875,0.02294921875,0.004166947524497809,5.507441266077808,14.81899748657205,0.047604589617169374,0.11464125326844035,1005.5956163394425,2816.52756914195,964.0479988399071,0.06298952806311306,55.55666328306264,0.6787304278041147,0.8812426339777487
test,75,nips4b_birds_testfile0075.wav,5.00390022675737,,,44100,1,PCM_16,220672,1.52587890625e-05,0.003203066970165054,1.0259638015362336e-05,-0.00022165771681013016,0.17046110006081827,-0.01611328125,0.01513671875,0.01611328125,0.003203103314912897,5.0305218614024545,14.03226081352894,0.0615211716937355,0.16216902085004373,2069.1812328229385,3668.9037771095027,5258.09844475058,0.11333462442932375,16.786905452436194,0.767500746097188,0.7309648127257427
test,76,nips4b_birds_testfile0076.wav,5.00390022675737,,,44100,1,PCM_16,220672,6.5916375604970275e-06,0.0035509999591892116,1.2609600710161783e-05,-0.013720001318860463,0.5370195463359577,-0.01806640625,0.0185546875,0.0185546875,0.0035510060771346916,5.225191705380517,14.362044575323473,0.058117930684454755,0.1773907763140603,3150.0574399912184,3368.909359306525,5287.275685179814,0.09616069441850618,48.36227523201856,0.7966635767760549,0.4689221461703047
test,77,nips4b_birds_testfile0077.wav,5.00390022675737,,,44100,1,PCM_16,220672,7.939172731474768e-06,0.003597007401520664,1.293846224659444e-05,0.022653496437242817,0.37663690446961784,-0.02001953125,0.0205078125,0.0205078125,0.0035970161630243056,5.701340102613663,15.119538975784398,0.05611948955916473,0.17633037417694214,2805.71319109505,3430.849223202862,5122.404292343387,0.10100173990146451,15.188152552204174,0.7923218685572789,0.5371834391319974
test,78,nips4b_birds_testfile0078.wav,5.00390022675737,,,44100,1,PCM_16,220672,1.2588058436276465e-05,0.003798702876472563,1.4430143543720924e-05,-0.0010099539639192247,0.3062532247552747,-0.0205078125,0.02001953125,0.0205078125,0.003798723733431548,5.398605936914087,14.645632559168824,0.05333254785382831,0.18939054066914093,3199.3016746439907,3890.639083509128,7800.315400232018,0.11422997773958043,46.56367821925754,0.8034839633359491,0.5532778349432259
test,79,nips4b_birds_testfile0079.wav,5.00390022675737,,,44100,1,PCM_16,220672,1.168085084990393e-05,0.0071093475702411115,5.05428228744932e-05,0.0006389807089580811,0.11124608522400425,-0.03271484375,0.03125,0.03271484375,0.00710935716621199,4.6016598948609495,13.258290342960912,0.08393905887470998,0.07435956695714435,510.1843455604172,1686.1030230606227,435.260477088167,0.02393728427564087,30.576149216937353,0.6375176244143391,0.9297040101919242
test,80,nips4b_birds_testfile0080.wav,5.00390022675737,,,44100,1,PCM_16,220672,-7.498845146869562e-06,0.007666480959814346,5.87749303071959e-05,-0.021326884375150932,0.2101953907248464,-0.0322265625,0.03369140625,0.03369140625,0.007666484627250904,4.394635597421301,12.858457385282021,0.07757214327146171,0.0682282674207304,644.6985053091406,1756.7127303751786,569.1560324825986,0.02515726342407169,49.36149579466357,0.6755768908194758,0.9192921656628431
test,81,nips4b_birds_testfile0081.wav,5.00390022675737,,,44100,1,PCM_16,220672,9.14288230949101e-06,0.0013875624934702503,1.9253296732853785e-06,0.004044553903739689,0.7329282725472299,-0.0078125,0.0078125,0.0078125,0.0013875926151368434,5.630254813102718,15.010561010420123,0.1482335774361949,0.32251632520811524,4858.634184166571,5024.316134259109,11531.804669373549,0.2612802524597618,2186.894123404872,0.8639083070698113,0.22191796507776557
test,82,nips4b_birds_testfile0082.wav,5.00390022675737,,,44100,1,PCM_16,220672,8.87735813786978e-06,0.0018870315731344838,3.5608881580064045e-06,0.02435568143648195,7.162462470881399,-0.01708984375,0.02001953125,0.02001953125,0.0018870524543567707,10.608889648922847,20.513398640175726,0.13275812064965198,0.29879775774795964,5231.428367492981,5134.045045723254,12087.970834541762,0.2920117081459641,2291.0129060324825,0.8845039646147906,0.22361405527536857
test,83,nips4b_birds_testfile0083.wav,5.00390022675737,,,44100,1,PCM_16,220672,8.036531594402552e-06,0.0013315675111272068,1.7730720366895043e-06,0.0008002976323624137,0.08899367789803003,-0.0068359375,0.00634765625,0.0068359375,0.0013315917627146738,5.133658596733725,14.20853966892619,0.14715958526682135,0.328914991095341,6225.531020804698,5341.452837619196,13104.17814675174,0.3651957938150649,31.375525667053363,0.9224526464419696,0.24607856283031265
test,84,nips4b_birds_testfile0084.wav,5.00390022675737,,,44100,1,PCM_16,220672,9.03445993941234e-06,0.0014508201763289608,2.104879184043197e-06,0.007368421324183317,0.6055688717065637,-0.0087890625,0.00830078125,0.0087890625,0.001450848305478417,6.057878323193691,15.646410919401074,0.14105097157772623,0.32827149920016674,5989.80485780743,4599.127974162134,11178.080590197214,0.3036628785047173,15.188152552204174,0.9099051170204248,0.16904831196465914
test,85,nips4b_birds_testfile0085.wav,5.00390022675737,,,44100,1,PCM_16,220672,8.682640412014212e-06,0.0013841866895046545,1.915972791401855e-06,0.010668675292233922,0.16703008611765657,-0.00732421875,0.00732421875,0.00732421875,0.001384213921200903,5.2912477167154375,14.471161881498267,0.1429678436774942,0.33285751186154955,6712.015171342201,5294.203403364488,13121.96427276682,0.37832037973943067,20.78378770301624,0.9280187457982187,0.2412987556390252
test,86,nips4b_birds_testfile0086.wav,5.00390022675737,,,44100,1,PCM_16,220672,1.0510331793340342e-05,0.0016130188400204034,2.601829778260768e-06,-0.040600025880856365,1.4447401537307334,-0.0107421875,0.01025390625,0.0107421875,0.0016130530819954978,6.6595375067948215,16.468881384542982,0.13517800174013922,0.31448173978456617,5556.1896837381255,4199.543312316933,9728.211553799303,0.25128359535687317,3948.5199753480274,0.8841904676803463,0.1413415398280313
test,87,nips4b_birds_testfile0087.wav,5.00390022675737,,,44100,1,PCM_16,220672,8.021042684391313e-06,0.0014027505051550974,1.9677089797128806e-06,-0.008517986388569336,0.5644345382659339,-0.00927734375,0.01025390625,0.01025390625,0.0014027734374583178,7.3097379635153565,17.27803617653324,0.1451203596287703,0.32658120006706814,6313.601283694349,5359.790163231101,13149.342916183294,0.3767247394021547,28.57770809164733,0.9274344046323766,0.24322087721203461
test,88,nips4b_birds_testfile0088.wav,5.00390022675737,,,44100,1,PCM_16,220672,1.003902638871266e-05,0.0014100854517554197,1.988340981252286e-06,0.005289420708421487,0.8203720095363969,-0.009765625,0.01025390625,0.01025390625,0.0014101211874527379,7.271648948501225,17.232658087972247,0.1447397041763341,0.32673980722432944,6297.858389610788,5334.517798829035,13158.13605713457,0.3745421015992656,16.38721722737819,0.9269122429723333,0.2365098804037924
test,89,nips4b_birds_testfile0089.wav,5.00390022675737,,,44100,1,PCM_16,220672,1.0443950750435035e-05,0.001656526289584291,2.7440793480838984e-06,0.010532005906997098,1.3333730489045257,-0.0107421875,0.0107421875,0.0107421875,0.0016565592124011673,6.484638411704764,16.237715290192334,0.13023854408352667,0.313779336659552,5708.974875196162,4264.360607956276,10100.720979553364,0.2581906401739896,4750.894087151972,0.8780840570848736,0.14630992435196624
test,90,nips4b_birds_testfile0090.wav,5.00390022675737,,,44100,1,PCM_16,220672,1.1001551510839617e-05,0.001677705768852059,2.8146966468394785e-06,0.011372441479417659,0.6816001196813701,-0.009765625,0.0107421875,0.0107421875,0.0016777418397879705,6.402765458455501,16.12735186698729,0.12398491879350348,0.2972887239374453,5784.3819264812055,4832.873507033269,11905.313315690255,0.3145716476301211,3623.373604263341,0.902315815531034,0.17960289987218586
test,91,nips4b_birds_testfile0091.wav,5.00390022675737,,,44100,1,PCM_16,220672,8.476859179007758e-06,0.00168795523473448,2.8491928744675333e-06,0.008250265852668418,0.6741195445914818,-0.0107421875,0.01123046875,0.01123046875,0.0016879765198630798,6.653213843822282,16.46062965034135,0.12356347882830626,0.2982131770826253,5986.078509223704,4848.191571237107,12072.782681989558,0.3257383780538779,17.5862819025522,0.9135311581213098,0.19472984853048494
test,92,nips4b_birds_testfile0092.wav,5.00390022675737,,,44100,1,PCM_16,220672,7.691350171294953e-06,0.0014190946949739882,2.0138297533033165e-06,0.010652796657331513,0.45731051450181237,-0.0087890625,0.0078125,0.0087890625,0.0014191155379921587,6.193338219969911,15.838495952058878,0.14190744634570765,0.3236129804097503,6089.128284940895,4909.853727919055,12299.006217372389,0.3254682225699566,3638.162068590487,0.910603058526671,0.20237933743244346
test,93,nips4b_birds_testfile0093.wav,5.00390022675737,,,44100,1,PCM_16,220672,1.1256012175309962e-05,0.001568212313881934,2.459289861410929e-06,-0.0015822362512253085,0.7459865353941266,-0.00927734375,0.0107421875,0.0107421875,0.001568252708979334,6.8497809303905735,16.713533642275063,0.13236387035962877,0.3144500183531139,5823.943071511551,4304.016891218221,10262.394866589326,0.27057994475519637,3577.6093024941993,0.8934173750847634,0.1491182452036661
test,94,nips4b_birds_testfile0094.wav,5.00390022675737,,,44100,1,PCM_16,220672,7.914833015742822e-06,0.0016490525836434888,2.7193744236212655e-06,0.013334573224010654,0.8563080393753211,-0.009765625,0.0107421875,0.0107421875,0.0016490715776469294,6.514082011726923,16.27706443986184,0.12720689530162413,0.30823261778847244,5776.373655153955,4402.505857409762,10588.340614124128,0.27168959168745893,3594.1963638341063,0.8870813538974077,0.16042300593136471
test,95,nips4b_birds_testfile0095.wav,5.00390022675737,,,44100,1,PCM_16,220672,8.79106278209288e-06,0.001419891684360179,2.0160923953151857e-06,-0.0202371534082194,0.33297747529051236,-0.00732421875,0.00732421875,0.00732421875,0.001419918898423436,5.158195132223555,14.249955345588514,0.14270047853828308,0.3237126763371716,6234.0013143350625,5062.8506993045685,12648.133881960555,0.3504729035112079,27.578487529002317,0.9187631212121797,0.20929144433433206
test,96,nips4b_birds_testfile0096.wav,5.00390022675737,,,44100,1,PCM_16,220672,1.0322252171775305e-05,0.0018119447282640242,3.283143698283788e-06,-0.02467616793327867,3.8791854077182872,-0.0146484375,0.0146484375,0.0146484375,0.0018119741298301378,8.084242075450165,18.15278619201167,0.1326538935614849,0.33176538829297914,6130.582705099562,3743.073241506173,8505.964961571925,0.18267789873646967,3650.152715342227,0.8421881032416977,0.09377461597305459
test,97,nips4b_birds_testfile0097.wav,5.00390022675737,,,44100,1,PCM_16,220672,8.43924325469475e-06,0.0030303680016408987,9.183130225369054e-06,-0.013678058645309053,3.199574895333532,-0.02099609375,0.02099609375,0.02099609375,0.00303037975280257,6.928535517894183,16.812828952813454,0.09045551769141531,0.26560807718277435,4604.122922786346,2800.966160896938,5870.8204937645005,0.11568837770572755,3584.2041582076563,0.7620950078386468,0.05179622604963278
test,98,nips4b_birds_testfile0098.wav,5.00390022675737,,,44100,1,PCM_16,220672,1.0501480987619635e-05,0.0016181348521434656,2.6183603997213555e-06,-0.01804593217235416,1.1333174389449034,-0.01220703125,0.01220703125,0.01220703125,0.0016181689283953913,7.543731087522943,17.551723972935275,0.1291192357888631,0.31338961621599576,6020.39438286595,4560.9436334111715,11180.278875435033,0.30866654342321376,12.790023201856147,0.9110125840657582,0.1634902605146694
test,99,nips4b_birds_testfile0099.wav,5.00390022675737,,,44100,1,PCM_16,220672,9.109691788038355e-06,0.0015151865573111228,2.2957903034563324e-06,0.007874796938334748,0.5234014695787734,-0.0087890625,0.01025390625,0.01025390625,0.0015152139419701777,6.767299300762253,16.608307693390334,0.13431246374709976,0.32034567297016825,6202.072365407816,4726.535202353724,11853.753534657772,0.3290220213376003,10.991426189095126,0.9171663577267694,0.18429138703211578
test,100,nips4b_birds_testfile0100.wav,5.00390022675737,,,44100,1,PCM_16,220672,9.44380970399507e-06,0.0016201478774767652,2.6248791448924676e-06,-0.003794678822610771,0.9745338941747694,-0.009765625,0.00927734375,0.009765625,0.0016201754011322949,6.027510967747739,15.60276018597693,0.13044699825986078,0.3120890375264534,6083.951021534969,4554.302385263087,11272.207167198376,0.31119204761490127,24.780669953596284,0.9131032591561419,0.17068732751872986
test,101,nips4b_birds_testfile0101.wav,5.00390022675737,,,44100,1,PCM_16,220672,9.921753212913283e-06,0.0014634361223974234,2.1416452843376065e-06,-0.005052914422744252,0.2502329012766369,-0.0078125,0.0078125,0.0078125,0.001463469755589238,5.338340591025365,14.548125574433254,0.13659186484918792,0.3196206116798311,6282.593759154462,5160.740075645842,12835.58765951276,0.3630612130013356,13.189711426914153,0.9229653193555426,0.22457515129401778
test,102,nips4b_birds_testfile0102.wav,5.00390022675737,,,44100,1,PCM_16,220672,1.1045805539443155e-05,0.001347040418997907,1.8145178904140569e-06,-0.0064991017091758545,0.057302572431849,-0.0068359375,0.0068359375,0.0068359375,0.001347085706343168,5.074612155567298,14.108057108518627,0.14481674158932714,0.3297669381114872,6409.046515823156,5382.193711749494,13258.457801624128,0.37912707571524,16.58706133990719,0.9270027835185842,0.24242908468745775
test,103,nips4b_birds_testfile0103.wav,5.00390022675737,,,44100,1,PCM_16,220672,9.844308662857092e-06,0.0013600482377476295,1.8497312090004323e-06,0.02240708971203454,0.8677809462923483,-0.01025390625,0.01025390625,0.01025390625,0.0013600838648456506,7.539172043014911,17.54647307948127,0.14954774506960558,0.33729398063180027,6742.715517405354,5821.845002666643,13929.53433149652,0.4105747552851925,11.19127030162413,0.9313359082575133,0.2968877588550301
test,104,nips4b_birds_testfile0104.wav,5.00390022675737,,,44100,1,PCM_16,220672,8.835316810696418e-06,0.0013084600625450189,1.7120677352753146e-06,0.0043400064501568966,0.10796966709862854,-0.0068359375,0.0068359375,0.0068359375,0.00130848989224161,5.224295228058024,14.360554224045003,0.15015951276102088,0.33568525089386464,6331.894860260532,5429.240183132791,13276.044083526682,0.37425152051340715,27.978175754060324,0.9239561882398987,0.2518192206802084
test,105,nips4b_birds_testfile0105.wav,5.00390022675737,,,44100,1,PCM_16,220672,1.0269147337451058e-05,0.0013321569255486598,1.7746420742872573e-06,0.0010145848933890518,0.09359380713858778,-0.00634765625,0.0068359375,0.0068359375,0.001332196505653087,5.131328201952306,14.204595864101258,0.1486051696635731,0.3307684290187655,6490.524650211265,5648.966349482963,13624.572215777262,0.39572730468829004,12.590179089327146,0.9282437759065431,0.2779711121648401
test,106,nips4b_birds_testfile0106.wav,5.00390022675737,,,44100,1,PCM_16,220672,1.0764792457810687e-05,0.001358748950615941,1.8461987107999203e-06,-0.014091559659901779,0.16118813732462645,-0.00732421875,0.0068359375,0.00732421875,0.0013587915923925125,5.39024438405876,14.632169115394033,0.1457185324825986,0.328869674764695,6323.036165518703,5529.3515658411,13401.346342082366,0.38403059042923304,14.988308439675173,0.9267160183842841,0.25409099989419154
test,107,nips4b_birds_testfile0107.wav,5.00390022675737,,,44100,1,PCM_16,220672,9.618613116979045e-06,0.0013016884131474469,1.6943927249223184e-06,-0.009755203178394097,0.049847961391329854,-0.00634765625,0.005859375,0.00634765625,0.0013017239502446795,4.876345901761167,13.76189009109266,0.15043140951276102,0.33649641321242935,6431.71110277244,5677.830900346933,13597.393416473316,0.3869932259090293,10.791582076566124,0.922163343882942,0.27644535755610466
test,108,nips4b_birds_testfile0108.wav,5.00390022675737,,,44100,1,PCM_16,220672,1.0384207811820258e-05,0.0018977018382824917,3.601272267020748e-06,0.0031727918173030784,1.1520219523689503,-0.0107421875,0.01123046875,0.01123046875,0.0018977302492168447,5.917842514569491,15.4432680709583,0.11613163428074245,0.2979865954293949,5529.436372497554,3949.7783955986015,7929.214852813225,0.2261812503026995,3543.835647476798,0.8614710611713934,0.12001467124640769
test,109,nips4b_birds_testfile0109.wav,5.00390022675737,,,44100,1,PCM_16,220672,8.751234156349695e-06,0.0013679647419066355,1.871327535099688e-06,0.023740201479121818,0.13249381494105128,-0.00732421875,0.00634765625,0.00732421875,0.0013679927336060478,5.353989513301915,14.57355032424438,0.14580010150812064,0.3247277621436437,6322.384212704052,5510.315785632104,13399.347900957075,0.3809177055050157,25.18035817865429,0.9274231476100733,0.2545140922337417
test,110,nips4b_birds_testfile0110.wav,5.00390022675737,,,44100,1,PCM_16,220672,9.607549609828162e-06,0.0013286743363058766,1.7653754919578617e-06,-0.0012952472709841902,0.06472154814753717,-0.005859375,0.00634765625,0.00634765625,0.0013287090716057324,4.777310839256119,13.583669997874722,0.14672001885150812,0.33559008659950784,6451.085670796036,5290.192238955187,13141.748839907192,0.3812709878191792,14.988308439675173,0.9294768373091016,0.23367042243821926
test,111,nips4b_birds_testfile0111.wav,5.00390022675737,,,44100,1,PCM_16,220672,1.0450588854725565e-05,0.0012917611587223367,1.668646891183674e-06,0.005495207991360109,0.055479338014543966,-0.005859375,0.005859375,0.005859375,0.0012918034316377568,4.535810059407758,13.13309719689345,0.15123803654292342,0.3395462022649102,6563.267997098448,5566.823283818839,13510.66107163573,0.3983426027307319,14.988308439675173,0.9304371036981076,0.2676683931350379
test,112,nips4b_birds_testfile0112.wav,5.00390022675737,,,44100,1,PCM_16,220672,9.957156435796113e-06,0.001977441743542262,3.9102758491034604e-06,-0.017924265261332645,3.5675661335068805,-0.01708984375,0.015625,0.01708984375,0.001977466812380867,8.642291057933788,18.73257777069141,0.12468278712296983,0.3018792682318927,5423.484430876192,3706.783396695354,7142.428581786542,0.20290404988378372,3889.366118039443,0.8598381739676764,0.1014016147046994
test,113,nips4b_birds_testfile0113.wav,5.00390022675737,,,44100,1,PCM_16,220672,1.0882065633610063e-05,0.0030328627489606998,9.198256454033452e-06,-0.022735422086451927,4.039904460201374,-0.02197265625,0.02294921875,0.02294921875,0.0030328822716000543,7.566801707041766,17.578247062948716,0.09437989414153132,0.2767196414571919,4495.542463259676,2267.175265773481,5780.690799013921,0.08096234083926178,3435.5201384860784,0.8092876911179394,0.031476603191442167
test,114,nips4b_birds_testfile0114.wav,5.00390022675737,,,44100,1,PCM_16,220672,9.514616149760732e-06,0.0013104029670013588,1.717155935925964e-06,0.0012512617243891852,0.046761110093830105,-0.00634765625,0.00634765625,0.00634765625,0.001310437508562099,4.843921368646629,13.703941692558015,0.14912177349187936,0.3348197089785246,6514.767492133738,5558.3649195699645,13506.864033497679,0.3946704690071228,11.19127030162413,0.9300153781066943,0.25635061958219413
test,115,nips4b_birds_testfile0115.wav,5.00390022675737,,,44100,1,PCM_16,220672,8.921612166473318e-06,0.0013893909909205293,1.9304073256511307e-06,-0.001110768677935259,0.5158876087117492,-0.01025390625,0.0087890625,0.01025390625,0.0013894196345290287,7.379992332896435,17.361118212660017,0.14493909512761022,0.3301113422243974,6480.753167879541,5564.436050842714,13490.876504495358,0.3899655042194079,18.585502465197216,0.9292466116702385,0.2536889188937106
test,116,nips4b_birds_testfile0116.wav,5.00390022675737,,,44100,1,PCM_16,220672,1.0342166484646897e-05,0.001546263515116799,2.3909308581813597e-06,-0.004176830484952061,0.8605830727604697,-0.0107421875,0.009765625,0.0107421875,0.001546298101463284,6.94703530311168,16.83599011713772,0.13392274506960558,0.3211477720226038,6188.261637699471,5244.557526517485,12885.54868764501,0.36431241720097024,17.186593677494198,0.9238827721166207,0.22787827742452885
test,117,nips4b_birds_testfile0117.wav,5.00390022675737,,,44100,1,PCM_16,220672,9.220326859547202e-06,0.0020448564107510676,4.1814377405897395e-06,0.00266217912015822,7.963126125370378,-0.0224609375,0.0224609375,0.0224609375,0.0020448771980285606,10.98400310867288,20.815212942839246,0.1271525159512761,0.30812839022798644,5595.7909833429985,4087.1894000272896,9134.274851363109,0.24840444667394554,4821.23921476218,0.8847347976739307,0.13240058164864277
test,118,nips4b_birds_testfile0118.wav,5.00390022675737,,,44100,1,PCM_16,220672,9.766864112800898e-06,0.0014310546891732284,2.0479175234046857e-06,0.00605710499721095,1.5726295002060313,-0.01123046875,0.0107421875,0.01123046875,0.0014310880179217783,7.8475038637447705,17.894630763969463,0.1457004060324826,0.3301204054905266,6184.7211739452105,5339.634161540782,13130.757413718096,0.3579391629044116,9.192829176334106,0.9171850672875796,0.23000768989751252
test,119,nips4b_birds_testfile0119.wav,5.00390022675737,,,44100,1,PCM_16,220672,9.999197762969475e-06,0.001174093777954755,1.37849619943207e-06,-0.0034893863815650323,0.009491816819896748,-0.00537109375,0.00537109375,0.00537109375,0.0011741363563862474,4.574505951362525,13.20688393883379,0.16577998114849188,0.3425098902891635,6654.730299485505,5784.401700000718,13784.447505800463,0.396652801552259,15.58784077726218,0.927349943606193,0.30809970412628623
test,120,nips4b_birds_testfile0120.wav,5.00390022675737,,,44100,1,PCM_16,220672,9.342025438206932e-06,0.0011543449063796999,1.3325121628847583e-06,0.0032474709258336312,0.0061216978525417964,-0.00537109375,0.0048828125,0.00537109375,0.001154382707911049,4.652784309043782,13.354258404788384,0.16838565835266822,0.3324813863171871,6287.193264616928,5735.613418661939,13528.84688587587,0.3750869467349235,14.588620214617169,0.921052675532482,0.31885232094622695
test,121,nips4b_birds_testfile0121.wav,5.00390022675737,,,44100,1,PCM_16,220672,1.0328890276065835e-05,0.0013075351396010795,1.7096481412916143e-06,-0.007010408151120514,0.2640670543856243,-0.00634765625,0.00634765625,0.00634765625,0.001307575935563954,4.854522079639125,13.722929614264299,0.1533407047563805,0.3160134317604035,6169.047875978387,5484.230629457322,13169.727015661252,0.36541822834900345,18.385658352668212,0.920785709128568,0.29438322030020503
test,122,nips4b_birds_testfile0122.wav,5.00390022675737,,,44100,1,PCM_16,220672,8.456944866136167e-06,0.001224618550719151,1.499690594765474e-06,-0.009623486809601782,0.12614239021271878,-0.00634765625,0.005859375,0.00634765625,0.0012246477512664379,5.183250647735837,14.292044212663944,0.16067738544083526,0.3247866733734836,6349.550967494203,5718.614940230412,13539.038935614848,0.3785787844529832,9.192829176334106,0.9220481896483905,0.30528927477231305
test,123,nips4b_birds_testfile0123.wav,5.00390022675737,,,44100,1,PCM_16,220672,8.709192829176333e-06,0.0012428556252261028,1.5446901051561668e-06,0.0008479737810313798,0.32356202473624895,-0.00830078125,0.00830078125,0.00830078125,0.0012428861392725814,6.678633695970061,16.493752486059265,0.15950369779582366,0.3237489294016885,6414.528153863319,5676.6653207527315,13514.458109773781,0.383739599837999,18.18581424013921,0.9253815467833655,0.30376733987782367
test,124,nips4b_birds_testfile0124.wav,5.00390022675737,,,44100,1,PCM_16,220672,9.842095961426913e-06,0.001341214929389411,1.7988574868170427e-06,0.0002217885017357971,0.5133330557368012,-0.0068359375,0.00830078125,0.00830078125,0.0013412510405102977,6.188834900617748,15.83217794370258,0.15317756670533642,0.3222081741597219,6310.637364700264,5188.742110101301,12933.7111187645,0.3582943736325004,13.189711426914153,0.9234755154552663,0.24809114205669217
test,125,nips4b_birds_testfile0125.wav,5.00390022675737,,,44100,1,PCM_16,220672,1.0556798523374057e-05,0.001175552055762057,1.3819226358063981e-06,0.0025679578700004294,0.037034416231217726,-0.00537109375,0.00537109375,0.00537109375,0.001175599456363204,4.568812720121392,13.196067125724216,0.1666228610788863,0.3325267026478332,6376.960292459023,5507.795833418722,13291.432080191415,0.3760716688911721,18.785346577726216,0.9267906042749611,0.28506982663327773
test,126,nips4b_birds_testfile0126.wav,5.00390022675737,,,44100,1,PCM_16,220672,9.26458088815074e-06,0.002549595382776327,6.500436615874367e-06,-0.0026566639112479795,-0.00321069579547828,-0.01220703125,0.01171875,0.01220703125,0.0025496122152855716,4.7877991707192775,13.602718503536064,0.07694224912993039,0.4471498293840151,9647.204994684666,3514.6087556912444,12320.189693300463,0.2223471533238337,10690.660799738978,0.9053745541756758,0.058400517851804404
test,127,nips4b_birds_testfile0127.wav,5.00390022675737,,,44100,1,PCM_16,220672,9.273431693871447e-06,0.0025557654812992277,6.531937195400673e-06,-0.003154092847604415,-0.016117317319147784,-0.01171875,0.0107421875,0.01171875,0.002555782305270943,4.585190990575262,13.22714860786517,0.07701475493039443,0.4456543904726947,9569.227589696602,3588.8866930189724,12281.020247244778,0.22148692835511233,13.389555539443155,0.9042686650614673,0.06548652073811297
test,128,nips4b_birds_testfile0128.wav,5.00390022675737,,,44100,1,PCM_16,220672,8.047595101553437e-06,0.0025499982423824734,6.5024910361537035e-06,-0.00752922651335954,0.023451770657885618,-0.0126953125,0.01123046875,0.0126953125,0.002550010941141356,4.978532560459416,13.94202703668396,0.07735915748259861,0.44486588631945295,9570.636935977795,3519.9113615513525,12245.647839327145,0.22132275439579913,10796.57817937935,0.9052477297542435,0.060284336260472575
test,129,nips4b_birds_testfile0129.wav,5.00390022675737,,,44100,1,PCM_16,220672,8.899485152171548e-06,0.002484372923520272,6.172108823120662e-06,-0.0050351475298191645,-0.0072403883459308815,-0.0107421875,0.0107421875,0.0107421875,0.0024843888632733475,4.323875243043254,12.717463094896807,0.07809327871229699,0.4537932034567297,9728.494718702383,3695.1970835204456,12616.958200406032,0.23496670426211072,24.38098172853828,0.9097944973371999,0.06508611675328625
test,130,nips4b_birds_testfile0130.wav,5.00390022675737,,,44100,1,PCM_16,220672,1.2408829620432135e-05,0.002931699534369426,8.594862159821911e-06,0.004615795099889863,0.05046876922880683,-0.01220703125,0.01416015625,0.01416015625,0.002931725795308023,4.829972936985485,13.678893946911009,0.0669681699535963,0.376170860693068,7567.699613895627,5204.085821229663,12275.224767981437,0.18538409702354286,26.379422853828306,0.8355192186970145,0.27463106144351973
test,131,nips4b_birds_testfile0131.wav,5.00390022675737,,,44100,1,PCM_16,220672,9.346450841067285e-06,0.002561846894839529,6.563059512598936e-06,0.01759289689494943,0.36437287356113535,-0.02392578125,0.02294921875,0.02392578125,0.00256186394422933,9.339208393128562,19.40620132531746,0.07710991879350348,0.44351545966619993,8879.014606679255,4466.084571506202,12514.038482453596,0.22690056145287676,26.579266966357306,0.9023874101694375,0.1535581409794993
test,132,nips4b_birds_testfile0132.wav,5.00390022675737,,,44100,1,PCM_16,220672,7.385997373930539e-06,0.009121751626781204,8.320635274068554e-05,0.18495312870672764,16.977138353659402,-0.19580078125,0.22265625,0.22265625,0.009121754617048342,24.409366327818198,27.75113010378499,0.43779002320185617,0.23259059867404416,4646.441019424142,4121.239930636622,6851.055865719257,0.19084321685564282,2392.7335593097446,0.8938284068546638,0.2651780700864136
test,133,nips4b_birds_testfile0133.wav,5.00390022675737,,,44100,1,PCM_16,220672,9.990346957248767e-06,0.028812925155380767,0.0008301846560095738,-0.04245143226270028,10.3308945268371,-0.24267578125,0.23291015625,0.24267578125,0.028812926887364396,8.422461980300339,18.508781184317453,0.40128335266821347,0.17237879014460442,2511.8962725509964,1134.242899901041,2687.503625290023,0.013329836937340751,2111.1532047563805,0.736855296092147,0.15974125010840143
test,134,nips4b_birds_testfile0134.wav,5.00390022675737,,,44100,1,PCM_16,220672,8.914974062182787e-06,0.03901775195950846,0.0015223849679737265,-0.04589082004500198,9.86793458337712,-0.26025390625,0.259765625,0.26025390625,0.039017752977977715,6.670140804799593,16.48270003695781,0.4671276827146172,0.18895550389493862,2386.177046436681,892.0361027805461,2464.6774398201856,0.007354530197731767,2055.5965414733178,0.6583394186412205,0.11479932394935391
test,135,nips4b_birds_testfile0135.wav,5.00390022675737,,,44100,1,PCM_16,220672,8.76229766350058e-06,0.02931396366827174,0.0008593084659447555,-0.03293602317055356,9.502253558259717,-0.212890625,0.22216796875,0.22216796875,0.02931396497784999,7.578912266487082,17.59213759401243,0.42241879350348027,0.1991698048225639,2477.849543105601,776.8118127838397,2627.7502356438513,0.005842241971386439,2582.9851544373546,0.7056955881286585,0.11942458436486038
test,136,nips4b_birds_testfile0136.wav,5.00390022675737,,,44100,1,PCM_16,220672,8.771148469221288e-06,0.03418105888576465,0.0011683447865521105,-0.04674791032831529,7.2090332666788175,-0.21875,0.21533203125,0.21875,0.034181060011140026,6.399743013490708,16.123250698228595,0.390683910962877,0.19273941750388587,2664.3514996122085,1383.0485859209584,3661.943517981438,0.00738104422879512,2056.5957620359627,0.6757359570893501,0.0969491720563267
test,137,nips4b_birds_testfile0137.wav,5.00390022675737,,,44100,1,PCM_16,220672,8.766723066360933e-06,0.04689064871097205,0.0021987329365357852,-0.054418759361630376,6.796622324207396,-0.30908203125,0.29833984375,0.30908203125,0.04689064953048975,6.591549367406935,16.37975018149307,0.4888612964037123,0.18605525873358983,2375.58149312554,670.3648793337796,2435.1005111658933,0.004321603428465285,2431.7031612529,0.6599261955594516,0.10327133988738231
test,138,nips4b_birds_testfile0138.wav,5.00390022675737,,,44100,1,PCM_16,220672,1.0025750180131598e-05,0.005842583453979997,3.413578141672083e-05,-0.013274323241743918,4.537278858863325,-0.07470703125,0.07177734375,0.07470703125,0.005842592055961763,12.786624589640684,22.135118292914623,0.25151809019721577,0.23784729302898885,5143.136335156065,3129.8397368283945,7268.730060904872,0.12933400802825173,6818.2814312645005,0.8832719177645169,0.18492963221112035
test,139,nips4b_birds_testfile0139.wav,5.00390022675737,,,44100,1,PCM_16,220672,8.226823917397767e-06,0.005960373384856504,3.552605088690578e-05,-0.021356353180592744,3.0144504167710675,-0.05322265625,0.056640625,0.056640625,0.005960379062403459,9.502856178606914,19.55708312931151,0.17688243184454758,0.2358125897829801,4980.359291809586,3135.6273105246323,7334.478773926913,0.13154806192799331,7332.080644576566,0.8839976439644488,0.1973602967592422
test,140,nips4b_birds_testfile0140.wav,5.00390022675737,,,44100,1,PCM_16,220672,9.80890543997426e-06,0.005719008954329347,3.270706341969925e-05,-0.0035227790747404566,1.638246703830009,-0.0576171875,0.05712890625,0.0576171875,0.005719017366149991,10.07466559570662,20.064612793831987,0.1767827363689095,0.23755273687978937,4517.645772870954,3496.5519474711573,6861.647603683294,0.16036125720544908,3781.050609048724,0.8940172843961749,0.25522249943161823
test,141,nips4b_birds_testfile0141.wav,5.00390022675737,,,44100,1,PCM_16,220672,1.0782494069252103e-05,0.004951588716059631,2.451823081300906e-05,-0.0009593684619812278,0.07663794303946814,-0.0244140625,0.0234375,0.0244140625,0.004951600455932143,4.930539674450375,13.85788915555839,0.03937518126450116,0.2228838406496549,4120.469559911657,3537.3562281395966,6337.856184744779,0.1626395641010375,2212.0744815835264,0.8908131132945948,0.31341637827086066
test,142,nips4b_birds_testfile0142.wav,5.00390022675737,,,44100,1,PCM_16,220672,9.229177665267908e-06,0.0050764703789394966,2.5770551508250115e-05,-0.0032190890928462646,0.06580786287998341,-0.02734375,0.02978515625,0.02978515625,0.00507647876839552,5.867286678205481,15.368746171079806,0.11585067430394431,0.22062255575041578,4040.9748507032027,3516.3821951777086,6304.682062064965,0.15787929379984228,1248.4261709686773,0.8893328185969244,0.3287700699090369
test,143,nips4b_birds_testfile0143.wav,5.00390022675737,,,44100,1,PCM_16,220672,9.7380989942086e-06,0.0058827859298743665,3.460717029672781e-05,0.02088699113080657,2.8181690736682574,-0.052734375,0.05419921875,0.05419921875,0.005882793989874185,9.21317639939303,19.28818772858319,0.17962858903712298,0.23034744030706344,4377.868860325515,3398.0023208929506,6579.068028567285,0.1505942880295357,1646.715487238979,0.8881958942230779,0.28732911049230186
test,144,nips4b_birds_testfile0144.wav,5.00390022675737,,,44100,1,PCM_16,220672,9.02782183512181e-06,0.005526259857108718,3.0539548008291266e-05,-0.0030921073046391084,0.25929135975884865,-0.033203125,0.029296875,0.033203125,0.005526267231129739,6.008237316676461,15.574941566764977,0.10804270591647332,0.225353580669866,4356.690684304012,3335.543158283843,6448.769667198375,0.1504524694569626,6061.27193300464,0.8889578134361158,0.27489776809281125
test,145,nips4b_birds_testfile0145.wav,5.00390022675737,,,44100,1,PCM_16,220672,1.049041748046875e-05,0.004937817469670875,2.4382041363786878e-05,0.004651056002054169,0.04652164444574547,-0.0205078125,0.02490234375,0.02490234375,0.004937828613130046,5.043177011810992,14.054084236883233,0.11885513341067286,0.22715263899651517,4122.299603955838,3590.6374389907696,6391.4144069025515,0.16704857011811294,1563.380492314385,0.8904689893964263,0.3277769321943279
test,146,nips4b_birds_testfile0146.wav,5.00390022675737,,,44100,1,PCM_16,220672,8.08078562300609e-06,0.005441227429138443,2.960695593560855e-05,-0.002466349071695864,1.1091130944070873,-0.03759765625,0.03564453125,0.03759765625,0.005441233429536435,6.909767194678712,16.789268305603745,0.11418304089327146,0.21948058421813468,3922.1339921706003,2976.651454655133,5965.346758990719,0.12565027979190543,3102.5798470127606,0.8609593811368672,0.201732971060939
test,147,nips4b_birds_testfile0147.wav,5.00390022675737,,,44100,1,PCM_16,220672,9.474787524017547e-06,0.005010050624408936,2.510060725914037e-05,-0.012846682122796233,0.4783242014042095,-0.03076171875,0.029296875,0.03076171875,0.005010059583551776,6.139990600309813,15.763354125635392,0.12004241589327146,0.22467836734323948,4098.988567865781,3559.498211941313,6458.162340487239,0.16591970950018478,1221.8469040023201,0.8904393479374482,0.32234028953612553
test,148,nips4b_birds_testfile0148.wav,5.00390022675737,,,44100,1,PCM_16,220672,8.538814819052712e-06,0.005697522073110229,3.246175777357828e-05,0.008994373068248445,1.1816525766602624,-0.03515625,0.03271484375,0.03515625,0.005697528471621427,6.170438669171772,15.806320800368532,0.11069823085846868,0.22243067734319416,4204.1801278870025,3350.5690917596653,6402.205988979118,0.1565780163617619,3487.6794518561483,0.8881536259710646,0.24927847627071392
test,149,nips4b_birds_testfile0149.wav,5.00390022675737,,,44100,1,PCM_16,220672,1.0477141271887688e-05,0.005773126694696288,3.332899183301489e-05,-0.025750346733332628,2.226849547416993,-0.072265625,0.064453125,0.072265625,0.005773136201710828,12.517568003780093,21.950399189094142,0.1806844547563805,0.22156513542785414,4264.519032029815,3206.192945080874,6472.950804814384,0.14191878459418228,1128.319859338747,0.8882252139233474,0.24606744063037803
test,150,nips4b_birds_testfile0150.wav,5.00390022675737,,,44100,1,PCM_16,220672,1.0578925537675827e-05,0.007063518389847523,4.989329204371414e-05,0.0032534844908002278,11.266545273026962,-0.10693359375,0.1044921875,0.10693359375,0.007063526311792126,15.138839869751868,23.601851905566676,0.31100003625290024,0.2293323545005914,4902.903222181472,2890.2993772411896,6577.069587441995,0.11728818249507732,6280.500924448956,0.8745533166149035,0.1790888568511892
test,151,nips4b_birds_testfile0151.wav,5.00390022675737,,,44100,1,PCM_16,220672,9.14288230949101e-06,0.007196100695236915,5.1783865215989215e-05,-0.016612464298082705,8.947369932883536,-0.0908203125,0.0888671875,0.0908203125,0.00719610650340072,12.620757135414872,22.021708191457677,0.23817702291183296,0.2231194855690145,4873.271518471401,2732.973914845484,6539.099206061484,0.10586921019132327,6116.828596287703,0.8736882097694464,0.15782427057319998
test,152,nips4b_birds_testfile0152.wav,5.00390022675737,,,44100,1,PCM_16,220672,9.627463922699753e-06,0.005646432152653172,3.1882196054515535e-05,-0.0065528300482314145,1.8019114043220394,-0.04296875,0.04150390625,0.04296875,0.005646440360313488,7.609882909949729,17.62755949032885,0.11323140226218098,0.2301888331498022,4967.742730102053,3110.5837695803584,6933.591484193735,0.12499881742318142,6939.586807569605,0.8754113180044424,0.20113797098781375
test,153,nips4b_birds_testfile0153.wav,5.00390022675737,,,44100,1,PCM_16,220672,1.0149661460221505e-05,0.0053637759529240655,2.8770092473166464e-05,-0.002987464736275577,0.47706816055481394,-0.03515625,0.03125,0.03515625,0.005363785555817293,6.554372771646565,16.330622753943025,0.11375253770301624,0.2269940318392539,4219.837087260993,3438.3134428250064,6357.241063660093,0.16098184998321252,1068.1667814675172,0.8916022294109616,0.2839054342783759
test,154,nips4b_birds_testfile0154.wav,5.00390022675737,,,44100,1,PCM_16,220672,9.317685722474985e-06,0.0055721981390511035,3.104939210084458e-05,0.0023693250139177288,0.8028016313241717,-0.03466796875,0.03515625,0.03515625,0.005572205929442289,6.309215855473367,15.999507721165543,0.11052149796983758,0.22790489008524,4263.858041943782,3483.9818060583148,6570.674575841067,0.1633066893604286,1725.853755800464,0.8926187841052312,0.30206856760631473
test,155,nips4b_birds_testfile0155.wav,5.00390022675737,,,44100,1,PCM_16,220672,9.974858047237528e-06,0.006067688792617022,3.681684728405022e-05,0.007101797831904896,1.321776708823295,-0.04345703125,0.04248046875,0.04345703125,0.006067696991597659,7.162030554620282,17.100723389297293,0.10535999129930394,0.22621459095214141,4371.588889145057,2826.9979494443487,6457.76265226218,0.1136505576563208,3134.1552167923433,0.8592920508276234,0.16062364676383423
test,156,nips4b_birds_testfile0156.wav,5.00390022675737,,,44100,1,PCM_16,220672,9.35751434821817e-06,0.017849903023149146,0.0003186190379358291,-0.3976984621485258,24.854769396063393,-0.365234375,0.3564453125,0.365234375,0.0178499054759095,20.46141787657788,26.218714498215068,0.5112474622969838,0.19036937341109617,3059.761448900363,2435.244704708753,4740.901881525521,0.0638960312414274,944.2634316995359,0.849880628469311,0.3564858874861087
test,157,nips4b_birds_testfile0157.wav,5.00390022675737,,,44100,1,PCM_16,220672,7.339530643896824e-06,0.008579084274457593,7.360068698824555e-05,-0.060862366509268455,6.932901048334557,-0.14208984375,0.1162109375,0.14208984375,0.008579087413994312,16.562349454351207,24.38243887444279,0.2799358323665893,0.14241563232141968,2844.350718497614,3943.0314442198714,6075.860553219257,0.11975057859020896,62.15151899651972,0.8454154630280051,0.6477350849417867
test,158,nips4b_birds_testfile0158.wav,5.00390022675737,,,44100,1,PCM_16,220672,1.6309822241834033e-05,0.013164905664687903,0.00017331474116013165,0.18123352043977842,26.496158793786684,-0.30419921875,0.4287109375,0.4287109375,0.013164915767692296,32.56465480410359,30.254929577444422,0.5608640878770301,0.12457912457912458,2629.7667377976986,3473.736583589029,5727.132576856148,0.10023377830765944,571.1544736078886,0.8453250466052393,0.6183280357121526
test,159,nips4b_birds_testfile0159.wav,5.00390022675737,,,44100,1,PCM_16,220672,9.811118141404437e-06,0.00129985924370753,1.689634053451912e-06,0.0027861047783756033,0.017813525688919807,-0.00537109375,0.005859375,0.005859375,0.001299896269511955,4.507571209662674,13.078851926831776,0.15044500435034802,0.3554341077894241,6998.66190072686,5940.154583363025,14296.847810324825,0.4288271364306982,27.178799303944313,0.9361905675450133,0.2853318185535775
test,160,nips4b_birds_testfile0160.wav,5.00390022675737,,,44100,1,PCM_16,220672,9.503552642609847e-06,0.0003200092896526933,1.0240594546402133e-07,1.5877522828057656e-05,0.14936503151908287,-0.00146484375,0.001953125,0.001953125,0.0003201503755688133,6.1006487858396845,15.707520467845484,0.6066061847447796,0.2073222127057928,6708.418994954963,6082.811672277716,14295.64874564965,0.4117763130088667,18.385658352668212,0.9229217387973777,0.3315016752409503
test,161,nips4b_birds_testfile0161.wav,5.00390022675737,,,44100,1,PCM_16,220672,9.454873211145955e-06,0.00036199770229559307,1.3104233646728882e-07,-0.0031620126451788826,0.39176600387709737,-0.001953125,0.00244140625,0.00244140625,0.000362121155270895,6.741959740445533,16.575723096138834,0.5520274434454756,0.22441100099242764,6680.076567299149,5418.626194528433,13198.304723752899,0.37441564765131247,45.764301769141525,0.9209611044005047,0.26298185084533954
test,162,nips4b_birds_testfile0162.wav,5.00390022675737,,,44100,1,PCM_16,220672,9.813330842834615e-06,0.00036031885909614767,1.2982968022034953e-07,0.027900234146535408,0.3917986280789614,-0.001953125,0.001953125,0.001953125,0.0003604524679934658,5.418536904109659,14.677640711394178,0.5551995722157773,0.2226935120609414,6666.2557149855875,5547.111215664443,13464.097393416472,0.3864320699370224,14.188931989559164,0.9241176196652439,0.2743822733751581
test,163,nips4b_birds_testfile0163.wav,5.00390022675737,,,44100,1,PCM_16,220672,9.474787524017547e-06,0.00034584682868826256,1.1961002891372845e-07,0.023896472245773563,0.32142547688722223,-0.00146484375,0.001953125,0.001953125,0.0003459765895437922,5.645251901509891,15.03366651421846,0.5713728973317865,0.21696099623421292,6647.552362083467,5926.981029616377,14032.653893561484,0.41128917835396955,15.58784077726218,0.9269837657568482,0.3124085963392172
test,164,nips4b_birds_testfile0164.wav,5.00390022675737,,,44100,1,PCM_16,220672,1.0036813687282483e-05,0.0004444310947857294,1.97518998012442e-07,0.017262565431753807,1.9481647408441711,-0.0029296875,0.0029296875,0.0029296875,0.00044454441357578127,6.590314511961756,16.37812282162267,0.4976979408352668,0.235028617262803,6754.757696327244,4371.86372666444,10262.994398926914,0.27988130964070945,12.790023201856147,0.8906316583715911,0.1613336804909001
test,165,nips4b_birds_testfile0165.wav,5.00390022675737,,,44100,1,PCM_16,220672,8.662726099142618e-06,0.0003547947472261158,1.258793126592434e-07,-0.012843559165753166,0.8822238960058915,-0.00244140625,0.001953125,0.00244140625,0.0003549004867321432,6.879129055245905,16.750669141326412,0.5738426261600929,0.21696099623421292,6790.674874508291,5574.86179443676,13631.766603828306,0.37468006727165015,14.588620214617169,0.9192012642300796,0.27345069702248886
test,166,nips4b_birds_testfile0166.wav,5.00390022675737,,,44100,1,PCM_16,220672,9.457085912576132e-06,0.0005408519946304861,2.9252088009577544e-07,-0.04471262555372665,10.417967620491892,-0.005859375,0.00537109375,0.005859375,0.0005409346694100252,10.83194576230541,20.694129534963103,0.537141096287703,0.22372672439967192,6706.6163969455865,5592.219664619221,13573.212278857307,0.38243253164706953,16.786905452436194,0.9217057634930876,0.27795458785516136
test,167,nips4b_birds_testfile0167.wav,5.00390022675737,,,44100,1,PCM_16,220672,9.3641524525087e-06,0.0003192240893104142,1.0190401919606331e-07,-0.00382783615729984,0.166834617490506,-0.00146484375,0.001953125,0.001953125,0.0003193614042855165,6.115720227275369,15.728952194944181,0.6081469330046404,0.20592646972189368,6747.110435588827,6127.431033632204,14390.774543213456,0.4184518894907071,14.988308439675173,0.9272482540641865,0.328174520099975
test,168,nips4b_birds_testfile0168.wav,5.00390022675737,,,44100,1,PCM_16,220672,9.32211112533534e-06,0.00032477339143223736,1.0547775578239725e-07,0.000922428410731243,0.09958708115043491,-0.00146484375,0.00146484375,0.00146484375,0.00032490715218078895,4.508499551850164,13.080640616834035,0.5979054886890951,0.2099233700848775,6648.241879234782,5923.620535847509,14050.639863689094,0.40641420589721916,13.989087877030162,0.9253641713692805,0.3121812338768627
test,169,nips4b_birds_testfile0169.wav,5.00390022675737,,,44100,1,PCM_16,220672,1.0386420513250435e-05,0.0003312810439641554,1.0974713008998066e-07,-0.010392912259672614,0.31536928418976995,-0.001953125,0.00146484375,0.001953125,0.0003314438230244437,5.892778396585049,15.406402187082415,0.5951502682714617,0.20925268839131558,6728.470437349002,5778.880008314936,13874.777044663571,0.3908887264719123,10.991426189095126,0.9225420250101956,0.2970675050060609
test,170,nips4b_birds_testfile0170.wav,2.583219954648526,,,44100,1,PCM_16,113920,9.056691373332163e-06,0.00031943554325206846,1.020390662927441e-07,0.009383226571215934,0.08818805301937749,-0.0009765625,0.00146484375,0.00146484375,0.000319563905895794,4.583883608174661,13.224671633945713,0.6058374297752809,0.20611135982584117,6574.309813350739,6168.759117656216,14335.209796348314,0.40994286213484055,35.61446629213483,0.9184247974452129,0.35336253584794725
test,171,nips4b_birds_testfile0171.wav,5.00390022675737,,,44100,1,PCM_16,220672,8.968078896507033e-06,0.00034858145351982764,1.2150902973799575e-07,-0.0014591321551285683,0.15842880372811408,-0.001953125,0.00146484375,0.001953125,0.0003486967969125752,5.601212908444595,14.965641620149558,0.5629894141531323,0.2191316484721599,6731.709545866726,5377.452113361073,13266.851254350348,0.3835567112679642,19.185034802784223,0.9260092033666595,0.24590678910341834
test,172,nips4b_birds_testfile0172.wav,5.00390022675737,,,44100,1,PCM_16,220672,9.519041552621085e-06,0.0003171958906036678,1.0061323301585398e-07,0.002182012452210839,0.0968348310853342,-0.00146484375,0.00146484375,0.00146484375,0.0003173386915709058,4.616026311662966,13.28536551325449,0.6098780089907193,0.20366065318958992,6669.552788294262,5985.123305413573,14117.58764138631,0.410282130135398,15.987529002320183,0.9266260009885167,0.3121190392577271
test,173,nips4b_birds_testfile0173.wav,5.00390022675737,,,44100,1,PCM_16,220672,9.379641362519938e-06,0.0003343349424819495,1.1177985376440848e-07,-0.01121935030074955,0.352523022976607,-0.001953125,0.001953125,0.001953125,0.0003344664877629715,5.839523753375655,15.32754858706002,0.58975311774942,0.21068921607279614,6554.9511821810265,5578.575776084388,13472.091157917632,0.3814945517806779,23.38176116589327,0.9207052925510876,0.2769367766662026
test,174,nips4b_birds_testfile0174.wav,5.00390022675737,,,44100,1,PCM_16,220672,9.249091978139502e-06,0.0003492661714107174,1.2198685849190063e-07,-0.008018511367594626,0.2974903830615423,-0.001953125,0.001953125,0.001953125,0.0003493886148607603,5.590122050137114,14.948425800384705,0.5670225493039444,0.2160410747220976,6609.44111391725,5631.563165021159,13564.219293793503,0.39540666922281453,30.37630510440835,0.9261607178254277,0.28373558249406644
test,175,nips4b_birds_testfile0175.wav,5.00390022675737,,,44100,1,PCM_16,220672,9.636314728420462e-06,0.0003354278159871832,1.1251181973793164e-07,0.005616846597256844,0.12393019419329177,-0.00146484375,0.00146484375,0.00146484375,0.00033556620553845527,4.365289846900664,12.800261706446447,0.5817321635730859,0.20595365952028133,6311.410817159651,5777.6505681465,13635.363797853828,0.39914084162137053,10.791582076566124,0.9268136245808384,0.32257437320968146
test,176,nips4b_birds_testfile0176.wav,5.00390022675737,,,44100,1,PCM_16,220672,1.0193915488825043e-05,0.0003123332558107556,9.755206268534689e-08,-8.639843539280637e-07,0.09668372850735629,-0.0009765625,0.00146484375,0.00146484375,0.0003124995657570426,4.687506513653412,13.418837684440383,0.6177856728538283,0.19907917216127174,6520.096618341859,6171.726919421211,14293.65030452436,0.4077751453659418,17.786126015081205,0.9234323007917605,0.3359890094990113
test,177,nips4b_birds_testfile0177.wav,5.00390022675737,,,44100,1,PCM_16,220672,9.510190746900377e-06,0.0003076234595840263,9.463219288644508e-08,0.0034890571617304123,0.11315858037461002,-0.0009765625,0.00146484375,0.00146484375,0.00030777042842756596,4.759533778095748,13.551288266523647,0.6261011818445475,0.20064711720162595,6778.35029703771,6245.779283635207,14529.066669083526,0.4206301422024978,24.780669953596284,0.927113497350253,0.338213358792602
test,178,nips4b_birds_testfile0178.wav,3.308843537414966,,,44100,1,PCM_16,145920,1.0410108064350329e-05,0.0003058888287648346,9.356797556312228e-08,-0.0057190762529439445,0.12151281674341163,-0.00146484375,0.0009765625,0.00146484375,0.0003060659175946151,4.78604008415007,13.599526632110376,0.6292283442982456,0.1974657172815055,6762.893096966324,6234.479766879564,14466.081414473687,0.41623058393898815,56.81743421052632,0.9225135320756799,0.3393772668758361
test,179,nips4b_birds_testfile0179.wav,5.00390022675737,,,44100,1,PCM_16,220672,9.4504478082856e-06,0.00041384615579025244,1.7126864066236988e-07,0.013510075908622039,0.5382954656348469,-0.001953125,0.00244140625,0.00244140625,0.00041395404530714157,5.897771208368188,15.41375842002781,0.49397295533642693,0.23982308504515773,6863.704669785422,4668.604336163427,11410.898981293503,0.3178232987754683,6310.877229553364,0.9099935010403575,0.1899231969678399
test,180,nips4b_birds_testfile0180.wav,5.00390022675737,,,44100,1,PCM_16,220672,1.0100982028757613e-05,0.0003871584745866947,1.4989168444429636e-07,0.0029191934076184646,1.1154915524834514,-0.00244140625,0.00244140625,0.00244140625,0.00038729021970899496,6.303815913126963,15.992070444070091,0.543009534512761,0.22242161407706496,6752.519045040091,4758.7052391323805,11849.356964182134,0.3208554882166002,34.7728755800464,0.9080552960461509,0.19565604808988812
test,181,nips4b_birds_testfile0181.wav,5.00390022675737,,,44100,1,PCM_16,220672,9.654016339861877e-06,0.00034835229142529217,1.213493189412517e-07,-0.009468302739724786,0.49903312599693583,-0.001953125,0.001953125,0.001953125,0.0003484860384186747,5.604600427789579,14.970893112244024,0.5737519939095128,0.21510755831078845,6646.832985897835,5268.087585773108,12930.513612964036,0.35713683334971197,20.583943590487237,0.9144982992804653,0.24858732217604526
test,182,nips4b_birds_testfile0182.wav,5.00390022675737,,,44100,1,PCM_16,220672,9.187136338094548e-06,0.00032255575365918473,1.0404221421864466e-07,0.00847178537175609,0.13397717057929448,-0.00146484375,0.00146484375,0.00146484375,0.00032268656261570514,4.539525098677617,13.140208432421264,0.6025594547563805,0.20366971645571916,6550.027574788323,6105.943759643753,14249.48475565545,0.41170570046678306,18.585502465197216,0.92578107669551,0.3332168323890907
test,183,nips4b_birds_testfile0183.wav,5.00390022675737,,,44100,1,PCM_16,220672,9.030034536551987e-06,0.0003219550346323452,1.0365504432511459e-07,-0.010451811779028626,0.18419191969421167,-0.00146484375,0.00146484375,0.00146484375,0.0003220816446940836,4.5480510116971224,13.156506543244156,0.6049883990719258,0.20200207548794358,6584.967253686542,6027.718387719982,14154.159113979118,0.41387611240326094,12.390334976798142,0.9274464663224401,0.32861438425022127
test,184,nips4b_birds_testfile0184.wav,5.00390022675737,,,44100,1,PCM_16,220672,9.324323826765517e-06,0.0003225853113368882,1.0406128309031709e-07,-0.013819028768078723,0.1731141293856724,-0.00146484375,0.00146484375,0.00146484375,0.0003227200429244262,4.539054149614852,13.139307275648576,0.6036606366009281,0.20180268363310086,6375.009473625514,5902.398962441018,13891.563950116008,0.39715559350766994,13.589399651972156,0.9238361011943708,0.31434552777461244
test,185,nips4b_birds_testfile0185.wav,5.00390022675737,,,44100,1,PCM_16,220672,9.662867145582583e-06,0.00040140761622809796,1.6112807436592397e-07,0.045018976567899154,2.2279323701492233,-0.0029296875,0.0029296875,0.0029296875,0.0004015239038555452,7.296421139235593,17.26219785829236,0.5502963674593968,0.22189594464157048,6938.769429626733,4439.907926039423,10234.416690835265,0.28846794243296564,24.38098172853828,0.9009567257465706,0.1729595420013828
test,186,nips4b_birds_testfile0186.wav,4.556916099773242,,,44100,1,PCM_16,200960,1.0000824168988853e-05,0.0003741046500159144,1.3995428916352982e-07,0.046645284695177036,3.0868887593584757,-0.0029296875,0.00341796875,0.00341796875,0.0003742383006155153,9.133134541222573,19.2123971067087,0.578468351910828,0.21559621614359148,6711.523753106696,5982.002403500153,14083.428045382167,0.41317859708096166,24.797472133757964,0.9265301724694084,0.3165774607706119
test,187,nips4b_birds_testfile0187.wav,5.00390022675737,,,44100,1,PCM_16,220672,9.483638329738253e-06,0.0007234831526190995,5.234278721236712e-07,-0.025474331295707354,10.051892941960045,-0.00927734375,0.00927734375,0.00927734375,0.00072354530716441,12.82206332918959,22.15915835135928,0.3638477015661253,0.17611285578984098,3203.982397423964,3201.6232958717746,4767.081460266821,0.14026766763839804,1516.4171258700694,0.8625841180385307,0.39097133576916504
test,188,nips4b_birds_testfile0188.wav,5.00390022675737,,,44100,1,PCM_16,220672,9.379641362519938e-06,0.00034192375131069123,1.1691185171037544e-07,0.011474507954499955,0.7687299732383788,-0.00244140625,0.00244140625,0.00244140625,0.0003420523781271882,7.1375216373797326,17.070948756371614,0.5865900522041764,0.19738887302817315,6083.507983424135,5919.655107305731,13740.082112819024,0.3794908589387709,8.593296838747099,0.9190825078328374,0.3393722734392128
test,189,nips4b_birds_testfile0189.wav,2.589024943310658,,,44100,1,PCM_16,114176,1.059733164150084e-05,0.0006820176359640188,4.651480557659489e-07,-0.010749917056371846,-0.035475445181172294,-0.0029296875,0.0029296875,0.0029296875,0.0006820999627648933,4.2950999265921475,12.659465445127449,0.2848672225336323,0.4278432231223998,10040.642942510069,4042.3091133911826,13081.372617713003,0.28732499570313114,12.359865470852016,0.9084743015840538,0.07402105047297534
test,190,nips4b_birds_testfile0190.wav,5.00390022675737,,,44100,1,PCM_16,220672,9.417257286832947e-06,0.00031465113015691643,9.900533370902477e-08,0.014875300944762264,0.1117379545698407,-0.00146484375,0.00146484375,0.00146484375,0.00031479202411089003,4.653369964303757,13.355351646273835,0.6145546331206496,0.19762451794753275,6452.8639952455915,6373.647135045184,14544.25482163573,0.4090653553759291,14.188931989559164,0.917798242828495,0.37963324104656715
test,191,nips4b_birds_testfile0191.wav,4.574331065759637,,,44100,1,PCM_16,201728,1.0318562464060518e-05,0.00032824703816450665,1.0774611806377107e-07,-0.021742598157410444,0.5955834295134603,-0.00244140625,0.001953125,0.00244140625,0.00032840918195917694,7.434037731330789,17.42449522038965,0.5983056392766497,0.1931372597619555,5445.214430627611,6268.850849437854,13613.793821383248,0.35067312834642567,35.8522366751269,0.8826810042463236,0.4739277285873653
test,192,nips4b_birds_testfile0192.wav,5.00390022675737,,,44100,1,PCM_16,220672,8.948164583635442e-06,0.0003203374332515231,1.0261607114217402e-07,-0.01844007240204815,0.4671499046626697,-0.0029296875,0.001953125,0.0029296875,0.00032046238592319985,9.142063557818332,19.220884725663993,0.6077254930394431,0.20009425796774383,6964.63642153406,6444.450955094082,15088.230495939673,0.42876750896435606,15.387996664733178,0.9247734597097623,0.34741031444193604
test,193,nips4b_birds_testfile0193.wav,5.00390022675737,,,44100,1,PCM_16,220672,9.777927619951783e-06,0.0004599399375584556,2.11544746161276e-07,-0.0173150631901013,1.2178853257357547,-0.0029296875,0.0029296875,0.0029296875,0.0004600438609848163,6.368278654405724,16.08044116815712,0.47836608178654294,0.20513343393558736,5258.763121769414,4548.344971768803,9162.852559454755,0.2663083841360162,24.580825841067284,0.891627235249137,0.1868561933268171
test,194,nips4b_birds_testfile0194.wav,5.00390022675737,,,44100,1,PCM_16,220672,1.0125321744489558e-05,0.0005714547152109955,3.2656049153687994e-07,0.0022979488133128573,1.0808118785143783,-0.00244140625,0.0029296875,0.0029296875,0.000571544410940488,5.12591400409137,14.195426317643916,0.4052213239559165,0.1955943463345886,4963.791552248488,4012.00968399071,6574.471613979118,0.20270525258685976,4268.070711281902,0.853887939596535,0.1273837254908312
test,195,nips4b_birds_testfile0195.wav,5.00390022675737,,,44100,1,PCM_16,220672,9.330961931056047e-06,0.00045302868274791133,2.0523498739230768e-07,-0.002364606720165114,0.8117667536663378,-0.0029296875,0.00341796875,0.00341796875,0.0004531247667506892,7.543107331143914,17.551005747032406,0.4704629495359629,0.19873023641529697,5422.840988481797,4863.610734292457,10517.196110063804,0.28130790799746563,15.387996664733178,0.8888287301470055,0.19682444648137756
test,196,nips4b_birds_testfile0196.wav,5.00390022675737,,,44100,1,PCM_16,220672,9.395130272531177e-06,0.000508182000057851,2.582489451827977e-07,0.01651718194450604,1.1362492132661508,-0.0029296875,0.00341796875,0.00341796875,0.0005082688399416548,6.72472613192726,16.55349204318508,0.44323248984918795,0.2000036253064517,5245.466006430293,4310.543089351699,8210.59536325406,0.22534748819517925,4699.13446200696,0.8607357782766357,0.15554229907771105
test,197,nips4b_birds_testfile0197.wav,5.00390022675737,,,44100,1,PCM_16,220672,8.658300696282265e-06,0.0004742612238071617,2.249237084070667e-07,-0.013406179220435981,1.6222138603499188,-0.00341796875,0.00390625,0.00390625,0.00047434025190575376,8.235122328973526,18.31340109598939,0.4713148926914153,0.20185253159681155,5117.36505564109,4240.315906129957,7483.36263776102,0.23052021913522994,3962.9087514501157,0.8779387248389504,0.1672416657624099
test,198,nips4b_birds_testfile0198.wav,5.00390022675737,,,44100,1,PCM_16,220672,9.038885342272695e-06,0.00032257501457814503,1.0405464003009048e-07,0.008126766253317149,0.09796589135162126,-0.00146484375,0.00146484375,0.00146484375,0.0003227016291844856,4.539313153459669,13.13980288873349,0.6011365284222738,0.1975338852862406,5924.440602957744,6327.3181458226845,14132.376105713456,0.38096956448416214,10.39189385150812,0.9010371786641557,0.42602348547868135
test,199,nips4b_birds_testfile0199.wav,5.00390022675737,,,44100,1,PCM_16,220672,9.490276434028785e-06,0.00034378938740343935,1.1819114289123211e-07,-0.0027676886883891017,0.4725200787699424,-0.001953125,0.001953125,0.001953125,0.0003439203515903448,5.679003847746799,15.08544325870048,0.5784240864269141,0.19823175677819016,5674.559118467396,5567.118470812041,12740.861550174013,0.3455693454855294,24.780669953596284,0.908573660715519,0.2709866440347358
test,200,nips4b_birds_testfile0200.wav,5.00390022675737,,,44100,1,PCM_16,220672,1.0154086863081858e-05,0.00032158911220068163,1.034195570860226e-07,0.005159312707923929,0.06890937285986576,-0.0009765625,0.00146484375,0.00146484375,0.0003217493785014131,4.552747721915386,13.165471714639247,0.601598752900232,0.19673178623380508,6192.191665473927,6295.842832003827,14272.06714037123,0.4017041173078416,15.387996664733178,0.9126551535595229,0.3883563664416698
test,201,nips4b_birds_testfile0201.wav,2.8212244897959184,,,44100,1,PCM_16,124416,9.179605868618184e-06,0.0003121509879035715,9.743823924917567e-08,-0.0028171478657666436,0.0960855850380633,-0.0009765625,0.00146484375,0.00146484375,0.0003122859337419456,4.690713194947996,13.424777592393092,0.6181037808641975,0.1951854679901941,6455.474377383437,6345.1458037526545,14569.560185185184,0.4110308241652515,10.279224537037036,0.9126133948466516,0.36894658894612953
test,202,nips4b_birds_testfile0202.wav,5.00390022675737,,,44100,1,PCM_16,220672,9.541168566922853e-06,0.0003211288040516844,1.0312370879166512e-07,0.01757303597599913,0.10247063417661328,-0.00146484375,0.00146484375,0.00146484375,0.00032127051325835614,4.559533755972234,13.17840870609138,0.6038101798143851,0.1973435566975271,6245.518456079421,6308.393201552027,14323.626921403711,0.39962741489735404,19.384878915313223,0.9136405842682639,0.38626417461298335
test,203,nips4b_birds_testfile0203.wav,5.00390022675737,,,44100,1,PCM_16,220672,9.510190746900377e-06,0.0003902821690541275,1.5232017148159457e-07,0.016884740911071974,0.7715055250946499,-0.00244140625,0.00244140625,0.00244140625,0.00039039802152372266,6.253633767074937,15.922648879373718,0.5267501087587007,0.23247277621436438,6927.939497617723,5726.320524373082,13634.364577291182,0.41338796690507273,17.98597012761021,0.9294196284070428,0.2784484824689884
test,204,nips4b_birds_testfile0204.wav,5.00390022675737,,,44100,1,PCM_16,220672,9.65844174272223e-06,0.0003577894183192959,1.280132678612601e-07,0.013225516798612379,0.25611292973054267,-0.001953125,0.001953125,0.001953125,0.00035791975826734914,5.456879523653198,14.738887311725982,0.5533869272041764,0.21904101581086777,6424.135708218473,5715.477252981513,13274.845018851507,0.3912193207512864,9.992205626450115,0.9202292188711292,0.29362301589128703
test,205,nips4b_birds_testfile0205.wav,2.072380952380952,,,44100,1,PCM_16,91392,9.632912002691701e-06,0.00034923149802835394,1.219626392151282e-07,0.04884684200974271,0.15111735643967306,-0.00146484375,0.00146484375,0.00146484375,0.00034936432589601906,4.1928830204489165,12.450254919036198,0.561734068627451,0.21786609184711841,6328.68618379601,6097.557839332815,13902.366727941178,0.3936842662102948,19.301470588235297,0.9043746357605071,0.3663700424911651
test,206,nips4b_birds_testfile0206.wav,5.00390022675737,,,44100,1,PCM_16,220672,9.968219942946998e-06,0.000914066994398329,8.355184702483949e-07,0.07175014005240055,2.432629103971795,-0.0048828125,0.005859375,0.005859375,0.0009141213462430609,6.409843752234201,16.136948863794306,0.33622299158932717,0.20123169786696032,4737.704526424157,2594.284850868356,5263.893924013921,0.09945457678865291,4682.347556554524,0.8242622989040811,0.06361404178142348
test,207,nips4b_birds_testfile0207.wav,5.00390022675737,,,44100,1,PCM_16,220672,9.532317761202147e-06,0.00037030062609176486,1.3712255368395303e-07,0.1803983685265076,1.5162019291227251,-0.001953125,0.00390625,0.00390625,0.00037042329673746705,10.545368054343802,20.461234841644927,0.5458010078306265,0.19969094262499376,5579.712455091096,5584.535804731672,12588.780180539443,0.3487351839799835,10.192049738979117,0.908622482864236,0.32674874806421583
test,208,nips4b_birds_testfile0208.wav,5.00390022675737,,,44100,1,PCM_16,220672,8.990205910808802e-06,0.00035551975250234906,1.2639429441933152e-07,-0.002115638529828303,0.08933589601688974,-0.00146484375,0.00146484375,0.00146484375,0.0003556334042545079,4.1189712003310275,12.295775107974958,0.5506407700116009,0.19715322810881358,5637.6693842178865,5726.058115647949,12904.134190110208,0.3572931340901732,16.38721722737819,0.9125818675797567,0.3437724764438001
test,209,nips4b_birds_testfile0209.wav,1.607981859410431,,,44100,1,PCM_16,70912,9.750200953294223e-06,0.0003605004866047955,1.2996060084229434e-07,-0.00904488432610545,-0.003969704329296331,-0.00146484375,0.00146484375,0.00146484375,0.00036063231588547907,4.061876003550302,12.174533232208734,0.5381176669675091,0.1981638955874265,5634.0344466558345,5889.15755738991,13217.188910198554,0.3656543120682235,26.1196976534296,0.9021975842518768,0.37936579592379477
test,210,nips4b_birds_testfile0210.wav,5.00390022675737,,,44100,1,PCM_16,220672,9.171647428083308e-06,0.0006132751879959895,3.761064562115162e-07,-0.028527152089134325,1.6572541827429133,-0.00341796875,0.00341796875,0.00341796875,0.0006133437660301613,5.572680345514298,14.921282644146698,0.38520519141531323,0.1958979657499173,4610.508085597591,3919.763519435531,5720.138032917633,0.19834564861019616,18.18581424013921,0.8674661564177274,0.18352267795446356
test,211,nips4b_birds_testfile0211.wav,5.00390022675737,,,44100,1,PCM_16,220672,9.563295581224623e-06,0.0007026422592448498,4.937061444767067e-07,-0.06601466034696522,7.246889221416534,-0.00537109375,0.00537109375,0.00537109375,0.0007027073367334944,7.6434291620851775,17.665764899387145,0.4603483903712297,0.19413062885472038,5121.801341738483,5279.936754490545,11260.216520446635,0.3058741222750365,10.791582076566124,0.8931056494514164,0.3450828048808657
test,212,nips4b_birds_testfile0212.wav,5.00390022675737,,,44100,1,PCM_16,220672,9.379641362519938e-06,0.0003668470101427894,1.3457672885070382e-07,-0.004816607866357217,0.2820538202889189,-0.00244140625,0.001953125,0.00244140625,0.0003669669011270544,6.65293311876843,16.460263151031874,0.537240791763341,0.1940354645603636,5340.962548720696,6087.13677600797,13249.464816560323,0.3526351741505182,17.186593677494198,0.8965444792036886,0.4670304040243876
test,213,nips4b_birds_testfile0213.wav,3.541043083900227,,,44100,1,PCM_16,156160,1.0496671082543545e-05,0.00048129419166984563,2.3164409893513008e-07,-0.10938949844949171,0.2733415632553995,-0.00341796875,0.005859375,0.005859375,0.0004814086403866731,12.171312495126138,21.706748259188288,0.4058657786885246,0.15897258563387318,3304.0951691959644,5382.242384317515,9483.363857581966,0.21576050242332132,141.4837346311475,0.7061082677661593,0.6790522006417672
test,214,nips4b_birds_testfile0214.wav,3.657142857142857,,,44100,1,PCM_16,161280,9.488302563864087e-06,0.012869999357312669,0.0001656368834572285,-59.355237577658656,4567.56763777464,-1.0,0.23095703125,1.0,0.012870002854899221,77.70006046419253,37.80842713515727,0.9943514384920635,0.3524637429547554,694.987746323927,1290.0453918723804,944.1796875,0.019633822391087536,13.671875,0.7668599275560183,0.9458957726171484
test,215,nips4b_birds_testfile0215.wav,4.313106575963719,,,44100,1,PCM_16,190208,9.698469898742429e-06,0.0008337062837373811,6.950661675431946e-07,0.2739823810404437,15.743003379224827,-0.0087890625,0.01220703125,0.01220703125,0.0008337626927738919,14.640894052704304,23.31135195835519,0.2743890898384926,0.3912632027212458,6195.267162953292,5671.045067809683,12191.676480484522,0.19158596574617956,48.92065528263795,0.8301480929256215,0.42172518677476856
test,216,nips4b_birds_testfile0216.wav,2.589024943310658,,,44100,1,PCM_16,114176,-1.3560992185310398e-05,0.002667140802245539,7.113640059002976e-06,0.0439782527586082,0.13202438034513309,-0.01220703125,0.01318359375,0.01318359375,0.0026671752772384543,4.942904901116981,13.879645098888076,0.0769250980941704,0.11876505364571929,1183.368699029012,2881.4002669649594,2373.866661995515,0.06623882700669748,30.12717208520179,0.6600068609525163,0.8421460996146851
test,217,nips4b_birds_testfile0217.wav,2.82702947845805,,,44100,1,PCM_16,124672,8.467531302136808e-06,0.0011945459993207266,1.4269401444931534e-06,-0.05058699580394013,0.7354587162452884,-0.00732421875,0.005859375,0.00732421875,0.0011945760099631609,6.131228727944963,15.750950359182951,0.17173062114989732,0.11539171098330807,962.5106487503148,2973.6323672769026,658.6418762833674,0.06083373197865311,73.22173382956878,0.6207949490971827,0.9115969627527621
test,218,nips4b_birds_testfile0218.wav,2.5483900226757368,,,44100,1,PCM_16,112384,1.2751863866297693e-05,0.0011211988230530445,1.257086800815532e-06,0.058822246225579446,-0.08209223472450056,-0.00439453125,0.00439453125,0.00439453125,0.0011212713368527693,3.9192398000066175,11.864036734902863,0.1682979783599089,0.0909924098840572,959.5643796462981,2977.4719262880662,703.1890660592254,0.061906115833446566,73.3796625854214,0.6010284894202348,0.9090907284444764
test,219,nips4b_birds_testfile0219.wav,3.436553287981859,,,44100,1,PCM_16,151552,1.0690173587283573e-05,0.001488688793673735,2.21619432440976e-06,0.025217704534090134,1.092618949638874,-0.01318359375,0.01025390625,0.01318359375,0.0014887271758858593,8.855614355367143,18.944373912194813,0.13613809121621623,0.08709279384497629,1011.6821158912742,2332.5907440910823,2374.1811391469596,0.04407422001124419,62.853673986486484,0.6750055119626096,0.8377474211491833
test,220,nips4b_birds_testfile0220.wav,4.742675736961451,,,44100,1,PCM_16,209152,6.532143787771573e-06,0.0019182016813939014,3.6794976905023905e-06,-0.05502505882157844,0.9113056472344767,-0.01025390625,0.01318359375,0.01318359375,0.0019182128034722463,6.872852545940557,16.742740528199228,0.11102451805385558,0.06340873340313936,463.1099296912962,1872.016929007599,215.49016982864137,0.02445866082666087,37.109853121175036,0.5960400776122668,0.9530786658027558
test,221,nips4b_birds_testfile0221.wav,3.3436734693877552,,,44100,1,PCM_16,147456,9.159247080485025e-06,0.002351788318432958,5.53090829471772e-06,-0.01159387372280723,0.6493662613710778,-0.01123046875,0.01123046875,0.01123046875,0.002351806154113217,4.7752527266579134,13.579927224734512,0.08948432074652778,0.052972093180970466,410.9846854498197,1492.2560753234584,431.8603515625,0.01724464623104979,73.870849609375,0.6072178210961178,0.9743169938423739
test,222,nips4b_birds_testfile0222.wav,2.641269841269841,,,44100,1,PCM_16,116480,6.824535327953297e-06,0.0022842700729087855,5.217889765986708e-06,-0.1929324349366198,22.127197882621463,-0.03759765625,0.03466796875,0.03759765625,0.002284280267451687,16.459300894781816,24.328227694090657,0.2964629120879121,0.05998506168493892,408.59472912905414,1677.9291598407865,352.48197115384613,0.020895190249050573,62.84855769230769,0.5689478320473902,0.9706424522332223
test,223,nips4b_birds_testfile0223.wav,2.641269841269841,,,44100,1,PCM_16,116480,1.0450593717805632e-05,0.0017191881072438455,2.9556077480886757e-06,0.018973151936717985,0.09301253345616667,-0.00634765625,0.00732421875,0.00732421875,0.001719219870463848,4.26019898666243,12.588597694689103,0.11711023351648352,0.06781479923419673,565.5453393223463,1926.8782720973336,765.9194711538461,0.028056799250415418,62.46995192307692,0.6296054767799965,0.9593569315662209
test,224,nips4b_birds_testfile0224.wav,5.00390022675737,,,44100,1,PCM_16,220672,9.366365153938878e-06,0.005842154034701895,3.4130763765183626e-05,-0.14700022490115336,0.1346865541959419,-0.03173828125,0.03564453125,0.03564453125,0.005842161542954785,6.101257383576575,15.708386924726499,0.10400957076566125,0.04133755681534955,451.37137507143865,980.6132694666709,981.8341248549883,0.007078046082187483,72.54341284802784,0.5668081073193297,0.9505953363476526
test,225,nips4b_birds_testfile0225.wav,5.00390022675737,,,44100,1,PCM_16,220672,8.49677349187935e-06,0.002213895114461646,4.9013315778371435e-06,0.03206154717383219,0.7440691044981822,-0.01513671875,0.013671875,0.01513671875,0.0022139114194106584,6.837093217591056,16.69743002306857,0.09193282337587007,0.05778285320681014,692.128540276066,1438.9804184100528,926.4773056844547,0.017096680197844084,72.14372462296983,0.6974166341236977,0.9727438369396013
test,226,nips4b_birds_testfile0226.wav,5.00390022675737,,,44100,1,PCM_16,220672,1.302174791659114e-05,0.007739417553630362,5.989858406944178e-05,0.024255030561232037,0.16451258189817208,-0.0263671875,0.02783203125,0.02783203125,0.00773942850831769,3.5961351952651883,11.11672020991104,0.08704774506960557,0.02369590929483258,178.94907320385073,579.4048422233216,145.28666980858466,0.0025853293364393234,71.94388051044083,0.4537862486622291,0.9885324384699867
test,227,nips4b_birds_testfile0227.wav,5.00390022675737,,,44100,1,PCM_16,220672,9.470362121157193e-06,0.0021312563381356724,4.542253578843476e-06,0.18327277112520063,31.86244108891639,-0.04638671875,0.0517578125,0.0517578125,0.002131277379085646,24.28487864034149,27.7067187499948,0.48388105423433875,0.058915761472962014,754.4540253852073,1566.2197817222352,1698.6749564965196,0.01870117744359597,50.56056046983758,0.666864177793252,0.973891049100024
test,228,nips4b_birds_testfile0228.wav,5.00390022675737,,,44100,1,PCM_16,220672,9.943880227215052e-06,0.004189938480356594,1.7555584469172923e-05,0.004423570657066975,0.8155150808435625,-0.02197265625,0.0263671875,0.0263671875,0.004189950280125875,6.292959519130111,15.977098761201226,0.15147368039443154,0.04409732135169551,605.0834042317166,985.3197216626899,1053.178473027842,0.008533786363047469,87.93140951276101,0.7098830975495037,0.9721442650111812
test,229,nips4b_birds_testfile0229.wav,2.513560090702948,,,44100,1,PCM_16,110848,1.3162027055066397e-05,0.00177046510907618,3.1345467024561302e-06,0.03353425555792592,0.14344218169665401,-0.0068359375,0.0068359375,0.0068359375,0.0017705140331023442,3.860990295582057,11.733974200932371,0.11624927829099307,0.07159417936434906,588.6834999305681,2132.7639645903414,408.98166859122404,0.03342787196804098,62.461208140877595,0.5869994007547464,0.9337207182171527
test,230,nips4b_birds_testfile0230.wav,5.00390022675737,,,44100,1,PCM_16,220672,1.1574641181255438e-05,0.0035400337214696984,1.2531838749142601e-05,-0.009727133287053867,2.201953057592621,-0.03173828125,0.0322265625,0.0322265625,0.003540052643882726,9.103413350557958,19.18408525600973,0.18075242894431554,0.04900961159373003,555.2485399380105,1075.4015532236956,967.0456605278422,0.009625440180318906,77.53951566125289,0.6531524081974798,0.9758486649913239
test,231,nips4b_birds_testfile0231.wav,5.00390022675737,,,44100,1,PCM_16,220672,8.39720192752139e-06,0.009968923139021986,9.937942855172796e-05,-0.1357747990652301,0.23944693233136016,-0.04296875,0.04052734375,0.04296875,0.009968926675662139,4.3102684369123425,12.690086363954592,0.06379150957076567,0.04400215705733875,272.88662125847185,934.1840235233175,429.06530959976794,0.003976527020406763,70.3451276102088,0.5049386041991004,0.9889537004449411
test,232,nips4b_birds_testfile0232.wav,1.2829024943310658,,,44100,1,PCM_16,56576,3.6852392136241516e-06,0.008234916123524519,6.781384356148409e-05,-0.2777631098821776,0.07774821153555767,-0.03271484375,0.025390625,0.03271484375,0.008234916948122317,3.9726986873206376,11.981712537470795,0.07170885180995475,0.12839593460008838,1045.9153449576088,3463.413894095435,196.42958144796378,0.016608227653945082,65.47652714932126,0.4741038388503821,0.9272592892684166
test,233,nips4b_birds_testfile0233.wav,3.3959183673469386,,,44100,1,PCM_16,149760,7.055559728899573e-06,0.0026602288125046995,7.076817334880165e-06,0.10180431789576358,2.705519111124575,-0.0234375,0.0302734375,0.0302734375,0.002660238168999771,11.37997261026541,21.122824335689117,0.22476629273504273,0.3684653343037814,6003.673296422876,7958.185397938947,17185.04206730769,0.06153356249267841,58.01081730769231,0.7035492935070157,0.6412372944962622
test,234,nips4b_birds_testfile0234.wav,5.00390022675737,,,44100,1,PCM_16,220672,1.0771430562101218e-05,0.0028690832914699464,8.231638933392022e-06,-0.04492926368702171,0.9711957883630493,-0.0234375,0.0224609375,0.0234375,0.0028691035110480724,8.168927997804573,18.24330136275462,0.070317031612529,0.3497559715594709,5804.271635767316,7798.567718659351,17081.275830191415,0.06098736718485901,44.16554886890951,0.7559063707678954,0.6572899327532947
test,235,nips4b_birds_testfile0235.wav,5.00390022675737,,,44100,1,PCM_16,220672,9.514616149760731e-07,0.005639472250274414,3.1803647261615155e-05,0.03578511807827564,0.17332322573676073,-0.03564453125,0.02587890625,0.03564453125,0.005639472330537172,6.320543689342791,16.01508875275418,0.10947922708816706,0.18678032002392703,1517.467135982709,4526.719726475789,890.1056772041762,0.01880820123906968,55.75650739559164,0.5036958776076793,0.9082274665097952
test,236,nips4b_birds_testfile0236.wav,2.513560090702948,,,44100,1,PCM_16,110848,-1.9381833682159355e-06,0.004060370462807482,1.6486608295239447e-05,-0.04352292654463631,0.020957681911697,-0.02490234375,0.02197265625,0.02490234375,0.004060370925395144,6.133021885821077,15.75349028958996,0.1377832707852194,0.2580403619403322,3522.3237155776474,6679.291135076116,16149.603962182448,0.03610422169295639,59.27847142032333,0.5390104199407603,0.7929490621225512
test,237,nips4b_birds_testfile0237.wav,2.501950113378685,,,44100,1,PCM_16,110336,7.089495382286833e-06,0.004801277141559482,2.305226219006159e-05,0.0306112290283486,0.21331232762047536,-0.02734375,0.02392578125,0.02734375,0.00480128237567906,5.695093073156874,15.110016520288852,0.12379459106728538,0.3202791498617846,5760.498735365574,6710.186013942135,15877.614740429233,0.08003999531297808,73.14294518561485,0.7801408571828156,0.5656598308850375
test,238,nips4b_birds_testfile0238.wav,2.501950113378685,,,44100,1,PCM_16,110336,5.98757007005873e-06,0.005795780633789657,3.359107315501125e-05,-0.0871834506090003,-0.13614136213247807,-0.02685546875,0.02685546875,0.02685546875,0.005795783726641858,4.633621614718249,13.318411321278525,0.09638739849187936,0.15622422622014773,1648.9191221589554,4381.7742543701015,1307.779872389791,0.03268377255594557,80.73702146171694,0.5652428475888088,0.8855391680334137
test,239,nips4b_birds_testfile0239.wav,3.1230839002267574,,,44100,1,PCM_16,137728,8.565342559247212e-06,0.004932162968058291,2.432623154348557e-05,-0.07271236592163573,-0.1892236438974786,-0.02099609375,0.01953125,0.02099609375,0.0049321704054684406,4.256968438625117,12.582008606165399,0.038024221654275096,0.19744131506531035,2217.1482521169737,5498.170056225409,1282.0661013011152,0.024864849726550585,100.22145097583643,0.5540589614851453,0.8725028863024027
test,240,nips4b_birds_testfile0240.wav,2.536780045351474,,,44100,1,PCM_16,111872,1.669475633983481e-05,0.002775449656666318,7.70312079668918e-06,-0.007495646364896612,0.236024629461014,-0.017578125,0.01416015625,0.017578125,0.0027754998669750333,6.333318624568366,16.032626752212135,0.07046445938215103,0.4130918647370632,8108.8524821358305,8440.841688144363,17653.08745709382,0.06293630994158123,97.76172768878719,0.7052546485723241,0.5197348985714983
test,241,nips4b_birds_testfile0241.wav,2.5251700680272107,,,44100,1,PCM_16,111360,8.12048199533046e-06,0.0007263504884247572,5.275850320348833e-07,-0.0843851293358024,0.7684101945487884,-0.00537109375,0.00390625,0.00537109375,0.0007263958798497689,7.394168798301601,17.37778721344658,0.279211566091954,0.40580464982623765,9780.668785323693,4256.011699570633,13077.139008620688,0.2934950929870647,43.561422413793096,0.9110719869632959,0.09557680534844461
test,242,nips4b_birds_testfile0242.wav,5.00390022675737,,,44100,1,PCM_16,220672,9.434958898274362e-06,0.0011102026401037786,1.2325499020934e-06,0.002700912784502853,4.842534415157292,-0.01123046875,0.01123046875,0.01123046875,0.0011102427304615925,10.115327434146621,20.099598909791396,0.20770192865429235,0.231045311799013,4518.087340616772,3181.565254638963,6266.311992459397,0.17277929897162347,4486.300482163573,0.871577557251616,0.1403309012140861
test,243,nips4b_birds_testfile0243.wav,5.00390022675737,,,44100,1,PCM_16,220672,9.614187714118692e-06,0.001047674797093911,1.0976224804657676e-06,0.022863235703344642,1.9506403749822052,-0.00732421875,0.0078125,0.0078125,0.0010477189093794051,7.456675574012094,17.45090496324428,0.20652370939675174,0.2318836639159654,4628.095161183713,3178.018263168538,6682.587278857308,0.1757512054830216,3937.3287050464032,0.874162114890556,0.13436846740080724
test,244,nips4b_birds_testfile0244.wav,5.00390022675737,,,44100,1,PCM_16,220672,1.0092131223036905e-05,0.0010690811691049687,1.1429345461348464e-06,0.024476377826023597,3.0058189756202482,-0.0078125,0.00830078125,0.00830078125,0.0010691288029266958,7.764061006753308,17.801778784692882,0.21168521606728538,0.21510302667772385,4273.835487995454,3210.3258118588774,5676.7718604988395,0.1690521575106406,4514.678346142691,0.8706745086868765,0.19612373972731847
test,245,nips4b_birds_testfile0245.wav,5.00390022675737,,,44100,1,PCM_16,220672,9.724822785627538e-06,0.0009934691478358205,9.869809477016315e-07,-0.02803881750982052,4.021083924550725,-0.009765625,0.00830078125,0.009765625,0.000993516743633364,9.829351203771756,19.850497054667507,0.22897331786542924,0.21998812712137072,4322.001267275199,3365.7769153631793,5812.466012906032,0.18136981186500087,4557.245142111368,0.8796059777459139,0.2103312111738646
test,246,nips4b_birds_testfile0246.wav,5.00390022675737,,,44100,1,PCM_16,220672,9.003482119389863e-06,0.000899375513199469,8.088763137428083e-07,0.012159107872519882,1.251595141561011,-0.00732421875,0.0078125,0.0078125,0.0008994205781685689,8.686147715130202,18.77654421252158,0.2306318880510441,0.2222766018189975,4459.692979303645,3796.743080626746,7141.229517111368,0.225331869464537,2708.287412993039,0.8974560820543537,0.22658035286974026
test,247,nips4b_birds_testfile0247.wav,5.00390022675737,,,44100,1,PCM_16,220672,9.80226733568373e-06,0.0008555909203277855,7.320358229473469e-07,-0.029134277247825816,2.395092442031025,-0.0087890625,0.00732421875,0.0087890625,0.0008556470694113708,10.271831476085461,20.232957711367572,0.24643362093967516,0.22381735706096406,4579.592455903767,3710.937146152064,7088.470671403712,0.21464952213264754,4226.103447650812,0.8875196672404494,0.20590542055207023
test,248,nips4b_birds_testfile0248.wav,4.266666666666667,,,44100,1,PCM_16,188160,9.287620077327807e-06,0.0008597041136213061,7.390911629773957e-07,-0.027284430007230777,1.3552754785363152,-0.00634765625,0.00537109375,0.00634765625,0.0008597542805151345,7.383105142781852,17.36478106506267,0.24310693027210883,0.2191338176754766,4446.194292740089,3851.8397637447465,7124.0625,0.22414669791050434,1200.703125,0.8943036708187982,0.2593926873818517
test,249,nips4b_birds_testfile0249.wav,5.00390022675737,,,44100,1,PCM_16,220672,9.928391317203813e-06,0.0008683587418658071,7.540469045747675e-07,-0.004331352234180149,1.594005736904995,-0.0068359375,0.00634765625,0.0068359375,0.0008684154982086139,7.871735953701101,17.92141035741427,0.24190654002320186,0.2273520308513579,4634.686734396966,3814.3716319745745,7504.346269576566,0.22770467806864164,1300.785328451276,0.8962913724740542,0.19137319670574382
test,250,nips4b_birds_testfile0250.wav,1.991111111111111,,,44100,1,PCM_16,87808,8.70262568615616e-06,0.0008414585746948999,7.080525329275724e-07,-0.018453177580914033,0.7709064739357281,-0.005859375,0.0048828125,0.005859375,0.0008415035761192021,6.962982887157686,16.855906556327575,0.23947704081632654,0.23552791918639743,5045.039042220822,3961.0026648632206,8052.2879464285725,0.24797836251106747,2765.792410714286,0.8969271361924271,0.1876164842934781
test,251,nips4b_birds_testfile0251.wav,5.00390022675737,,,44100,1,PCM_16,220672,9.642952832710992e-06,0.0008189648602009592,6.707034422439767e-07,0.01741590247787836,0.6615498770597283,-0.00537109375,0.00537109375,0.00537109375,0.0008190216290082397,6.557938837957068,16.33534723885475,0.24773872534802785,0.22737015738361632,4536.767246658914,3821.7430855847037,7399.4281104988395,0.22530141469898923,2972.0816415313225,0.8926132467677472,0.1875680107226136
test,252,nips4b_birds_testfile0252.wav,5.00390022675737,,,44100,1,PCM_16,220672,8.545452923343242e-06,0.000909845439091984,8.278187230364851e-07,-0.019723338338443294,2.449024678099155,-0.00732421875,0.0068359375,0.00732421875,0.000909885568520652,8.049604261674537,18.11549059817561,0.2412267981438515,0.22164217318995247,4857.572216973904,3473.0013319914933,6207.55782337587,0.1827696505988551,5994.7238435324825,0.8768651469933046,0.21962498941886235
test,253,nips4b_birds_testfile0253.wav,5.00390022675737,,,44100,1,PCM_16,220672,9.238028470988617e-06,0.003880574343932905,1.5058857238790295e-05,0.029259949365725263,4.773055554674953,-0.03369140625,0.0341796875,0.0341796875,0.003880585339863089,8.807869047200466,18.897416980988247,0.18093822505800464,0.273728763634551,6246.3971994625235,1713.5956160109351,7792.321635730857,0.048665716695559406,6233.737402117169,0.8543362597585323,0.020794645410922918
test,254,nips4b_birds_testfile0254.wav,1.0332879818594105,,,44100,1,PCM_16,45568,6.900744491748595e-06,0.002970409709876447,8.823333844528277e-06,-0.00038786890697816383,0.037556782490757445,-0.01123046875,0.01123046875,0.01123046875,0.0029704177256410953,3.780770850192851,11.551607117668139,0.06561622191011236,0.26953716505365727,5811.366059340613,1783.6206176464245,7367.742714185393,0.05389983809987326,6836.429073033707,0.829747703714175,0.029379907882647993
test,255,nips4b_birds_testfile0255.wav,5.00390022675737,,,44100,1,PCM_16,220672,9.554444775503915e-06,0.0035276959264348862,1.244463854938529e-05,0.03419392303147,4.668320051601723,-0.0341796875,0.04052734375,0.04052734375,0.0035277088650851364,11.488290360667824,21.205108072160535,0.1924077363689095,0.2710641633925618,6026.884328620826,1814.280027392628,7468.973861658932,0.053976974490552755,6872.2393416473315,0.8548200560851574,0.030638303012938642
test,256,nips4b_birds_testfile0256.wav,2.078185941043084,,,44100,1,PCM_16,91648,8.902736216284043e-06,0.00307004109664163,9.42515233506854e-06,-0.0029127528627202865,0.18277658705030175,-0.01416015625,0.013671875,0.01416015625,0.003070054005026732,4.6123476091348765,13.27844060836074,0.06512962639664804,0.26239811450456646,5605.472610548292,1769.597489783479,7230.34436103352,0.05165393446387814,5076.542859636872,0.8376367973205224,0.03576129777306975
test,257,nips4b_birds_testfile0257.wav,3.982222222222222,,,44100,1,PCM_16,175616,9.392162801225401e-06,0.0038143365581417748,1.454916337877684e-05,0.03615101084925165,1.8541846475447699,-0.02734375,0.03564453125,0.03564453125,0.0038143481214355525,9.344855297734327,19.411451616957148,0.16521273688046648,0.2763943854454346,6064.171278704084,1696.3801353355507,7461.6629464285725,0.047450489622454926,5567.243303571429,0.845987753418987,0.02735536639983321
test,258,nips4b_birds_testfile0258.wav,2.5774149659863945,,,44100,1,PCM_16,113664,9.20596423449817e-06,0.0034433964902430845,1.1856979389018393e-05,0.014246382278110991,0.37379655341649,-0.0205078125,0.0205078125,0.0205078125,0.003443408796352225,5.955671752283653,15.498615070721854,0.05874331362612613,0.2719266603908044,5853.743978858288,1741.1507783399902,7368.623310810811,0.048254861638072785,6239.9730785472975,0.840688694261939,0.02775891227713526
test,259,nips4b_birds_testfile0259.wav,1.7008616780045351,,,44100,1,PCM_16,75008,9.836190389691766e-06,0.0030527953179710875,9.319559253426192e-06,0.0027693605771273067,0.04157006417839204,-0.01513671875,0.01318359375,0.01513671875,0.0030528111641678025,4.958288585834059,13.90663600566674,0.0635265571672355,0.2710547015611876,5848.7016695323055,1751.2163636449404,7411.537436006826,0.053120619543537556,7386.84406996587,0.8368210211245443,0.023299955963427803
test,260,nips4b_birds_testfile0260.wav,4.881995464852608,,,44100,1,PCM_16,215296,1.0017549240348171e-05,0.003104187466460797,9.635979826932301e-06,0.02715486324777297,1.1418653992589904,-0.0234375,0.02392578125,0.02392578125,0.0031042036302770283,7.707542448774468,17.738318505058817,0.06564915279429251,0.27495297150421516,6022.110539350963,1718.4989684295876,7434.869667806183,0.05323908611288282,6142.365394619501,0.8517893325571381,0.021106377805601033
test,261,nips4b_birds_testfile0261.wav,2.6760997732426306,,,44100,1,PCM_16,118016,9.681552713191432e-06,0.003013906889266911,9.083634737170548e-06,0.0177752568959711,0.9495316002694696,-0.02197265625,0.0224609375,0.0224609375,0.003013922439219942,7.452393999167842,17.445916149232232,0.06670281995661605,0.26039910180909204,5588.825205552618,1741.7824311795023,7181.346597071583,0.054873991235914604,4399.312805043383,0.8410230664223606,0.01965769419941785
test,262,nips4b_birds_testfile0262.wav,3.0127891156462585,,,44100,1,PCM_16,132864,9.92997303633791e-06,0.001011161177415238,1.0224469267117708e-06,0.023139125822049578,1.198564211620286,-0.00634765625,0.0068359375,0.0068359375,0.001011209934225467,6.76015658928031,16.599135117272745,0.20764089595375723,0.23034253328616697,4656.34131146641,3973.9184463689703,8594.361903901734,0.2470379541465418,1918.4880780346818,0.9029967351111561,0.2860223841981374
test,263,nips4b_birds_testfile0263.wav,2.6644897959183673,,,44100,1,PCM_16,117504,9.977220190376497e-06,0.0008969461711354926,8.045124339146204e-07,0.00265312783485935,0.5075274167573336,-0.00537109375,0.00537109375,0.00537109375,0.0008970016604429157,5.987830331716327,15.54538971771118,0.22566040305010893,0.2372875586155247,4920.6732643743735,4306.932627989256,9447.96262254902,0.28022156454636726,1877.6577818627452,0.9108224667577592,0.29114795386272574
test,264,nips4b_birds_testfile0264.wav,2.5193650793650795,,,44100,1,PCM_16,111104,1.0762895856584822e-05,0.0010049267343387124,1.009877741388669e-06,0.05475792092442076,1.0703633070521015,-0.00830078125,0.0146484375,0.0146484375,0.0010049843686923139,14.575786406569241,23.27263991056966,0.19557351670506912,0.2812345301206988,6002.993169582072,4014.1669683709874,10245.04158266129,0.2747138150352676,4095.079385080645,0.9221274119645431,0.16750535489192153
test,265,nips4b_birds_testfile0265.wav,2.5309750566893423,,,44100,1,PCM_16,111616,8.736181696620556e-06,0.0008564538677454146,7.3351322757608e-07,-0.012583673521454074,0.16550343196588235,-0.00390625,0.00390625,0.00390625,0.0008564984229096494,4.560720598562111,13.180669341247132,0.22943843176605505,0.24540608341172782,4990.935698552241,4160.24375975358,8686.770713876147,0.26897932872814956,865.2791714449542,0.9064197018775055,0.28169487069842686
test,266,nips4b_birds_testfile0266.wav,2.583219954648526,,,44100,1,PCM_16,113920,1.068543852045295e-05,0.0006784759460981649,4.603296094338e-07,0.012831396851835849,0.03658321397932118,-0.0029296875,0.00341796875,0.00341796875,0.0006785600843183854,5.037090788258426,14.043595572581351,0.28846558988764043,0.23343779351995717,4797.1878737304905,4549.088398989569,9269.826193820225,0.2916093026895468,1665.3634129213483,0.9070959329179094,0.33302476085520955
test,267,nips4b_birds_testfile0267.wav,5.00390022675737,,,44100,1,PCM_16,220672,9.211476053826493e-06,0.0010144057525047225,1.0290190307146722e-06,0.03240911045741728,6.201704383630801,-0.009765625,0.009765625,0.009765625,0.0010144475747941647,9.626544774363015,19.669408702623862,0.2433475928074246,0.22067240371412647,4627.476477470809,3355.3047408943576,5756.509661397911,0.1825361054481207,5208.537104843387,0.8771011315475565,0.1792692513746686
test,268,nips4b_birds_testfile0268.wav,5.00390022675737,,,44100,1,PCM_16,220672,1.003902638871266e-05,0.001870288828294745,3.4979803012441304e-06,0.012897481551217867,0.6702016491819678,-0.01171875,0.01171875,0.01171875,0.0018703157710116662,6.2656532023259635,15.939327068863886,0.1089716864849188,0.21497614095191483,4386.8218564798735,3004.3564674610097,7307.299974622969,0.12535296599696177,285.3773926914153,0.8858669867615233,0.24021316008415589
test,269,nips4b_birds_testfile0269.wav,4.800725623582767,,,44100,1,PCM_16,211712,9.103150004487228e-06,0.0016620967528183696,2.7625656157293686e-06,0.020472155322514913,1.0501797673083928,-0.01220703125,0.0146484375,0.0146484375,0.00166212168118624,8.813095735292709,18.90256975642746,0.12173613210399033,0.20702278105530653,3977.239826739888,3115.3454278424833,6930.8272558948,0.1392060185154415,1570.8042057134219,0.8828692866375067,0.3036781098081715
test,270,nips4b_birds_testfile0270.wav,2.6006349206349206,,,44100,1,PCM_16,114688,8.331877844674246e-06,0.001457420915364303,2.1240757245413232e-06,-0.021472787885518152,1.1270386420808833,-0.009765625,0.01025390625,0.01025390625,0.001457444731277911,7.035536943489589,16.9459449570811,0.13801792689732142,0.19586352420065048,3652.0529179896903,3245.1095678309093,6465.34423828125,0.14934593952883266,1190.478515625,0.8642356504840604,0.3606572763683188
test,271,nips4b_birds_testfile0271.wav,2.9315192743764173,,,44100,1,PCM_16,129280,8.739811359065593e-06,0.0009284872499856928,8.620885733859945e-07,-0.01333126101931185,5.668752764658937,-0.00830078125,0.0087890625,0.0087890625,0.0009285283828126023,9.465583026527502,19.522947384285864,0.2484684405940594,0.2515412402633065,5061.311022166939,4219.461240437541,8793.05151608911,0.2834047520094269,4966.70792079208,0.9113409198532453,0.2505043812335718
test,272,nips4b_birds_testfile0272.wav,2.6006349206349206,,,44100,1,PCM_16,114688,9.979520525251115e-06,0.0008190579703717922,6.708559588295597e-07,-0.007052126373745873,0.2864109029125901,-0.00439453125,0.00439453125,0.00439453125,0.0008191187640748279,5.364950044775866,14.591313648577366,0.24528285435267858,0.2426430196970886,5063.174445994635,4161.4330204221205,8943.20068359375,0.27609220624910347,4625.0244140625,0.9108901795123359,0.24534850386471735
test,273,nips4b_birds_testfile0273.wav,2.507755102040816,,,44100,1,PCM_16,110592,9.395458080150462e-06,0.0012547178365806063,1.5743168494335167e-06,0.00349404105399483,0.29973890404300496,-0.0078125,0.00830078125,0.00830078125,0.001254753013172733,6.615470266144952,16.411214436026057,0.15721752025462962,0.25594306950836865,4853.999873182714,3771.434315146749,8998.087565104168,0.2130655996968764,2136.9710286458335,0.8976790593159835,0.26681910933983416
test,274,nips4b_birds_testfile0274.wav,5.00390022675737,,,44100,1,PCM_16,220672,9.202625248105787e-06,0.001342333486587667,1.8018591892146027e-06,-0.016103279229276554,0.5839111977719988,-0.00830078125,0.00830078125,0.00830078125,0.0013423650314002,6.183698961035646,15.824966776215135,0.15178636165893272,0.27685559044913016,5727.721514710659,3400.2370418205987,9285.956532772621,0.20401556356640785,1800.7952979988397,0.9119943699808228,0.13488459917336423
test,275,nips4b_birds_testfile0275.wav,5.00390022675737,,,44100,1,PCM_16,220672,9.554444775503915e-06,0.0012238673943457078,1.4978513989425522e-06,-0.006239184045450033,1.3698705815708578,-0.0078125,0.0087890625,0.0087890625,0.0012239046884286048,7.181165807350938,17.12389908707437,0.17435832366589327,0.248097847021131,4914.085541792194,3182.104278828553,7831.890770011601,0.1742836139787304,4579.627682714617,0.8808368727304854,0.15203779525299724
test,276,nips4b_birds_testfile0276.wav,5.00390022675737,,,44100,1,PCM_16,220672,9.669505249873115e-06,0.0020493386355808743,4.199788843284479e-06,0.0032749135031797253,4.2930836804501284,-0.017578125,0.01513671875,0.017578125,0.002049361447528536,8.577366877472324,18.66707972878671,0.14821545098607888,0.27431334429988535,6334.528822498167,2004.9595593640258,7431.40316850348,0.07940902703705312,5344.431101363109,0.7966453809986483,0.035340929732289736
test,277,nips4b_birds_testfile0277.wav,5.00390022675737,,,44100,1,PCM_16,220672,9.616400415548868e-06,0.0016424599223927984,2.697674596666557e-06,-0.0038992010888456636,3.5124944732748666,-0.01025390625,0.00927734375,0.01025390625,0.0016424880735711627,6.242910627476004,15.907742353689597,0.19167361513921113,0.2610492543197792,6036.163574193079,1892.878830647193,6597.6535310324825,0.06093149141976638,6159.595236368909,0.7532087698661032,0.04939941942999238
test,278,nips4b_birds_testfile0278.wav,3.546848072562358,,,44100,1,PCM_16,156416,9.199601343532632e-06,0.0010504277621119717,1.103398483415565e-06,0.002772704456800484,3.4306128088524073,-0.00732421875,0.00830078125,0.00830078125,0.0010504680461967631,7.901983577751951,17.954722455531382,0.22391571194762683,0.25840232714253747,5471.553058386759,3851.6644277179103,7895.460822422258,0.24346427332573933,6159.271430032733,0.8993785802587044,0.21008601015992875
test,279,nips4b_birds_testfile0279.wav,2.5425850340136056,,,44100,1,PCM_16,112128,9.101275439676084e-06,0.0007566666812474431,5.725444665100198e-07,0.0029868765324088946,0.15467005350795526,-0.00439453125,0.00390625,0.00439453125,0.0007567214148711853,5.8073303644354635,15.27953065316272,0.261183647260274,0.26307668982493065,5558.715342097619,4310.549277571252,9837.625749143835,0.3096447375267143,15.338720034246574,0.9201082367850563,0.2065897722880239
test,280,nips4b_birds_testfile0280.wav,1.7008616780045351,,,44100,1,PCM_16,75008,9.849209834284343e-06,0.0007860847850553653,6.179292892955398e-07,-0.006050762993179828,0.4401636357381977,-0.00390625,0.00390625,0.00390625,0.000786146485223905,4.9688576790971055,13.925131152185902,0.25653263651877134,0.25777594091218153,5475.580413206729,4176.238673475139,9416.991520904437,0.29107578515269966,5434.304340870307,0.9096142710128728,0.2059419581306334
test,281,nips4b_birds_testfile0281.wav,2.589024943310658,,,44100,1,PCM_16,114176,9.19461784875981e-06,0.0007932800462164411,6.29293231725159e-07,0.0046298790223651045,0.42846723671350206,-0.005859375,0.0048828125,0.005859375,0.0007933333301472614,7.38576683638435,17.36791186302267,0.25291654988789236,0.2623516531640026,5425.102091912726,4213.174611537448,9557.652221132286,0.2962299699839789,4385.8210131726455,0.9173045987681177,0.2116779145383035
test,282,nips4b_birds_testfile0282.wav,2.5193650793650795,,,44100,1,PCM_16,111104,9.567506851688509e-06,0.0007460081811032485,5.565282062729774e-07,1.3091650393699124e-05,0.28542800071332675,-0.00439453125,0.00439453125,0.00439453125,0.000746069529910138,5.890243568222534,15.402665074512543,0.26502196140552997,0.24632098143164452,5122.738478741238,4292.805357641392,9029.259072580644,0.2893794699831438,4055.7837701612902,0.9122982532778129,0.2450612193523403
test,283,nips4b_birds_testfile0283.wav,4.684625850340136,,,44100,1,PCM_16,206592,9.68564398669842e-06,0.0009115623836132447,8.309459792186602e-07,0.0019170171349827468,0.6975338420985753,-0.0068359375,0.00732421875,0.00732421875,0.0009116138387047979,8.034343533448437,18.09900794819017,0.21849829615861213,0.259870952752056,5194.131697135973,3816.6541671321966,9009.043912639405,0.24509308296349533,4534.193482806691,0.9068749301210522,0.19983601046003055
test,284,nips4b_birds_testfile0284.wav,2.618049886621315,,,44100,1,PCM_16,115456,8.306059234686807e-06,0.000873872239441782,7.636526908669951e-07,-0.0025211611161789402,0.4624764427840149,-0.00537109375,0.005859375,0.005859375,0.0008739117126386424,6.704767673050766,16.527674674147153,0.22789634146341464,0.2573556797020484,5313.764371797632,4114.2264227999,9426.481949833702,0.2786245604243708,21.771930432372507,0.9156233833117376,0.23005824568989758
test,285,nips4b_birds_testfile0285.wav,2.5483900226757368,,,44100,1,PCM_16,112384,1.0614243075081863e-05,0.0009045661101983907,8.18239847719447e-07,0.014307629585219236,2.6589498429616727,-0.00830078125,0.0087890625,0.0087890625,0.000904628382196526,9.71566078731611,19.749446868712685,0.2266069903189066,0.25619533203420447,5246.159753435354,4100.68739598892,9349.432303530752,0.2791204257878147,1357.7199601366742,0.9147556270010591,0.22726932500673674
test,286,nips4b_birds_testfile0286.wav,3.8312925170068026,,,44100,1,PCM_16,168960,9.314219156901042e-06,0.0007818836470981275,6.113420375994691e-07,-0.009679315682101857,0.47173982731243846,-0.00390625,0.00439453125,0.00439453125,0.0007819391231278634,5.620042686214847,14.994792284040148,0.25806107954545454,0.24577560236507082,5190.6997993927325,4164.31555812432,8967.469815340908,0.2793586195203301,5431.587357954545,0.9105472102013066,0.21144825681899118
test,287,nips4b_birds_testfile0287.wav,4.539501133786848,,,44100,1,PCM_16,200192,9.119663092181505e-06,0.0009514283824874082,9.05215967002606e-07,-0.011582762733254807,0.908635864799805,-0.00634765625,0.005859375,0.00634765625,0.0009514720885330903,6.671405631862885,16.48434694473841,0.2169767023657289,0.26350335429664673,5449.885858865302,3902.754299905009,9536.290161445013,0.26418367537134824,3714.2847866048596,0.9158085716699449,0.16158431959576972
test,288,nips4b_birds_testfile0288.wav,2.618049886621315,,,44100,1,PCM_16,115456,1.0365657425772589e-05,0.001278039456994733,1.6333848536353921e-06,-0.05742127171767189,10.926120776950741,-0.01708984375,0.015625,0.01708984375,0.0012780814921159217,13.371482065440906,22.523590923356306,0.18031111419068735,0.2771815858992681,5751.8145434125545,4061.9618331350634,10115.162486141906,0.26522485899208686,1143.2173295454545,0.9195123239836701,0.21287570359971975
test,289,nips4b_birds_testfile0289.wav,5.00390022675737,,,44100,1,PCM_16,220672,9.656229041292053e-06,0.0014059279923804612,1.9766335197589542e-06,0.06363947290574791,28.057402543996375,-0.021484375,0.02099609375,0.021484375,0.0014059611525637015,15.280916518087496,23.682988062294665,0.22803527407192575,0.2355724132305559,4765.648637655991,2713.178445869866,5266.891585701856,0.1309807104241904,4513.4792814675175,0.8275989061098313,0.11108153356105024
test,290,nips4b_birds_testfile0290.wav,5.00390022675737,,,44100,1,PCM_16,220672,9.5367431640625e-06,0.0019343596023518417,3.7417470712107747e-06,0.031064569850611318,13.268101485894416,-0.0205078125,0.01904296875,0.0205078125,0.0019343831111444682,10.601732605009488,20.507536926626607,0.19540766386310904,0.24103303107340793,4581.968177576873,2114.4214181212187,4962.529002320185,0.08074218244470148,4504.686140516241,0.7960117907582578,0.05178891307776874
test,291,nips4b_birds_testfile0291.wav,3.732607709750567,,,44100,1,PCM_16,164608,9.18968283740766e-06,0.0011572847730134269,1.339308045848739e-06,-0.00891759811018746,0.7721828167334723,-0.00732421875,0.0068359375,0.00732421875,0.0011573212588211585,6.328596052456871,16.02614752010283,0.17717850894245724,0.22738401161554492,4548.885623798238,3265.302708574638,6968.318672239502,0.182101541942492,4277.706429821151,0.8873621307063099,0.21755424404079476
test,292,nips4b_birds_testfile0292.wav,2.589024943310658,,,44100,1,PCM_16,114176,8.933747295841508e-06,0.0012007939629989444,1.44190614157471e-06,0.0007742553175039325,0.6526164810511439,-0.0068359375,0.00634765625,0.0068359375,0.0012008271954846192,5.692690443474852,15.106351368674693,0.1728647001121076,0.2757608933654478,5829.792842157598,3581.7483355964296,8997.982062780267,0.24326433739027722,6804.105941704035,0.9087112178652357,0.13169906407040552
test,293,nips4b_birds_testfile0293.wav,2.705124716553288,,,44100,1,PCM_16,119296,1.0322603544963788e-05,0.001176346388026722,1.3837908246235155e-06,-0.0063872104241905914,0.7445745300972164,-0.00732421875,0.0078125,0.0078125,0.0011763916782974377,6.641070439487328,16.44476173342744,0.17924322693133046,0.2713692946058091,5613.915355417733,3118.3352725999516,7456.9574839055795,0.19339602929023927,6643.6862929184545,0.8898806932495315,0.10689806187813752
test,294,nips4b_birds_testfile0294.wav,5.00390022675737,,,44100,1,PCM_16,220672,9.523466955481438e-06,0.0010597434772751798,1.1230562376272896e-06,0.0023409431920330746,1.6381176206128778,-0.0068359375,0.00634765625,0.0068359375,0.001059786268098498,6.450298240101992,16.191595908321336,0.20472919083526683,0.2531053015575223,5721.259197645212,3168.838863246769,7353.463964617169,0.17284033923459483,6906.812373114849,0.8679614916627129,0.13761395870003718
test,295,nips4b_birds_testfile0295.wav,5.00390022675737,,,44100,1,PCM_16,220672,9.200412546675608e-06,0.00217766900950755,4.742242314969594e-06,0.04019840600231418,2.4717786132508035,-0.01611328125,0.01611328125,0.01611328125,0.002177688444787413,7.399259195487436,17.38376481781708,0.10432678364269142,0.18692080064892985,3248.9908065584555,2995.7583738689764,6753.332094692575,0.08968406045374586,106.51691197795823,0.854154498441284,0.5163574644777824
test,296,nips4b_birds_testfile0296.wav,2.5774149659863945,,,44100,1,PCM_16,113664,9.158710101703266e-06,0.0007335150782323799,5.380443699942545e-07,0.016560230939483105,0.16856058901572624,-0.00390625,0.00341796875,0.00390625,0.0007335722540861135,5.324969664871551,14.526342760839286,0.2696456221846847,0.17677696347976035,3189.3842879591793,4311.131504273098,6098.746304898648,0.20271826963437242,198.26066300675674,0.8634034401495069,0.5962337239336422
test,297,nips4b_birds_testfile0297.wav,2.5541950113378684,,,44100,1,PCM_16,112640,9.588761763139205e-06,0.0007386843830782265,5.4565461780366e-07,0.002142905878706431,0.20738778774991218,-0.00341796875,0.00439453125,0.00439453125,0.0007387466156645391,5.9486313125738,15.488341056507,0.2657759232954545,0.17709674269125258,3238.8614694902553,4176.1426669317425,6443.125887784091,0.19800584764315857,312.4272017045455,0.8627671190791553,0.5668022634848465
test,298,nips4b_birds_testfile0298.wav,3.3262585034013608,,,44100,1,PCM_16,146688,9.36697914962369e-06,0.0007357430704544855,5.413178657217941e-07,0.03276322716547924,0.36800831458223326,-0.00390625,0.0048828125,0.0048828125,0.000735802695034602,6.636035085153337,16.43817347003685,0.2697357657068063,0.1785093430228991,3214.8008925843146,4382.407953509103,7236.659440445026,0.20600292249186639,42.99124672774869,0.8640812691004222,0.6176384537345422
test,299,nips4b_birds_testfile0299.wav,2.5251700680272107,,,44100,1,PCM_16,111360,1.1163470388829023e-05,0.0007245511115442497,5.249743132400077e-07,0.014941584265745553,0.16538857229739667,-0.00341796875,0.00341796875,0.00341796875,0.000724637106634162,4.716800614691106,13.472950368799657,0.27208153735632185,0.18175450569778823,3272.431392566138,4383.246223748114,6753.604525862068,0.20853710225823918,41.58135775862068,0.8629889892779983,0.6117499201610991
test,300,nips4b_birds_testfile0300.wav,2.513560090702948,,,44100,1,PCM_16,110848,9.492693542057592e-06,0.0006990395992224565,4.886563612810926e-07,0.011891292028790836,0.03455535628863915,-0.00341796875,0.0029296875,0.00341796875,0.0006991040498464989,4.889070161659738,13.784525394910688,0.278714997113164,0.19673062870443042,3803.2696091312173,4451.093784352721,7620.665235277136,0.23819530452853913,70.02020785219399,0.8836743510482472,0.4792123468074286
test,301,nips4b_birds_testfile0301.wav,3.976417233560091,,,44100,1,PCM_16,175360,9.598001076357208e-06,0.001062525497361912,1.1289604325441786e-06,-0.00941662407498118,3.293969419482182,-0.0078125,0.0078125,0.0078125,0.0010625688467900988,7.352464758966617,17.328659031421612,0.23496806569343065,0.18448440057253976,3488.9219385520755,3410.971999892111,4372.277600364963,0.13947666277820348,4033.0274863138684,0.824310995000733,0.40498958490361314
test,302,nips4b_birds_testfile0302.wav,3.3668934240362813,,,44100,1,PCM_16,148480,9.78338307347791e-06,0.0005960935234775377,3.5532748873186573e-07,0.01840630630527349,0.32314352858329,-0.0029296875,0.0029296875,0.0029296875,0.0005961738029435947,4.9141500105082345,13.828968194454587,0.3402680495689655,0.19865435516133595,3778.8701252698093,4482.267011676068,7516.424434267241,0.22925824974319564,40.6903286637931,0.8707173662156852,0.5385144952551751
test,303,nips4b_birds_testfile0303.wav,3.3436734693877552,,,44100,1,PCM_16,147456,8.857912487453885e-06,0.0006107838382224418,3.7305689703373796e-07,0.003115907975452319,0.31289954154058996,-0.00341796875,0.0029296875,0.00341796875,0.0006108480659275049,5.595448263898805,14.956697691244168,0.3281589084201389,0.18318130955206674,3536.961309426186,4821.712417526678,8026.50146484375,0.2284640979446588,40.972900390625,0.8627899002463892,0.6088101612677893
test,304,nips4b_birds_testfile0304.wav,5.00390022675737,,,44100,1,PCM_16,220672,9.373003258229408e-06,0.0027823049738630538,7.741220967583089e-06,0.08766949584950558,4.5433487574888245,-0.0205078125,0.0234375,0.0234375,0.0027823207616615967,8.423723218024355,18.510081772144275,0.12073575261020882,0.29498212270756013,6849.398860177113,1683.33380345268,7992.965124709976,0.04861294427092218,7190.391168793503,0.8246324627452882,0.02943458199169167
test,305,nips4b_birds_testfile0305.wav,5.00390022675737,,,44100,1,PCM_16,220672,9.842095961426913e-06,0.0022070653005168282,4.8711372407454375e-06,0.024063142735118993,9.717904812541352,-0.0185546875,0.01904296875,0.01904296875,0.0022070872451261077,8.628099678457401,18.718303075281348,0.2234356873549884,0.24878665524695134,6013.5726352574075,3285.1364266664846,8519.554361223898,0.15058387507381243,46.96336644431554,0.8715197644494949,0.18683522167437272
test,306,nips4b_birds_testfile0306.wav,2.5425850340136056,,,44100,1,PCM_16,112128,1.0041885724350742e-05,0.0006849481053977195,4.691539070879255e-07,-0.20233824959763227,31.54571683121621,-0.01171875,0.01171875,0.01171875,0.0006850217124710912,17.107121988479374,24.663539045696325,0.3491099457762557,0.1967411952518127,3716.2564068092333,4938.337554969669,8683.682041952054,0.23606205343553843,50.342465753424655,0.8575007098941825,0.6144934617574401
test,307,nips4b_birds_testfile0307.wav,4.493061224489796,,,44100,1,PCM_16,198144,9.916241470849483e-06,0.0013691369878358769,1.8745360914602978e-06,0.15960930020917954,11.669902396068814,-0.01416015625,0.0166015625,0.0166015625,0.0013691728975206915,12.1252491413336,21.67381341904441,0.2805686773255814,0.24021035312880093,6597.9665774156365,2553.310619414919,8053.529251453489,0.10338477577871727,50.077216569767444,0.8448082577892614,0.09084592249518388
test,308,nips4b_birds_testfile0308.wav,3.5932879818594103,,,44100,1,PCM_16,158464,8.381241165185783e-06,0.0012373978582554982,1.531153459615294e-06,0.13280607806740224,16.91080787506351,-0.01318359375,0.013671875,0.013671875,0.0012374262421731498,11.048638322062455,20.866175142948833,0.2787446991114701,0.2164606248777317,5604.390076550973,3743.181331031433,8196.392871567043,0.1730919658586627,41.466200525040385,0.8732998776053612,0.2687312224708541
test,309,nips4b_birds_testfile0309.wav,2.8328344671201813,,,44100,1,PCM_16,124928,1.028717541303791e-05,0.0005326595341524277,2.837261793234813e-07,0.009485258919237157,1.3078215923876222,-0.00390625,0.00341796875,0.00390625,0.0005327588622458194,7.33211641667187,17.30458703828807,0.3902167648565574,0.21498154922474724,4574.775352998885,5478.794815229776,11267.513287653688,0.30861813212188904,39.536372950819676,0.890626932221794,0.49791354633784574
test,310,nips4b_birds_testfile0310.wav,4.423401360544218,,,44100,1,PCM_16,195072,1.0149998301909038e-05,0.001116061043950109,1.245592253823007e-06,-0.011500474761031075,11.761587766879286,-0.0087890625,0.00927734375,0.00927734375,0.0011161071974898002,8.312233601633757,18.394354797033724,0.3176724491469816,0.19339625059593687,4101.124942191059,4451.672411417852,7191.524667814961,0.2353748707718938,930.9578001968504,0.8820797196049233,0.44590976150018913
test,311,nips4b_birds_testfile0311.wav,5.00390022675737,,,44100,1,PCM_16,220672,9.127393399479772e-06,0.0013751087090196367,1.890923961621652e-06,0.09200389027698314,14.278398816532789,-0.01025390625,0.01171875,0.01171875,0.0013751390005857303,8.52186578593763,18.61069380103034,0.2923796403712297,0.18566553829003357,3930.5087988528367,4553.581012272174,8308.918666618329,0.23953833249227302,45.96414588167053,0.8867506873673224,0.4943663621414613
test,312,nips4b_birds_testfile0312.wav,5.00390022675737,,,44100,1,PCM_16,220672,9.337600035346578e-06,0.0030840775011382426,9.511534033027107e-06,0.042600485748013915,5.094475378981784,-0.01611328125,0.01708984375,0.01708984375,0.0030840916367386893,5.541289223193078,14.872216368145665,0.24747589182134572,0.1883981130279919,3759.258739815015,1705.2683422256118,3927.536343532482,0.04333521952297338,3568.216629205336,0.7437669783173086,0.053115947564715285
test,313,nips4b_birds_testfile0313.wav,5.00390022675737,,,44100,1,PCM_16,220672,9.330961931056047e-06,0.0016748977090559544,2.8052823358008845e-06,0.06960562317630163,13.716970752819094,-0.01220703125,0.0126953125,0.0126953125,0.00167492370054622,7.579636311707722,17.592967353781553,0.3003598100348028,0.19337837776599553,3693.685571056341,1296.765202312918,3946.3216901102087,0.022920181459583272,3508.0635513341063,0.7188377673152304,0.029987123616966326
test,314,nips4b_birds_testfile0314.wav,3.500408163265306,,,44100,1,PCM_16,154368,9.223596373600746e-06,0.002279178160341312,5.194653086576808e-06,0.03334224603008436,9.144796652290742,-0.01416015625,0.01513671875,0.01513671875,0.0022791968237313056,6.641251247981059,16.44499821055233,0.26888344734660036,0.18704127177440774,3892.3962752648754,3416.551606589515,4524.900886194029,0.13658636732640506,42.85214552238806,0.823715606505503,0.2878111417249871
test,315,nips4b_birds_testfile0315.wav,5.00390022675737,,,44100,1,PCM_16,220672,1.019612819025522e-05,0.0024362562380564152,5.935344457468796e-06,0.03710907174077302,6.5779419915184985,-0.01416015625,0.01611328125,0.01611328125,0.00243627757418954,6.613893843914849,16.409144400087136,0.2649679161832947,0.19551730857249028,4049.620552627891,3116.225029713806,5154.379350348027,0.13805047027420386,3575.011329031322,0.8305084320609899,0.17434658047722243
test,316,nips4b_birds_testfile0316.wav,5.00390022675737,,,44100,1,PCM_16,220672,9.122967996619417e-06,0.0018856904435423415,3.5558284488669126e-06,0.0166045771218775,15.799418463980505,-0.015625,0.01611328125,0.01611328125,0.0018857125118670608,8.544929913015265,18.634170098266644,0.29857435469837584,0.20053835800807537,3658.5868486864356,1333.5457674171575,3773.6563768851506,0.022109673859142687,3474.289896316705,0.7040302510857004,0.0223226683391579
test,317,nips4b_birds_testfile0317.wav,5.00390022675737,,,44100,1,PCM_16,220672,9.733673591348245e-06,0.0021050312189536302,4.431156432769407e-06,0.059103257538391345,12.551116451996137,-0.01513671875,0.015625,0.015625,0.0021050537231080326,7.422613412892035,17.41113684133846,0.27591629205336426,0.18822137933847222,3704.534731944655,1281.8605717504945,4174.143978393271,0.02510192681288826,3802.633773201856,0.7567481953073665,0.02876624267420379
test,318,nips4b_birds_testfile0318.wav,5.00390022675737,,,44100,1,PCM_16,220672,8.521113207611297e-06,0.0021427069756117666,4.591193183335323e-06,0.022514688951051465,10.008713062159439,-0.0146484375,0.01416015625,0.0146484375,0.0021427239189185385,6.8363625246659225,16.696501696209186,0.2677865791763341,0.19048719587077595,3571.1934744288083,1714.0179912957387,4048.0423433874707,0.042878856633629996,3176.5221686484915,0.7622460626864568,0.06428853895938201
test,319,nips4b_birds_testfile0319.wav,5.00390022675737,,,44100,1,PCM_16,220672,9.762438709940545e-06,0.0025798148796551314,6.655444813290021e-06,0.003718872392770606,6.22780625971602,-0.013671875,0.013671875,0.013671875,0.002579833350916215,5.29951866663965,14.484728524411226,0.25513884860788866,0.18390273302790128,3705.8256468950035,2563.4548378887757,4082.015842517401,0.08734779750754716,3791.442502900232,0.7893724532280142,0.1686626928450065
test,320,nips4b_birds_testfile0320.wav,5.00390022675737,,,44100,1,PCM_16,220672,9.574359088375508e-06,0.0011993974708606546,1.4385542931069347e-06,0.042735199452023365,20.70017067634777,-0.01171875,0.01220703125,0.01220703125,0.0011994356845862507,10.177312053385219,20.15266181831418,0.3162113906612529,0.19773780877414793,3741.5849941006695,1721.2313885993042,3873.9781213747096,0.04276847144314855,3619.7764102378187,0.7290057263441886,0.05634608853922704
test,321,nips4b_birds_testfile0321.wav,3.575873015873016,,,44100,1,PCM_16,157696,9.375733214539367e-06,0.0008131268743562857,6.611753138004229e-07,-0.004688713884588363,2.049660750126873,-0.00537109375,0.00537109375,0.00537109375,0.000813180925854593,6.605041484901257,16.39751099346094,0.28565087256493504,0.18702558736802055,3844.0315435362486,4252.254955468047,6654.319069602273,0.21583611315054646,45.86292613636364,0.8766863881384502,0.4312162088993217
test,322,nips4b_birds_testfile0322.wav,2.6354648526077096,,,44100,1,PCM_16,116224,9.574554040043365e-06,0.0008922540732410964,7.961173312153279e-07,0.013805263356958563,0.8479136817061614,-0.005859375,0.00537109375,0.005859375,0.0008923054428279554,6.5665575023616,16.346755033358257,0.2320432957048458,0.19880746495960352,3938.683737288029,4130.469052824602,7292.451645099119,0.20701305726818733,8.34767345814978,0.8620758274622421,0.4432030309919597
test,323,nips4b_birds_testfile0323.wav,3.0127891156462585,,,44100,1,PCM_16,132864,1.192552276199723e-05,0.0007391891346197649,5.464005767399169e-07,0.005090850819862422,0.281720455956155,-0.00341796875,0.00390625,0.00390625,0.0007392853270781612,5.283819192568677,14.458958960783178,0.27055485308285165,0.19340975290336662,3731.248214991449,4453.309991328508,7744.9828395953755,0.23612046342445628,46.13665101156069,0.8768586654347184,0.49248898672299585
test,324,nips4b_birds_testfile0324.wav,5.00390022675737,,,44100,1,PCM_16,220672,9.957156435796113e-06,0.0012134763963832932,1.472524964579383e-06,0.04228578501959543,3.6134254886603747,-0.009765625,0.0107421875,0.0107421875,0.0012135172473202306,8.852109455981456,18.94093550644843,0.18522966212296985,0.2229246253472364,5247.355600960899,3181.192000675294,7491.35640226218,0.1450087118941722,9.792361513921113,0.874736075901084,0.20598102199666024
test,325,nips4b_birds_testfile0325.wav,3.3726984126984125,,,44100,1,PCM_16,148736,8.092279483447182e-06,0.0008939996096620554,7.992353020759073e-07,-0.02701255330943315,1.4418604375537258,-0.00537109375,0.00537109375,0.00537109375,0.0008940362336410899,6.007691352872193,15.57415225093531,0.24288672547332185,0.19609372373684741,3745.2198145384855,4086.389181326167,6807.308923192771,0.21796969095844326,40.9167921686747,0.8855925977704749,0.43014181477144015
test,326,nips4b_birds_testfile0326.wav,2.501950113378685,,,44100,1,PCM_16,110336,7.53646107118257e-06,0.0008041082444764778,6.465900688350429e-07,-0.01380134725717913,0.19086374790176386,-0.00390625,0.00341796875,0.00390625,0.0008041435612379921,4.857652524116794,13.72852891561587,0.246084686774942,0.19164363076086463,3539.813336015602,4286.068266313564,7323.08765951276,0.21874812230631807,42.36695185614849,0.8726986109145781,0.5150764483189892
test,327,nips4b_birds_testfile0327.wav,2.5541950113378684,,,44100,1,PCM_16,112640,1.0061264038085938e-05,0.000882956745058958,7.796126136451096e-07,-0.01290089897157904,0.19375957325856819,-0.00537109375,0.0048828125,0.00537109375,0.0008830140670901874,6.082681975497247,15.68190221156259,0.2227716619318182,0.19857243050808335,3647.909688992781,3859.837801093676,6704.264914772728,0.20484430739903703,40.71732954545455,0.884334407684591,0.42378140789673746
test,328,nips4b_birds_testfile0328.wav,3.076643990929705,,,44100,1,PCM_16,135680,1.0134139150943396e-05,0.0010906251983578894,1.1894633232931855e-06,0.05574718891112635,2.1058008269766963,-0.00634765625,0.0078125,0.0078125,0.0010906722807835158,7.16301325122856,17.101915091663624,0.20477594339622643,0.19023577709151748,3560.7183587411187,3811.6237743237675,6526.5919811320755,0.19841221359815514,979.3138266509434,0.8846703656191737,0.44336145328299936
test,329,nips4b_birds_testfile0329.wav,2.7747845804988662,,,44100,1,PCM_16,122368,7.944625790647882e-06,0.0008294524558868736,6.87991376576766e-07,0.0027015994631649732,0.24429918610349688,-0.00439453125,0.00439453125,0.00439453125,0.0008294905024505823,5.297868073253567,14.482022787146622,0.2394416841004184,0.16154682226417252,2701.524677593109,3986.7747674187635,4647.5679916317995,0.16180634906314484,627.0757060669456,0.8338564851292954,0.6900614663050676
test,330,nips4b_birds_testfile0330.wav,3.105668934240363,,,44100,1,PCM_16,136960,9.772042247736565e-06,0.0006817891195575705,4.6483640354708715e-07,0.022185361114959213,0.41884270843000726,-0.0048828125,0.00390625,0.0048828125,0.0006818591470067544,7.1610280824635355,17.099507536908,0.2940785630841122,0.1951240882307844,3431.7105619750014,4655.843700101262,7606.412821261682,0.22383739315856604,314.9080023364486,0.8638664874462904,0.6183468370640197
test,331,nips4b_birds_testfile0331.wav,5.00390022675737,,,44100,1,PCM_16,220672,8.642811786271027e-06,0.0008012138584348096,6.419436469479952e-07,0.04708135870155313,3.655200524629798,-0.005859375,0.00634765625,0.00634765625,0.0008012604727200564,7.922088342198478,17.976793621540686,0.2795098607888631,0.20150359585083677,3737.840931416187,5003.488708398291,9945.641948230857,0.23339150985204574,24.780669953596284,0.8751327857761185,0.5998719650802123
test,332,nips4b_birds_testfile0332.wav,2.594829931972789,,,44100,1,PCM_16,114432,8.973499272493708e-06,0.0007238208062200971,5.239165595171113e-07,-0.031922645308066974,10.792615682294322,-0.00927734375,0.0078125,0.00927734375,0.0007238764281328028,12.816198165107226,22.15518427777956,0.2913957634228188,0.2011954802457376,3735.2977534270303,4923.811911697485,9181.71927432886,0.24134406801867508,427.38831795302013,0.8721303430227607,0.5935707869315711
test,333,nips4b_birds_testfile0333.wav,2.513560090702948,,,44100,1,PCM_16,110848,1.0206297418537097e-05,0.0007180807088109122,5.15639904366382e-07,0.008465731223175644,0.09806893228264668,-0.00341796875,0.00341796875,0.00341796875,0.0007181532377378645,4.75938639609337,13.551019298240696,0.27511547344110854,0.2166138912194286,3936.7205306761366,4910.5277913491955,9748.722575057736,0.2395727810439946,15.515841512702078,0.8755160802365045,0.5621371372846603
test,334,nips4b_birds_testfile0334.wav,1.8808163265306121,,,44100,1,PCM_16,82944,8.683145782093943e-06,0.0007537986893033103,5.682124639953885e-07,-0.015038773866719589,0.1921474962593237,-0.0029296875,0.00439453125,0.00439453125,0.0007538486990212701,5.829460547859892,15.31256734928859,0.26156201774691357,0.20028212145690413,3971.4554561641826,3871.4012367142464,6230.2734375,0.19368522385541434,167.48046875,0.8678407267211786,0.37634015356103945
test,335,nips4b_birds_testfile0335.wav,3.7209977324263037,,,44100,1,PCM_16,164096,8.709531120502632e-06,0.0013789289718518793,1.901445109412481e-06,-0.0027210308420472697,0.7765510479062843,-0.00927734375,0.01025390625,0.01025390625,0.0013789564769581455,7.435989765695288,17.42677566743799,0.14632288416536662,0.13230750479904932,2360.1517074559265,2890.008038032251,4012.095968213728,0.10079681744273342,694.9748927457098,0.8215251634471975,0.7097041675528121
test,336,nips4b_birds_testfile0336.wav,2.5541950113378684,,,44100,1,PCM_16,112640,9.411031549627132e-06,0.0015526705913329383,2.410785965190176e-06,-0.010298414861855842,0.6591541293337917,-0.01025390625,0.0087890625,0.01025390625,0.0015526991120964177,6.60392356131087,16.396040755494663,0.13188920454545455,0.12334981667095767,1789.6494159635504,2585.5518663279263,1999.064275568182,0.07092824659451867,689.454012784091,0.7794880009443982,0.8500792979722611
test,337,nips4b_birds_testfile0337.wav,2.571609977324263,,,44100,1,PCM_16,113408,1.0634652647961343e-05,0.0014358930439204865,2.0617888335792405e-06,-0.010251328073377697,0.2693755050271265,-0.01416015625,0.0087890625,0.01416015625,0.0014359324250869828,9.861297093519033,19.87868086172152,0.13650712471783297,0.11490472369430459,1818.0898161490045,2565.2531372844533,2030.6345231376977,0.0702418344343356,160.9886427765237,0.7788546907707571,0.8456320822410045
test,338,nips4b_birds_testfile0338.wav,2.594829931972789,,,44100,1,PCM_16,114432,1.1260610832197288e-05,0.0014599000115377747,2.1313080436879948e-06,0.060830310482438414,1.952842588521479,-0.01318359375,0.02197265625,0.02197265625,0.0014599434389880688,15.050347611569059,23.55093061526552,0.1367886605145414,0.12653913712193374,2059.077326646089,2804.0696230678323,2631.000943791946,0.08809040462886467,917.5938548657718,0.7935115084681871,0.8067265759112887
test,339,nips4b_birds_testfile0339.wav,2.513560090702948,,,44100,1,PCM_16,110848,1.011819817452728e-05,0.0013340274554260445,1.779629251830487e-06,-0.005483877558346809,0.26753304634509156,-0.00830078125,0.0068359375,0.00830078125,0.0013340658266235538,6.222167665450823,15.87883419266687,0.1491772517321016,0.12024682670708274,1954.7846070729074,2634.3607278933296,2516.749061778291,0.07662327004219886,1139.817588048499,0.7805454808656211,0.8070849640630826
test,340,nips4b_birds_testfile0340.wav,2.594829931972789,,,44100,1,PCM_16,114432,9.472738176384229e-06,0.0013029569203491,1.6976967362856107e-06,-0.0073569007937816676,0.37122127797683424,-0.0068359375,0.00732421875,0.00732421875,0.0013029913541747578,5.621080083558001,14.99639545465639,0.1544061101789709,0.14433151855703438,2111.0130081093,2915.645999595911,2841.804739932886,0.0941849211293318,764.2119337248322,0.799539933549423,0.7876990555532933
test,341,nips4b_birds_testfile0341.wav,5.00390022675737,,,44100,1,PCM_16,220672,1.0410760228982382e-05,0.0018795195390631672,3.532593697720221e-06,0.40332530057681676,8.60484473631897,-0.01611328125,0.021484375,0.021484375,0.0018795483717235816,11.430604991718527,21.161384341259343,0.15090269721577726,0.19369559208051806,6725.4136631039655,3533.3753899992857,9031.554977523201,0.1632619572518795,7591.877990864268,0.8858780408866502,0.1837611250708036
test,342,nips4b_birds_testfile0342.wav,5.00390022675737,,,44100,1,PCM_16,220672,9.523466955481438e-06,0.000638619662852976,4.078350737824487e-07,0.016806325356666867,0.16587836130822042,-0.0029296875,0.00341796875,0.00341796875,0.0006386906686380355,5.351524482561467,14.569550332211744,0.30974931119489557,0.21905914234312618,4345.7493021931705,4991.861734967228,8964.807043938514,0.2698684774008996,950.458599187935,0.8910946825471135,0.5326728508850503
test,343,nips4b_birds_testfile0343.wav,5.00390022675737,,,44100,1,PCM_16,220672,9.977070748667707e-06,0.0008457195448805471,7.152415485929597e-07,0.0026887251679026274,1.9112265225700007,-0.00634765625,0.005859375,0.00634765625,0.0008457783932766807,7.505105711447848,17.50713627555686,0.25596360208816704,0.226196464419883,4307.0137197222775,4016.6404400045903,7303.502936484918,0.22292763037452692,346.329847012761,0.8880295323271397,0.35214901577039476
test,344,nips4b_birds_testfile0344.wav,5.00390022675737,,,44100,1,PCM_16,220672,9.822181648555322e-06,0.0009952848693622679,9.905919711814667e-07,-0.15657307174442303,14.581914966120273,-0.01220703125,0.01171875,0.01220703125,0.000995333334332677,12.264264471946202,21.772830145257124,0.2610843242459397,0.23202414454096823,5047.48480520874,3301.158776153076,6881.6320149361945,0.13207049767047593,5487.919174158932,0.7951899886221527,0.23565990481671137
test,345,nips4b_birds_testfile0345.wav,2.6354648526077096,,,44100,1,PCM_16,116224,8.898159480830121e-06,0.0009348631506299679,8.739691104057901e-07,-0.16429657426107674,28.116645038643718,-0.01611328125,0.01513671875,0.01611328125,0.0009349054966401344,17.235197897443054,24.728325488298623,0.2591633397577093,0.23907488190805606,4711.0110714041675,4605.65249718574,9713.276947962555,0.26082941113886104,1085.1975495594713,0.8896537284014308,0.447483152591533
test,346,nips4b_birds_testfile0346.wav,5.00390022675737,,,44100,1,PCM_16,220672,8.87735813786978e-06,0.0008384860953772437,7.030589321409762e-07,0.01374604828996941,0.47381553658259135,-0.00732421875,0.0078125,0.0078125,0.0008385330879747586,9.316865502432233,19.385396521835908,0.2378915313225058,0.23949227583144136,4631.294512835277,4337.518297137149,8610.083744199535,0.23356861951910962,1012.8099622969837,0.8913028287840783,0.4459203990891663
test,347,nips4b_birds_testfile0347.wav,5.00390022675737,,,44100,1,PCM_16,220672,9.401768376821708e-06,0.001502178317672013,2.2565396980839195e-06,-0.00956917967344948,2.3130706682065867,-0.01123046875,0.01123046875,0.01123046875,0.0015022077390735712,7.4759758306969974,17.473357773312202,0.15421530597447797,0.38667971776989274,8603.121390914224,3879.249434114768,11230.040059454755,0.12458158007419916,418.87325986078883,0.8599239019418304,0.1571362115349214
test,348,nips4b_birds_testfile0348.wav,2.589024943310658,,,44100,1,PCM_16,114176,8.531750050360847e-06,0.0035265140643452307,1.2436301446024717e-05,0.0025968097333528,0.19298986530169104,-0.015625,0.015625,0.015625,0.003526524384827594,4.430708055564425,12.929462696256408,0.056509248878923765,0.4648916137508211,10173.082709796634,1731.2697285661934,11440.600476457397,0.042220692924139935,11362.578825672645,0.8035523869964697,0.014586546403671657
test,349,nips4b_birds_testfile0349.wav,3.732607709750567,,,44100,1,PCM_16,164608,9.165952216781688e-06,0.0038853899625194417,1.5096255160846829e-05,0.003262894971346381,0.7153687076792581,-0.02099609375,0.021484375,0.021484375,0.003885400774119302,5.5295132340292055,14.853738036294189,0.0604101866251944,0.4570522517268403,10108.291066716767,1709.422639454356,11434.36527993779,0.03333246751393164,9887.457474727838,0.7960075000195647,0.01639694098965969
test,350,nips4b_birds_testfile0350.wav,5.00390022675737,,,44100,1,PCM_16,220672,9.253517380999855e-06,0.0019911493112430402,3.964675579663634e-06,0.0037086519008490654,0.5209010651641202,-0.00927734375,0.00927734375,0.00927734375,0.0019911708131768995,4.659240527535687,13.366302618859866,0.11455010150812064,0.26832252538847423,3448.495139746808,4611.76430105356,10651.091665458236,0.061748822105460684,509.8023310614849,0.6975453799472016,0.7056796669230347
test,351,nips4b_birds_testfile0351.wav,5.00390022675737,,,44100,1,PCM_16,220672,9.333174632486223e-06,0.00183278254546223,3.3590918589510114e-06,-0.00681547420044597,0.43843683980042725,-0.00830078125,0.0087890625,0.0087890625,0.0018328063092153879,4.795412617148038,13.616519632181072,0.1177539515661253,0.2733299799248655,3920.0079939613934,4788.530719360154,10867.922527552204,0.07387868211312493,501.8085665603248,0.7397538299828357,0.6566428524783978
test,352,nips4b_birds_testfile0352.wav,4.173786848072562,,,44100,1,PCM_16,184064,8.770089819301982e-06,0.0016704540723343287,2.7904168077783425e-06,0.00789969839579835,0.11052909698651181,-0.00732421875,0.00732421875,0.00732421875,0.0016704770942020668,4.384507141954283,12.838415636780127,0.12068628303198888,0.2881622053318701,4452.2718897473715,4954.293208173829,11018.770644993047,0.07990061499002978,586.7573235396385,0.7623514586251681,0.6054489261139178
test,353,nips4b_birds_testfile0353.wav,3.0127891156462585,,,44100,1,PCM_16,132864,1.068335737107117e-05,0.0016235632500706354,2.635957626979925e-06,0.02647900939453847,0.6436076473409291,-0.0078125,0.00830078125,0.00830078125,0.0016235983989597435,5.112582800844345,14.17280709378904,0.1291847302504817,0.10145036616665287,1627.336967069264,2587.9482034102434,1806.9635115606934,0.06660975159578722,513.1457731213873,0.7643330564614337,0.8723325291590655
test,354,nips4b_birds_testfile0354.wav,5.00390022675737,,,44100,1,PCM_16,220672,9.684994159884353e-06,0.0016274876875566058,2.648716173148348e-06,0.0004750979865254761,0.6725354869615257,-0.0087890625,0.00732421875,0.0087890625,0.0016275165044509457,5.400290857858337,14.64834302816719,0.13090922273781902,0.10884529457880736,1492.7805400849074,2532.257513470207,1709.2666944605567,0.06246871733976499,514.1989015371229,0.7238708093769919,0.8780313922136296
test,355,nips4b_birds_testfile0355.wav,5.00390022675737,,,44100,1,PCM_16,220672,9.089777475166763e-06,0.0017552384747514735,3.080862103247879e-06,-0.01019159445323324,0.5542243157420366,-0.00830078125,0.00830078125,0.00830078125,0.001755262011012153,4.729083862080193,13.495540310825493,0.12113000290023201,0.09950106719958672,1354.0309428672797,2244.1707078563104,1639.5210991879349,0.04957850366904894,521.5931337006961,0.7103191972614199,0.893901350134717
test,356,nips4b_birds_testfile0356.wav,2.6122448979591835,,,44100,1,PCM_16,115200,1.0325113932291666e-05,0.0014583858474503729,2.126889280043542e-06,-0.027956351125014645,0.36670364608080774,-0.00634765625,0.0068359375,0.0068359375,0.0014584223969828691,4.687213741466079,13.418295164377941,0.13805555555555554,0.11046102830753739,1771.3745409544922,2773.7591304417874,2034.2656249999998,0.07797518155263834,711.2656249999999,0.7787498458930435,0.844081791203535
test,357,nips4b_birds_testfile0357.wav,3.0418140589569163,,,44100,1,PCM_16,134144,8.53938910797352e-06,0.001454928239330729,2.116816181602015e-06,-0.00590168216188165,0.44954109721497204,-0.0068359375,0.00634765625,0.0068359375,0.0014549532991709226,4.698389634839365,13.438980594698043,0.1432788645038168,0.1161819848967147,1943.2896360185919,3035.826566509335,2261.80820610687,0.09126862709514393,517.4543773854961,0.7863796756450281,0.8278966278164309
test,358,nips4b_birds_testfile0358.wav,5.00390022675737,,,44100,1,PCM_16,220672,9.078713968015878e-06,0.0016947233478388374,2.8720872257100767e-06,-0.03717318310582488,0.978011123130825,-0.0078125,0.009765625,0.009765625,0.0016947476652166807,5.762288510809911,15.211899981754545,0.13210103683294663,0.11595542685717652,1648.5731419720817,2699.447180862012,1939.4871120939674,0.06874557719295697,511.8007721867749,0.7361992441529374,0.8555439643043473
test,359,nips4b_birds_testfile0359.wav,3.1172789115646258,,,44100,1,PCM_16,137472,9.55805432197102e-06,0.0016041482667689354,2.5732916617777792e-06,-0.030742161553072665,0.4198663104313525,-0.0078125,0.00732421875,0.0078125,0.0016041767415656545,4.8700992836831105,13.750756299923903,0.12769873137802606,0.11712288409919183,1940.341259960619,2735.0566577409454,2398.2454608938547,0.0760750349723557,913.6173184357542,0.7871281640702145,0.8175802220751057
test,360,nips4b_birds_testfile0360.wav,3.175328798185941,,,44100,1,PCM_16,140032,9.742471810014854e-06,0.0013405083550250697,1.7969626498920183e-06,0.01213718901005575,0.21087861434917476,-0.005859375,0.00634765625,0.00634765625,0.0013405437574540368,4.735135436425798,13.5066481079735,0.1493015882084095,0.11848804907484771,1755.0253086363787,2717.997743576435,2739.2438871115173,0.07250636948483334,506.71917847349175,0.7577149224128205,0.8117964115396011
test,361,nips4b_birds_testfile0361.wav,5.00390022675737,,,44100,1,PCM_16,220672,1.0105407431617967e-05,0.003530129760956064,1.2461816129187719e-05,0.2017983608935716,42.28425793247128,-0.0576171875,0.060546875,0.060546875,0.003530144224879074,17.151388482456138,24.685985678083142,0.5177367314385151,0.12246285193795288,5555.181898021716,2336.822959027251,6886.228429524362,0.02395575312488692,6729.550645301623,0.740154832309978,0.1608507564065722
test,362,nips4b_birds_testfile0362.wav,5.00390022675737,,,44100,1,PCM_16,220672,8.810977094964472e-06,0.0019228260511181556,3.6972600228586396e-06,-0.011813484929450597,4.3658440221559305,-0.02099609375,0.0205078125,0.02099609375,0.0019228462383082032,10.919278583852446,20.76387892597947,0.10952454321345707,0.10001314173588736,2725.490138245569,2686.393643501135,4777.073665893271,0.04865225642289123,962.449245939675,0.8109004196351908,0.5997637333481185
test,363,nips4b_birds_testfile0363.wav,2.5193650793650795,,,44100,1,PCM_16,111104,9.106051537298387e-06,0.001306212143762279,1.7061901645120485e-06,0.014486282545916707,0.33545120117100957,-0.0068359375,0.0078125,0.0078125,0.0013062438840762657,5.980889246822964,15.535315205777716,0.15304579493087558,0.12048279524405281,2002.3529364305482,2787.6849680515757,3349.6534778225805,0.08381487747123377,652.5453629032257,0.7965469868960107,0.7665896600253634
test,364,nips4b_birds_testfile0364.wav,5.00390022675737,,,44100,1,PCM_16,220672,9.842095961426913e-06,0.0012692255299281189,1.6109334458213143e-06,-0.004874903133440666,0.3775248034590364,-0.00732421875,0.0068359375,0.00732421875,0.001269263689181341,5.770446923226826,15.224189014499851,0.15621374709976799,0.12366373470007387,2142.095894676334,2839.9696320476346,3478.6864667923433,0.08677214977472593,1012.2104299593967,0.814341870523409,0.7175602840466668
test,365,nips4b_birds_testfile0365.wav,5.00390022675737,,,44100,1,PCM_16,220672,1.0169575773093097e-05,0.0016736457679816692,2.8010901566829517e-06,0.0014194645127266474,0.9701231612676029,-0.01123046875,0.01220703125,0.01220703125,0.0016736766643991774,7.2935421217586995,17.258769908824963,0.12367676914153132,0.10892233234090569,1954.3222981259976,2340.380837123263,3710.905325551044,0.05966958378039433,962.2494018271461,0.8048920779879897,0.7514361399441101
test,366,nips4b_birds_testfile0366.wav,5.00390022675737,,,44100,1,PCM_16,220672,8.91276136075261e-06,0.001769789540501824,3.132155017669657e-06,0.0010002899301645714,0.9642281281709817,-0.0126953125,0.0126953125,0.0126953125,0.0017698119829475478,7.173254912002849,17.114325287862016,0.11560596722737819,0.10685590766344467,2133.789296372437,2305.385997425374,3867.183421548724,0.06018502515227128,996.0230568445475,0.8117175480460106,0.7070314356024429
test,367,nips4b_birds_testfile0367.wav,3.9299773242630387,,,44100,1,PCM_16,173312,1.057634677633401e-05,0.0015828260988373151,2.505338459160554e-06,-0.012255295664949954,0.25936047759375214,-0.00830078125,0.0087890625,0.0087890625,0.001582861433692693,5.552641761885498,14.889993102604551,0.12532311669128507,0.10549243844880013,1793.3167785420278,2365.022264719313,2370.751592503693,0.06218266273300211,999.2424067577547,0.7897632668193458,0.8179242965713952
test,368,nips4b_birds_testfile0368.wav,2.5541950113378684,,,44100,1,PCM_16,112640,8.257952603426846e-06,0.0016175237548230568,2.61638309741688e-06,-0.019082517630992,0.7925652639387453,-0.0107421875,0.0107421875,0.0107421875,0.001617544834370312,6.641044669517173,16.44472802868766,0.12485795454545455,0.10956240733671287,1778.5213357140904,2388.2366543446255,2202.6509232954545,0.06294610685427214,971.7347301136364,0.7809113672891922,0.8279985902611233
test,369,nips4b_birds_testfile0369.wav,2.403265306122449,,,44100,1,PCM_16,105984,8.689032660590277e-06,0.0017126572004278605,2.933194686177397e-06,-0.0052125781170029575,0.2710005750268927,-0.01025390625,0.009765625,0.01025390625,0.0017126792418506083,5.987055835931254,15.544266168839068,0.11682895531400966,0.4168310011983054,9025.088405116177,3838.226029729373,11838.060461956522,0.11549565658767297,11932.515285326086,0.8627822852957362,0.1444663832505515
test,370,nips4b_birds_testfile0370.wav,5.00390022675737,,,44100,1,PCM_16,220672,9.459298614006308e-06,0.0019106076697599367,3.650421667745495e-06,0.014149274346739326,1.6673099181188418,-0.01416015625,0.0146484375,0.0146484375,0.0019106310858132095,7.666805805038643,17.692289260251254,0.11213022041763342,0.3780016404511694,6969.237453545851,3878.601150138714,11398.108958091647,0.12501501943740073,4980.514972447795,0.886388467143634,0.11335547537558846
test,371,nips4b_birds_testfile0371.wav,4.051882086167801,,,44100,1,PCM_16,178688,9.28534477692962e-06,0.0028995687681419406,8.407499041184171e-06,-0.00251150178542461,1.3374492274454672,-0.03564453125,0.02880859375,0.03564453125,0.0028995836354228166,12.292982625004477,21.793145355736513,0.22610919591690545,0.29188469222719055,4526.1558987979715,4676.808719737503,11090.64850465616,0.0961460815229963,55.28295128939828,0.8567640382571577,0.5256698322335346
test,372,nips4b_birds_testfile0372.wav,2.5658049886621317,,,44100,1,PCM_16,113152,9.113846860859728e-06,0.0018379384554095914,3.378017765873395e-06,-0.011950172611991041,0.3835791817214065,-0.01025390625,0.009765625,0.01025390625,0.001837961051839238,5.5789573123646825,14.931060767998064,0.10863263574660634,0.39618739560410426,8515.355434118406,4061.580823736592,11776.810838518099,0.13215352114928625,8651.475890837104,0.8743696268334158,0.17966362460206678
test,373,nips4b_birds_testfile0373.wav,2.589024943310658,,,44100,1,PCM_16,114176,1.1012158586305353e-05,0.0017758701890273024,3.1537149282758667e-06,-0.0101626197578567,0.062389311633407996,-0.0087890625,0.0087890625,0.0087890625,0.001775904331858165,4.949063044856602,13.890459724268954,0.11033842488789238,0.4184366104663893,8925.859721970548,3913.717513237869,11870.878293161433,0.11763971087313098,11760.798241311657,0.8654188933648868,0.16033882975612085
test,374,nips4b_birds_testfile0374.wav,2.5483900226757368,,,44100,1,PCM_16,112384,1.0327489066504128e-05,0.00617731420575533,3.8159210796626606e-05,0.4446421421122618,129.1767077918146,-0.12841796875,0.14208984375,0.14208984375,0.006177322838710717,23.00184844793637,27.235254753814747,0.8765571611617312,0.38012866714716637,7886.078998766778,4432.483691410241,11672.075206435078,0.1336181795324732,11840.809189920272,0.8744715774989048,0.24086282650024832
test,375,nips4b_birds_testfile0375.wav,5.00390022675737,,,44100,1,PCM_16,220672,8.886208943590487e-06,0.009529089111281766,9.080353929074873e-05,2.6280252208232584,189.27112059168277,-0.2265625,0.27490234375,0.27490234375,0.009529093254631216,28.848741050613103,29.202537308794,0.9730822215777262,0.3593086540596635,3619.7442402527877,1582.1680184195754,4868.4024253190255,0.01929493505238431,2647.9344910092805,0.8073792744523055,0.012262061940466825
test,376,nips4b_birds_testfile0376.wav,5.00390022675737,,,44100,1,PCM_16,220672,9.457085912576132e-06,0.0005948037772808104,3.537915334675199e-07,0.106538679978097,4.063263850717961,-0.00390625,0.00537109375,0.00537109375,0.0005948789540246636,9.028885143207328,19.112682567634074,0.3982018561484919,0.29096256417925326,6544.860761487638,5675.994599115348,14942.344293793501,0.3337110674408877,16098.042796548723,0.8907683389838947,0.21195539049947104
test,377,nips4b_birds_testfile0377.wav,5.00390022675737,,,44100,1,PCM_16,220672,9.972645345807352e-06,0.0004477687358390521,2.004968407949028e-07,-0.003780164281142527,0.04141634212692935,-0.0029296875,0.00341796875,0.00341796875,0.0004478797767817789,7.631442470029946,17.652132692427077,0.4349441705336427,0.30160737024801626,7374.736440229253,6286.157838233551,16096.244199535962,0.39154836670559584,16096.444043648491,0.8966142136990777,0.2816004485154018
test,378,nips4b_birds_testfile0378.wav,5.00390022675737,,,44100,1,PCM_16,220672,8.87735813786978e-06,0.0004924203312104753,2.4247778258943417e-07,-0.022207449222596907,0.42455253860685227,-0.00341796875,0.0029296875,0.00341796875,0.0004925003452556578,6.9400332059173,16.827230968498107,0.4055974477958237,0.28561523716301646,6695.333894908529,6414.840762679932,16083.054488109048,0.35370684592779894,16083.654020446635,0.8830051155502083,0.36180285973492693
test,379,nips4b_birds_testfile0379.wav,5.00390022675737,,,44100,1,PCM_16,220672,8.972504299367387e-06,0.00047564756236497305,2.2624060358374094e-07,0.0029904341194355068,0.24838763597949898,-0.00244140625,0.0029296875,0.0029296875,0.0004757321824484267,6.158270573417854,15.789175328111444,0.41649597592807425,0.2961694105704873,7059.560233980904,6169.252882382309,16100.241081786542,0.3732259448020772,16100.44092589907,0.894447789895345,0.2790508700514655
test,380,nips4b_birds_testfile0380.wav,5.00390022675737,,,44100,1,PCM_16,220672,1.0065578805874782e-05,0.000492696893667456,2.4275022902956045e-07,0.009528011301499193,0.21443168473498853,-0.00244140625,0.0029296875,0.0029296875,0.0004927997005947323,5.944986363555668,15.483017255665047,0.40283316415313225,0.29116648766716063,6815.135736097792,6015.719678683943,15923.379042198374,0.3644453095469436,16101.440146461715,0.8938866373664707,0.2582747074877299
test,381,nips4b_birds_testfile0381.wav,5.00390022675737,,,44100,1,PCM_16,220672,1.0100982028757613e-05,0.00045046021666891606,2.029144068014068e-07,0.012705761791329546,0.08270920648100422,-0.00244140625,0.0029296875,0.0029296875,0.0004505734531009923,6.502130739920301,16.26111395424832,0.43402878480278423,0.301344535530269,7419.86047214946,6350.733666817521,16112.631416763339,0.39001303676327487,16112.83126087587,0.8869242429749271,0.29142408747439247
test,382,nips4b_birds_testfile0382.wav,5.00390022675737,,,44100,1,PCM_16,220672,9.928391317203813e-06,0.00084175820446356,7.085568747817164e-07,0.20916655406252238,6.3792793646180055,-0.00634765625,0.0078125,0.0078125,0.0008418167542499162,9.280523297449895,19.351449306246643,0.3507785310324826,0.27744470274752914,6401.804356390474,5671.802779869022,14713.322940835265,0.3279275889445196,16098.842172998839,0.8914877418775656,0.24252635115487856
test,383,nips4b_birds_testfile0383.wav,5.00390022675737,,,44100,1,PCM_16,220672,9.392917571101e-06,0.0004597412023086071,2.1136197310016362e-07,-0.00027338896463999224,0.03959353015778344,-0.001953125,0.001953125,0.001953125,0.00045983714508580225,4.247427640138905,12.56251977786784,0.4234293430974478,0.29511807169949833,7378.055527243042,6416.40966259334,16087.251214472157,0.38007176539256426,16087.451058584686,0.8854701270629429,0.3031833158437083
test,384,nips4b_birds_testfile0384.wav,5.00390022675737,,,44100,1,PCM_16,220672,9.069863162295172e-06,0.0005587885557615201,3.122446500500455e-07,0.07943781574404045,0.9911633266676403,-0.0029296875,0.00390625,0.00390625,0.0005588621587366855,6.989648411390251,16.88910661410281,0.37329158207656615,0.2646337760738837,5336.852995115727,6330.971696705701,14851.215378480278,0.27808135938640105,16091.248096722737,0.8343136752662458,0.49741132203006283
test,385,nips4b_birds_testfile0385.wav,5.00390022675737,,,44100,1,PCM_16,220672,9.724822785627538e-06,0.00045848705757636554,2.1021038196503354e-07,0.0026504983543941345,0.06681397263255873,-0.001953125,0.001953125,0.001953125,0.0004585901810366696,4.258976927035045,12.586105745882097,0.4260939312645012,0.29843069546972645,6871.910817616394,6319.792550441479,16094.245758410672,0.35728025292178345,16094.64544663573,0.8794422814185798,0.32265090697846505
test,386,nips4b_birds_testfile0386.wav,5.00390022675737,,,44100,1,PCM_16,220672,9.815543544264792e-06,0.0008535666673853344,7.285760556713061e-07,-0.08929508719941055,4.0061972390385625,-0.0068359375,0.0068359375,0.0068359375,0.00085362310217471,8.008144909134497,18.070638463920975,0.2994398926914153,0.21629937780678024,2371.4687905229935,4885.184263245548,5977.737093967517,0.12460783065061168,16109.234066850348,0.7138588749349006,0.7842325764018921
test,387,nips4b_birds_testfile0387.wav,5.00390022675737,,,44100,1,PCM_16,220672,9.578784491235862e-06,0.0005022537704057164,2.52258849886758e-07,0.014292084778024829,0.16829610847827547,-0.00244140625,0.00244140625,0.00244140625,0.0005023451034887147,4.860018009620843,13.732757572342415,0.39250108758700697,0.27849150998545347,5576.030166445445,6366.599388161897,15189.351616879349,0.2936443743101571,16119.825804814383,0.8413939906126554,0.4746244320589278
test,388,nips4b_birds_testfile0388.wav,5.00390022675737,,,44100,1,PCM_16,220672,9.35087624392764e-06,0.000812697610814412,6.604774066234535e-07,0.017021840789159953,2.08382419150056,-0.00537109375,0.0048828125,0.00537109375,0.0008127514044958536,6.6085321050065335,16.402100083838622,0.283257504350348,0.20495670024606769,2138.6354481719027,4631.172483171519,4479.305938225058,0.11404727988013484,16137.012398491877,0.7234796864131516,0.8071199658234149
test,389,nips4b_birds_testfile0389.wav,5.00390022675737,,,44100,1,PCM_16,220672,1.0216042503126813e-05,0.0006698855539221354,4.4874665535356625e-07,-0.03731535259964415,1.957742610466748,-0.00390625,0.0048828125,0.0048828125,0.0006699634489119476,7.288177448978625,17.252378761664527,0.3304315907772622,0.23844546859351703,3128.5320927768635,5343.405845153469,9080.916473317864,0.17085499679356114,16169.187300609048,0.7767781793788164,0.7057297988574959
test,390,nips4b_birds_testfile0390.wav,5.00390022675737,,,44100,1,PCM_16,220672,1.0337741081786543e-05,0.0013941708799058378,1.9437124423774177e-06,0.3612491081845824,18.27069155837763,-0.01220703125,0.02197265625,0.02197265625,0.0013942092064206475,15.759942015022544,23.95109230545389,0.2722638123549884,0.20241445409682288,3279.6944159033683,5480.435958401468,9774.575387906032,0.1785546322412654,16219.548016966355,0.7666313748031288,0.6923380442660947
test,391,nips4b_birds_testfile0391.wav,5.00390022675737,,,44100,1,PCM_16,220672,1.0384207811820258e-05,0.0006065312771882393,3.6788019020759675e-07,-0.05957818658237293,0.763386217284642,-0.00390625,0.0029296875,0.00390625,0.0006066201628527326,6.43936723374015,16.1768638677039,0.34306119489559167,0.2464619274848077,3833.811637681882,5793.47253907026,11490.836626305103,0.20559985128544941,16223.345055104408,0.7770932953442028,0.6357514557551446
test,392,nips4b_birds_testfile0392.wav,5.00390022675737,,,44100,1,PCM_16,220672,1.010983283447832e-05,0.0014202199555173075,2.017024722049583e-06,-0.09014802431626841,23.45190502609924,-0.0205078125,0.0185546875,0.0205078125,0.0014202559384735992,14.439518923638857,23.191054484770213,0.26046802494199534,0.19303850528614996,1411.1316556956099,3791.4364325803363,1179.2801080336426,0.07548073855057036,68.54653059744778,0.6793624361909695,0.8738829884606532
test,393,nips4b_birds_testfile0393.wav,5.00390022675737,,,44100,1,PCM_16,220672,1.0308975963194243e-05,0.0013238615174562991,1.7526093174016948e-06,0.13512671144254676,4.394297370517993,-0.00927734375,0.009765625,0.009765625,0.0013239016551039977,7.376397606537377,17.356886365008986,0.23448829031322505,0.1885839099836408,964.2232258260692,2886.056652380051,942.8645229118329,0.050450150174434286,75.74091864849187,0.6750909524744508,0.9130110297122928
test,394,nips4b_birds_testfile0394.wav,5.00390022675737,,,44100,1,PCM_16,220672,8.512262401890588e-06,0.0006900455820498186,4.7616290530647304e-07,0.03436639932304978,5.366154390735485,-0.005859375,0.00634765625,0.00634765625,0.0006900980828242256,9.198194297283402,19.274051582357252,0.3311068010440835,0.24420064258556856,5204.9484542559785,6089.894242993751,13821.418666618329,0.2900071964507181,16282.69875652552,0.8623667927628798,0.4914689002690355
test,395,nips4b_birds_testfile0395.wav,5.00390022675737,,,44100,1,PCM_16,220672,1.0185064683104337e-05,0.000596559279692853,3.558829741876555e-07,0.16931484847574668,2.7845812459771855,-0.00390625,0.0048828125,0.0048828125,0.0005966462182317545,8.183765103667136,18.259063108986254,0.3700650739559165,0.28042651730404083,6332.116595634721,6142.159277992007,15674.573122099766,0.3389994668969699,16040.687536252899,0.8851339176926197,0.35793075127886975
test,396,nips4b_birds_testfile0396.wav,5.00390022675737,,,44100,1,PCM_16,220672,9.41504458540277e-06,0.0006560171453315067,4.3035849496889916e-07,-0.052440699293292675,0.6790341637043431,-0.00390625,0.00390625,0.00390625,0.0006560847033984592,5.953880619020653,15.496002447596863,0.3098082221577726,0.22913749427881325,2966.9793850088386,5154.149318677365,8042.926152842227,0.15022795179733078,182.65751885150812,0.6288254805810563,0.7332756631416223
test,397,nips4b_birds_testfile0397.wav,4.342131519274377,,,44100,1,PCM_16,191488,1.0179325858539439e-05,0.00047628012725825286,2.2684275962113753e-07,-0.006247551699845087,-0.030433064018791978,-0.001953125,0.001953125,0.001953125,0.0004763888939680184,4.0998541836937115,12.255368215646739,0.4082292362967914,0.29394684756667555,6778.219332686765,6326.069209746198,16106.145032586897,0.35834136121889737,16107.9874456885,0.8900947733368247,0.35027777435769303
test,398,nips4b_birds_testfile0398.wav,5.00390022675737,,,44100,1,PCM_16,220672,9.052161550853755e-06,0.001104463375487686,1.2198393477936532e-06,-0.07091940078277258,6.126527184626317,-0.01318359375,0.01416015625,0.01416015625,0.0011045004705396897,12.820416674952572,22.158042807387552,0.22124691850348027,0.20389176647588492,3004.534367489362,3960.0534742276063,5916.784639646171,0.15198515081620076,16174.183403422272,0.853667089830131,0.595345529996566
test,399,nips4b_birds_testfile0399.wav,3.81968253968254,,,44100,1,PCM_16,168448,8.168553871224354e-06,0.0006999504782387583,4.899306719866665e-07,0.12873196440209014,7.327758294583948,-0.005859375,0.00732421875,0.00732421875,0.0006999981408968267,10.463197431662211,20.393288403304673,0.32897392667173253,0.23759995725658517,2959.103519698927,5212.430107223596,8280.007480053191,0.1686226106584473,80.11136968085107,0.7463073358627282,0.7135526373392217
test,400,nips4b_birds_testfile0400.wav,2.6993197278911563,,,44100,1,PCM_16,119040,9.036320512012768e-06,0.0009792968763710393,9.590223720700747e-07,0.6987407177911408,27.87728104728786,-0.01220703125,0.01416015625,0.01416015625,0.000979338566154969,14.458897810585475,23.20270376646656,0.34956317204301074,0.24998529893564295,5359.986468571244,5147.804019963056,11295.068044354837,0.3461250996883347,25.191532258064512,0.9183855903375296,0.35522304159741375
test,401,nips4b_birds_testfile0401.wav,4.6439909297052155,,,44100,1,PCM_16,204800,9.019374847412109e-06,0.0008587317346121304,7.374201920299584e-07,-0.2837837837780895,20.214327200456324,-0.013671875,0.0107421875,0.013671875,0.0008587790991591473,15.920130116564883,24.038932258831004,0.3490185546875,0.2488781683504314,4856.112950174311,4755.57207532487,10078.61572265625,0.28211853069731296,2478.041015625,0.8744957569959063,0.24097897418242534
test,402,nips4b_birds_testfile0402.wav,2.8560544217687074,,,44100,1,PCM_16,125952,9.195591376079777e-06,0.0008609709203439521,7.412709256779119e-07,-0.010663814668874817,10.666175228033332,-0.0087890625,0.01025390625,0.01025390625,0.0008610200256548436,11.909021793310155,21.517521800243568,0.3159616361788618,0.2164571936705544,4798.59658474445,5066.499165883524,10560.372999237805,0.31508941726174194,94.18588033536587,0.9037467577292311,0.427877273014839
test,403,nips4b_birds_testfile0403.wav,2.948934240362812,,,44100,1,PCM_16,130048,9.25514641709215e-06,0.0009319507182524168,8.685321412511956e-07,0.02076821321269586,11.814671857148141,-0.00927734375,0.00830078125,0.00927734375,0.000931996673270027,9.954267022702215,19.96018572982917,0.32524913877952755,0.22890185855882872,5198.093938081915,5120.779105706537,11117.914923720473,0.33496194282491104,93.9322404035433,0.9135277173883061,0.34692546235837046
test,404,nips4b_birds_testfile0404.wav,5.00390022675737,,,44100,1,PCM_16,220672,9.592060699816923e-06,0.000722674109956024,5.222578692007315e-07,0.03148582023457686,5.304223788632685,-0.00634765625,0.0068359375,0.0068359375,0.0007227377649114514,9.45839256211764,19.51634670114467,0.3294255727958237,0.2250408979884081,3597.803761439938,3338.439286145247,4203.920751160093,0.14185134014458223,93.92673288863108,0.8193756673853646,0.14109316823134493
test,405,nips4b_birds_testfile0405.wav,2.815419501133787,,,44100,1,PCM_16,124160,9.351907317171392e-06,0.0006992969858932212,4.89016274479344e-07,0.002310561748044723,4.8846722898640085,-0.005859375,0.00634765625,0.00634765625,0.0006993595160214902,9.07638504171715,19.15825822805269,0.3414626288659794,0.23229890704660958,5102.691356567676,5196.939019645648,11219.997583762886,0.3342833593569882,94.12451675257732,0.9114767774665976,0.39009686526684423
test,406,nips4b_birds_testfile0406.wav,3.006984126984127,,,44100,1,PCM_16,132608,1.035049615219293e-05,0.0008967025856155671,8.040755270496434e-07,-0.010248156200340449,5.82021282414628,-0.0078125,0.0078125,0.0078125,0.0008967623206960917,8.711895916786203,18.802253563064028,0.29011824324324326,0.20446884402784166,4254.673509388853,4867.90018422538,9560.40962837838,0.2721833802486972,93.7816722972973,0.8819932712007352,0.49655584041106304
test,407,nips4b_birds_testfile0407.wav,2.8676643990929707,,,44100,1,PCM_16,126464,9.096585787259615e-06,0.0007774621582716567,6.044474075444225e-07,-0.0016569428824228765,6.009892932904139,-0.00634765625,0.00634765625,0.00634765625,0.0007775153731068008,8.164026679801836,18.23808830616185,0.3274133350202429,0.22249986161960417,5080.170847909039,5174.576709140954,11105.553359058704,0.33236503217412156,94.15327682186233,0.909401990451824,0.3914800859646878
test,408,nips4b_birds_testfile0408.wav,2.9315192743764173,,,44100,1,PCM_16,129280,9.880443610767327e-06,0.0010964678129638623,1.2022416648657554e-06,0.049176368089526856,12.645923643153987,-0.01123046875,0.01123046875,0.01123046875,0.0010965123291745062,10.241990401015098,20.207687289393185,0.29677444306930695,0.21063745851994523,4638.941271960722,4920.947315238573,10041.892017326732,0.2964141956771171,242.5363551980198,0.8970171799050546,0.4244367713936506
test,409,nips4b_birds_testfile0409.wav,2.9315192743764173,,,44100,1,PCM_16,129280,9.166604221457302e-06,0.0008573722996129286,7.350872601435614e-07,-0.006421705340846827,7.702747228120199,-0.00634765625,0.0068359375,0.0068359375,0.0008574213006314424,7.972670488785056,18.03207630065655,0.3204362623762376,0.22041476187161102,5071.66833719267,4991.820143867849,10662.730507425744,0.31934480707332,94.14913366336634,0.909396107653348,0.33258212701202533
test,410,nips4b_birds_testfile0410.wav,2.5425850340136056,,,44100,1,PCM_16,112128,8.435009821364868e-06,0.0006778881091799414,4.5953228856755615e-07,0.006159846314931053,0.1143244952443192,-0.0029296875,0.00341796875,0.00341796875,0.0006779405858615065,5.041693654697703,14.051529067521354,0.2914169520547945,0.2008347677187475,3776.8956324451156,4544.1623363747985,8117.329302226027,0.23275288765390395,676.8701840753424,0.845268921758403,0.5044302382012551
test,411,nips4b_birds_testfile0411.wav,5.00390022675737,,,44100,1,PCM_16,220672,9.733673591348245e-06,0.0007046230078272236,4.964935831594836e-07,0.019122895788312323,1.942739794860345,-0.00537109375,0.0048828125,0.00537109375,0.0007046902351821448,7.62192163569814,17.641289585760937,0.3037222665313225,0.2087134240566273,3827.8003603545694,4246.232453297991,7280.321019431554,0.22124816502253966,96.52470635150812,0.876899591002172,0.4173982264972144
test,412,nips4b_birds_testfile0412.wav,3.221768707482993,,,44100,1,PCM_16,142080,1.0584925746058559e-05,0.0005527017531448018,3.054792279293374e-07,-0.006145796412958619,0.09360632145812664,-0.0029296875,0.00244140625,0.0029296875,0.0005528031010969339,5.299694401472396,14.485016548315102,0.35462415540540543,0.23413734612433929,5084.291518411435,5082.965195426626,10900.534206081082,0.3304773293895725,96.84121621621622,0.9102505418484723,0.36301813543557965
test,413,nips4b_birds_testfile0413.wav,2.6296598639455784,,,44100,1,PCM_16,115968,9.410428685068295e-06,0.0005600758122687061,3.1368491548845095e-07,-0.006408299005922239,0.10365229120348607,-0.00244140625,0.00244140625,0.00244140625,0.0005601548639943134,4.358448720039651,12.786638811940964,0.3500707091611479,0.23228159735097054,5138.100681406156,5205.797829670407,11084.703538907284,0.3281947385126714,59.70353890728476,0.9027654110745407,0.3817046593773537
test,414,nips4b_birds_testfile0414.wav,2.6296598639455784,,,44100,1,PCM_16,115968,9.364113376103753e-06,0.0005506123588808912,3.031739697523793e-07,0.004059425775860033,0.12091830363958023,-0.0029296875,0.0029296875,0.0029296875,0.0005506919795781484,5.320011201623556,14.518250934615915,0.3559171495584989,0.23598954875093778,5203.338922307075,5261.321880699431,11433.417839403972,0.3392197445001958,120.16763245033111,0.9077580690115942,0.3712926863615251
test,415,nips4b_birds_testfile0415.wav,4.690430839002268,,,44100,1,PCM_16,206848,9.791685803101794e-06,0.0006474386349425025,4.1917678601621106e-07,0.056771535098630366,1.1235836381852007,-0.00390625,0.00439453125,0.00439453125,0.0006475126741053627,6.78678800545752,16.633285672505,0.31905070389851486,0.23218127408180925,4060.9128995265974,4554.31859555334,8530.133237933169,0.24617310869369413,96.36641398514851,0.8800914487028625,0.5225298322704065
test,416,nips4b_birds_testfile0416.wav,3.947392290249433,,,44100,1,PCM_16,174080,1.0030409869025735e-05,0.000778161758226567,6.055357219662621e-07,0.10349211141599797,5.024709641848741,-0.0068359375,0.0078125,0.0078125,0.0007782264009196827,10.038852435187808,20.033681408470784,0.3048138786764706,0.22376622108353103,4074.5773280819376,4534.211902047792,8591.748046875,0.24465035716539116,96.26608455882354,0.8789978824805554,0.5036987522443844
test,417,nips4b_birds_testfile0417.wav,2.8792743764172335,,,44100,1,PCM_16,126976,9.348315577353201e-06,0.0005953080135185813,3.543916309594395e-07,0.01356565914618498,0.8839765497777443,-0.00341796875,0.00390625,0.00390625,0.0005953814088158726,6.560920348132746,16.33929530604859,0.3465064264112903,0.24292183500689113,5281.151247363811,5188.752798284207,11356.680790070564,0.34171381405729345,183.0322265625,0.9143929943520143,0.34929402470672527
test,418,nips4b_birds_testfile0418.wav,2.507755102040816,,,44100,1,PCM_16,110592,9.7265949955693e-06,0.0005710016790237574,3.2604291744795e-07,-0.00041747758292920905,0.16159944001261373,-0.00244140625,0.0029296875,0.0029296875,0.0005710845157226362,5.130041910334141,14.202418262674934,0.3455132378472222,0.24403432467379804,5300.576162435084,5162.77308370213,11216.406250000002,0.34227530257516026,96.50065104166667,0.9152135608049304,0.35946153663075536
test,419,nips4b_birds_testfile0419.wav,2.6064399092970523,,,44100,1,PCM_16,114944,8.81458443894418e-06,0.0005805142327662921,3.369967744442368e-07,-0.0025083375342004046,0.17240642457417366,-0.00244140625,0.0029296875,0.0029296875,0.0005805811496621882,5.046129213297128,14.059167341005086,0.3389389615812918,0.23442923884012076,5015.325014176673,5008.116745649022,10544.65130846325,0.3177953250721215,96.29993736080178,0.9069952952762452,0.3775864218156629
test,420,nips4b_birds_testfile0420.wav,5.00390022675737,,,44100,1,PCM_16,220672,1.0052302597293722e-05,0.0006593638509200277,4.347606879000885e-07,0.05989855817622466,3.304193637537886,-0.00634765625,0.00634765625,0.00634765625,0.000659440472436744,9.625821458219477,19.668756040595383,0.34348263486078884,0.2110789365163524,3410.7350117947562,4074.7206065647915,6483.94223100348,0.1847602139125577,96.72455046403712,0.8410499102238863,0.6100381860717748
test,421,nips4b_birds_testfile0421.wav,5.00390022675737,,,44100,1,PCM_16,220672,9.384066765380293e-06,0.0009007916467815558,8.114255909114271e-07,0.11981597521325016,6.854314032916362,-0.00732421875,0.00830078125,0.00830078125,0.0009008405250767109,9.214484716141238,19.289421080426855,0.3050409657772622,0.19418954008456027,3003.7906096356046,3095.4582405528204,3409.1407156322502,0.11642465394468564,1900.3176660382828,0.8132167076780786,0.36927824139436094
test,422,nips4b_birds_testfile0422.wav,4.760090702947846,,,44100,1,PCM_16,209920,9.855409947837271e-06,0.0006269853819469215,3.931106691751271e-07,0.012458409591065575,4.5027564131979245,-0.0068359375,0.00634765625,0.0068359375,0.0006270628343956983,10.901519154117635,20.749740443727497,0.3516577743902439,0.21137200539255618,3108.3456745621465,4058.7847497796006,5755.1424352134145,0.17566533684395158,96.42673399390245,0.84144133103105,0.690301457840509
test,423,nips4b_birds_testfile0423.wav,1.5615419501133787,,,44100,1,PCM_16,68864,8.96950193497328e-06,0.00120190719021075,1.4445808938802999e-06,-0.002486106533735078,1.6892337419870405,-0.0068359375,0.00634765625,0.0068359375,0.001201940658204581,5.687416806592845,15.098301140285677,0.19891380111524162,0.21976968764067786,4844.547450414298,2729.0007384498613,6447.473280669145,0.1198732399656377,182.51190752788105,0.8279846634551281,0.12835123039482663
test,424,nips4b_birds_testfile0424.wav,2.5483900226757368,,,44100,1,PCM_16,112384,7.060231271800257e-06,0.0014704850575710433,2.1623263045397147e-06,-0.01941220198526085,0.0018819685099771277,-0.00537109375,0.00634765625,0.00634765625,0.0014705020065968377,4.316659359540958,12.702955570722544,0.13158456719817768,0.10584341048023277,1062.3008915846233,2878.1086778916465,1177.998647494305,0.0653707519486384,88.68344248291571,0.6291561646142181,0.8701395803310584
test,425,nips4b_birds_testfile0425.wav,2.589024943310658,,,44100,1,PCM_16,114176,3.0620215719590807e-06,0.0014205719439174893,2.0180246478455144e-06,-0.01998898823420411,0.039943796387513775,-0.00634765625,0.005859375,0.00634765625,0.0014205752439844998,4.468370314687295,13.00298315888437,0.1359304932735426,0.11170571491132034,1056.4707373579322,2947.8419674259644,922.7412065582959,0.06446892317146642,88.45028727578475,0.6441527682188252,0.886253024026375
test,426,nips4b_birds_testfile0426.wav,2.513560090702948,,,44100,1,PCM_16,110848,1.3941705364553263e-05,0.001835425437362307,3.3687865361166162e-06,-0.08891801168072146,0.40306120905995657,-0.0107421875,0.00732421875,0.0107421875,0.0018354783864881353,5.852527373287835,15.3468690728839,0.10906827367205543,0.07887448465001308,756.1311421457684,2167.7950659542494,761.4697603926097,0.040982735189923764,39.78420900692841,0.6592368316165412,0.9148633065960072
test,427,nips4b_birds_testfile0427.wav,2.5251700680272107,,,44100,1,PCM_16,111360,1.4074917497306035e-05,0.0017491421987024817,3.0594984312817524e-06,-0.018350714528220624,-0.07184142029439755,-0.0068359375,0.0068359375,0.0068359375,0.0017491988264872317,3.908039152832063,11.839178121271141,0.10808189655172414,0.060551908691708796,482.0591366175033,1854.3706315495594,335.42295258620686,0.02738027837662619,39.997306034482754,0.5904370024644715,0.9525995103153917
test,428,nips4b_birds_testfile0428.wav,2.513560090702948,,,44100,1,PCM_16,110848,7.1316338025945435e-06,0.0016995425942114507,2.888445029538988e-06,-0.003928309054573963,0.15856567795865883,-0.0068359375,0.00830078125,0.00830078125,0.0016995575570540945,4.884083634324247,13.775661842617136,0.11210847286374134,0.061977320089853585,560.8191173708981,1986.8854137330668,451.15293013856814,0.03198795785567657,44.55831408775981,0.6189457094608776,0.9443057007698074
test,429,nips4b_birds_testfile0429.wav,3.7151927437641725,,,44100,1,PCM_16,163840,9.047985076904298e-06,0.001789653235729368,3.2028587041565973e-06,0.10599845817207916,0.06205969700346081,-0.0068359375,0.00732421875,0.00732421875,0.001789676107621306,4.092482834636914,12.2397373299723,0.11126708984375,0.06351357124982453,445.2941092211772,1832.7705824724858,254.091796875,0.02471668411437,60.0238037109375,0.587148145334588,0.9591038502434053
test,430,nips4b_birds_testfile0430.wav,5.00390022675737,,,44100,1,PCM_16,220672,1.398206033728792e-05,0.0030466948557070148,9.282349543791588e-06,0.05639013333793911,14.82504230850289,-0.02880859375,0.02587890625,0.02880859375,0.0030467269391599348,9.455587693048498,19.513770534411524,0.326171875,0.1108664029256223,5892.078382738168,2933.4948171465994,7500.149543213456,0.016149736828818394,43.1663283062645,0.700444378827676,0.20173939138435845
test,431,nips4b_birds_testfile0431.wav,2.5483900226757368,,,44100,1,PCM_16,112384,1.6179877696113327e-05,0.0019010466511765155,3.6139783699494437e-06,-0.1436047828237552,-0.026540219191838244,-0.0078125,0.00634765625,0.0078125,0.0019011155036955814,4.109429429623433,12.275630535975052,0.10117098519362187,0.06323020385645516,488.52393351658964,1945.404732871499,392.4046127562642,0.0277613531909945,103.20241315489749,0.5751742219718564,0.9599133140171305
test,432,nips4b_birds_testfile0432.wav,3.0940589569160997,,,44100,1,PCM_16,136448,1.8228956727104833e-05,0.0033042022797403594,1.0917752705441388e-05,0.16563742126058462,-0.08417340176420218,-0.01171875,0.0126953125,0.0126953125,0.0033042525630321822,3.842113233726302,11.691403202485535,0.060931636960600374,0.0457100559191481,266.0327326885206,1287.8606535634513,91.4656132739212,0.011585231643443973,45.571206613508444,0.45880891070104424,0.9773495131994344
test,433,nips4b_birds_testfile0433.wav,3.5062131519274375,,,44100,1,PCM_16,154624,7.234661784393109e-06,0.002045523321761467,4.184165659870066e-06,-0.0408077591037146,-0.0006049346534520161,-0.00830078125,0.0078125,0.00830078125,0.002045536115594442,4.057997894399315,12.166236347041686,0.09717120240066225,0.08137857886601606,627.6825600154232,2343.744291000353,355.65436154801324,0.03816581204929686,65.59783733443709,0.5776579459369234,0.9437226907053757
test,434,nips4b_birds_testfile0434.wav,2.56,,,44100,1,PCM_16,112896,1.0189826256023243e-05,0.0018151890294802052,3.2949112127452895e-06,0.050395892303741203,0.4013460417626029,-0.0087890625,0.0087890625,0.0087890625,0.0018152176302869078,4.841878105057203,13.700277036408426,0.11224489795918367,0.11215731431861464,1211.4335489782513,3006.606198504328,1123.828125,0.048593746325368795,82.03125,0.6202874611489424,0.8659927188631338
test,435,nips4b_birds_testfile0435.wav,4.522086167800453,,,44100,1,PCM_16,199424,1.0173342194269496e-05,0.0017834115543695528,3.180556772258824e-06,0.013572957203636654,0.12542416398990186,-0.00927734375,0.00927734375,0.00927734375,0.001783440570680791,5.2019360232780665,14.323300133251816,0.1099817474326059,0.10508817939756196,1088.0239963014017,2892.748646415129,780.8343027920411,0.05047891604208306,65.01424101412067,0.6280223008019085,0.8805093583940437
test,436,nips4b_birds_testfile0436.wav,3.575873015873016,,,44100,1,PCM_16,157696,1.0165301236239346e-05,0.0018420958499301898,3.3933171203300286e-06,0.029646682947121382,0.51239625565622,-0.0107421875,0.0107421875,0.0107421875,0.001842123897483351,5.831414225001708,15.31547783834392,0.10952719155844155,0.1127873426551254,1534.795025230911,3211.401878559672,6517.289595170455,0.04861980696061439,82.2176846590909,0.6430749132243754,0.815653901338782
test,437,nips4b_birds_testfile0437.wav,5.00390022675737,,,44100,1,PCM_16,220672,1.0012473971550537e-05,0.0017708239210164217,3.1358173592439744e-06,0.07370047387638903,0.448673915255986,-0.0087890625,0.0107421875,0.0107421875,0.00177085222671995,6.066111749988959,15.65820813253781,0.11473136600928074,0.10949331810704624,1584.7573352251172,3243.053156142102,6749.535056554524,0.05083723436306104,65.54886890951276,0.6691607623841129,0.808942847809629
test,438,nips4b_birds_testfile0438.wav,5.00390022675737,,,44100,1,PCM_16,220672,8.937101076484557e-06,0.0019092095305096464,3.6450810313888647e-06,-0.04596345407093864,0.76765456203014,-0.0107421875,0.01123046875,0.01123046875,0.001909230447893736,5.882196548032983,15.390790639055252,0.10767564530162413,0.11378024298616493,2041.979416100833,3516.734883665415,7186.594130655452,0.05173365706720839,65.54886890951276,0.6821290506680413,0.7465144023929299
test,439,nips4b_birds_testfile0439.wav,2.5774149659863945,,,44100,1,PCM_16,113664,8.767789548581785e-06,0.0017285365995189518,2.9878387758765408e-06,0.032848089650259614,0.03352699642352386,-0.0068359375,0.0078125,0.0078125,0.0017285588361435978,4.519661024341891,13.102117276854774,0.1108618384009009,0.10654302631463185,1037.6776258994723,2827.7859714192828,846.5846706081081,0.05524128826574835,44.618348817567565,0.6384431540346827,0.8852310306474879
test,440,nips4b_birds_testfile0440.wav,2.589024943310658,,,44100,1,PCM_16,114176,7.466885006481222e-06,0.0018157325321888431,3.2968846284489083e-06,-0.04571607962230069,-0.09209307241396969,-0.0068359375,0.0068359375,0.0068359375,0.0018157478852584706,3.7648054311388655,11.514850726982836,0.10537240751121076,0.09027370264944165,721.4900908470977,2479.4809403292047,448.0451233183856,0.04480269060448624,63.73055633408071,0.6005253877573403,0.9295551302947165
test,441,nips4b_birds_testfile0441.wav,5.00390022675737,,,44100,1,PCM_16,220672,9.229177665267908e-06,0.0024212739912391236,5.862567740651035e-06,-0.0007983559935797992,0.7212911371311401,-0.02197265625,0.02099609375,0.02197265625,0.002421291580617959,9.07476671784906,19.156709391621778,0.08298288863109049,0.07693353453784141,809.4488322682433,1903.7488576619328,1724.65469112529,0.03263152045622483,51.5597810324826,0.6693232618309516,0.8695157776919444
test,442,nips4b_birds_testfile0442.wav,2.4961451247165534,,,44100,1,PCM_16,110080,1.4775298362554506e-05,0.0016449856158682226,2.7059776764133554e-06,0.01565730768682615,0.17349103021745282,-0.0087890625,0.01123046875,0.01123046875,0.001645051970563562,6.826816994816683,16.68436521916467,0.11990370639534884,0.08430309141616475,747.4212798913975,2418.0679129227565,777.999636627907,0.045227318791606644,51.27906976744186,0.6041105033155618,0.9163431228350688
test,443,nips4b_birds_testfile0443.wav,2.5309750566893423,,,44100,1,PCM_16,111616,1.2835231396036411e-05,0.0014292663850463676,2.042802399423512e-06,0.05359305603450696,0.09898873888041715,-0.00732421875,0.00634765625,0.00732421875,0.0014293240159559699,5.124253610964039,14.192612316521679,0.13223910550458715,0.09543520136182412,827.2122481320612,2735.2445714983874,541.2933629587156,0.054222669611196185,51.36360378440367,0.6033970295864909,0.9151040981928332
test,444,nips4b_birds_testfile0444.wav,4.121541950113379,,,44100,1,PCM_16,181760,1.4654347594355194e-05,0.001537026225965899,2.3624496193069746e-06,0.015920399258146107,-0.11346868507490493,-0.005859375,0.00634765625,0.00634765625,0.001537096083272087,4.129641809045179,12.318247681547696,0.1254181338028169,0.052872209904323855,410.4507175471008,1774.0918839453382,238.50297095070422,0.02200546458408489,86.8606954225352,0.5483025866726882,0.9644090728427133
test,445,nips4b_birds_testfile0445.wav,2.8560544217687074,,,44100,1,PCM_16,125952,1.1122323633209476e-05,0.0013268447584818472,1.7605170131107514e-06,-0.048333099869089735,-0.004850120031217653,-0.00537109375,0.00537109375,0.00537109375,0.0013268913743007577,4.047877508308054,12.14454723932863,0.1443724593495935,0.06958261546156838,599.7202265686652,2164.9999398114496,361.68778582317077,0.034306374517739505,51.4696074695122,0.6296891880205631,0.9393231355220694
test,446,nips4b_birds_testfile0446.wav,2.5425850340136056,,,44100,1,PCM_16,112128,2.012296354389626e-05,0.0018178036837951507,3.30441023281922e-06,-0.004267506403910798,0.0170737219878192,-0.0068359375,0.0087890625,0.0087890625,0.0018179150603042512,4.834693705947426,13.687379305586314,0.10729701769406393,0.07888376572993124,581.8277965537676,2242.836461671499,294.97538527397256,0.036418668160406335,13.765517979452055,0.5832062274626124,0.9386059869811377
test,447,nips4b_birds_testfile0447.wav,3.5352380952380953,,,44100,1,PCM_16,155904,7.4195548622870485e-06,0.0019563923999360677,3.827471222527606e-06,0.07387759243906201,0.5680725318784501,-0.01025390625,0.01220703125,0.01220703125,0.001956406469096328,6.239516911656133,15.90301932338027,0.10254387315270935,0.08740691327299667,1312.4863786375167,2944.401304979835,3716.2984913793102,0.03691193047240654,33.09536637931034,0.6369759358130567,0.8362117324903086
test,448,nips4b_birds_testfile0448.wav,2.5425850340136056,,,44100,1,PCM_16,112128,1.6216818056150115e-05,0.00200865588099491,4.034698448255438e-06,0.09422911157294825,0.43771919712825635,-0.009765625,0.0126953125,0.0126953125,0.002008721342905308,6.3200963861110635,16.014474032853293,0.09613120719178082,0.0818714493386963,679.9767878986388,2331.5505493633746,359.47666952054794,0.03596668654333296,55.06207191780822,0.5537239791517414,0.9286698588908783
test,449,nips4b_birds_testfile0449.wav,2.618049886621315,,,44100,1,PCM_16,115456,4.119196382171563e-06,0.0022010900494926393,4.84479740597551e-06,-0.035360641404807616,17.929742923776992,-0.02294921875,0.0224609375,0.02294921875,0.0022010939038928676,10.426278819550532,20.3625866929885,0.11635601441241686,0.1279372915854662,1411.9011475009788,3381.1766595288345,2285.670731707317,0.0857397326682983,28.265313192904657,0.6691107330237523,0.8435261372801736
test,450,nips4b_birds_testfile0450.wav,2.501950113378685,,,44100,1,PCM_16,110336,8.948164583635442e-06,0.00040070087327697697,1.6056118984493196e-07,-0.0002915989513157115,-0.005330639952484173,-0.001953125,0.00146484375,0.001953125,0.0004008007728215451,4.873056971049357,13.756029775205342,0.4853266386310905,0.22381837132369603,5895.385830306221,5465.915853773755,12807.209795533641,0.377589883316679,9.592517401392112,0.9240006831099712,0.309372394168539
test,451,nips4b_birds_testfile0451.wav,1.8169614512471655,,,44100,1,PCM_16,80128,1.0060807005665935e-05,0.00039310438529084423,1.5453105773489253e-07,0.008466791982637377,0.01385860157671992,-0.00146484375,0.00146484375,0.00146484375,0.00039323310843887213,3.725128221820898,11.422824521932602,0.4945836661341853,0.2251925068953037,6018.129636587156,5574.925229074736,13012.383935702877,0.38785582947901337,15.410343450479235,0.9232676355197962,0.317032483329022
test,452,nips4b_birds_testfile0452.wav,2.6296598639455784,,,44100,1,PCM_16,115968,9.347271445571192e-06,0.0004102125895799395,1.6827436864987991e-07,-0.009298611141841896,0.35317199433311997,-0.00244140625,0.00244140625,0.00244140625,0.0004103190711304522,5.950018952991359,15.490366982357388,0.48384036975717437,0.22785792509938171,5994.755532310898,5581.645256567882,13007.385658112582,0.384408231889814,21.675807119205295,0.9248665123953629,0.32223918207431734
test,453,nips4b_birds_testfile0453.wav,3.111473922902494,,,44100,1,PCM_16,137216,9.390845227597365e-06,0.00041256099834244525,1.702065773533151e-07,0.013098066002428728,0.13869942086576925,-0.001953125,0.001953125,0.001953125,0.0004126678632113286,4.732922464087779,13.502587796122405,0.47807107042910446,0.22137521408009328,5880.234564226721,5442.595516798062,12682.413858442163,0.37142430401484244,15.105381296641792,0.9233236731372357,0.3104985098704228
test,454,nips4b_birds_testfile0454.wav,2.5425850340136056,,,44100,1,PCM_16,112128,8.988053831335617e-06,0.00039440099847365114,1.5555214759701298e-07,0.010719745469185096,0.012538214133553716,-0.00146484375,0.001953125,0.001953125,0.0003945034001231016,4.950844528565643,13.893585767808451,0.4919912956621005,0.2223371712433223,6036.750093864079,5591.8264836448625,13021.393407534246,0.3868803263092365,52.3089683219178,0.9265984338393538,0.31992896193446396
test,455,nips4b_birds_testfile0455.wav,4.0344671201814055,,,44100,1,PCM_16,177920,9.764527245391188e-06,0.0004355688866375119,1.897202550066417e-07,-0.024982825865151128,1.3794435549656834,-0.0029296875,0.0029296875,0.0029296875,0.0004356783228472214,6.7244279698243075,16.553106918127945,0.47493817446043163,0.2158341717298321,5526.311008676617,5446.110884518844,12501.77495503597,0.35010815971493886,1631.9379496402876,0.9120395452795211,0.3882405479858599
test,456,nips4b_birds_testfile0456.wav,3.006984126984127,,,44100,1,PCM_16,132608,9.23480766620415e-06,0.0004389170189363614,1.9264814951198227e-07,-0.012359872083482888,0.6266677823665403,-0.00244140625,0.00244140625,0.00244140625,0.000439014158296306,5.561110510591345,14.903230509569438,0.4683880308880309,0.21562210139736213,5878.852972751264,5511.528392647794,12835.784417229732,0.37642993463049035,18.955869932432435,0.9234824052907058,0.3169873821234804
test,457,nips4b_birds_testfile0457.wav,5.00390022675737,,,44100,1,PCM_16,220672,1.022489330884752e-05,0.00041910962282968244,1.756528759484387e-07,-0.00930493773645586,0.16561907803054954,-0.001953125,0.001953125,0.001953125,0.00041923433112236406,4.658790692954799,13.36546398386594,0.47213058294663574,0.21587793593177174,5657.163758469794,5298.263588628639,12357.960230568444,0.3503178518832287,3442.9143706496516,0.9178528306335475,0.27950167351193766
test,458,nips4b_birds_testfile0458.wav,4.568526077097506,,,44100,1,PCM_16,201472,9.757287923383894e-06,0.00041928006531008575,1.7579577316642976e-07,-0.006986560863339109,0.41496889074843946,-0.0029296875,0.00244140625,0.0029296875,0.00041939358344405983,6.985532482260239,16.883990328669785,0.4771283354510801,0.2174754679333502,5202.469181949287,5162.935028549468,11825.695878335451,0.31242741978832916,2279.0720298602287,0.8913745560636466,0.25893714622394426
test,459,nips4b_birds_testfile0459.wav,4.481451247165533,,,44100,1,PCM_16,197632,9.96663780410055e-06,0.0003997180144837446,1.5977449110282704e-07,-0.0002559379503238792,0.049559932861078515,-0.001953125,0.001953125,0.001953125,0.00039984225010864617,4.884738917583852,13.776827124932973,0.4896474255181347,0.221341793544535,5724.546540243851,5399.287688248518,12541.473040803108,0.36341272498918664,2286.089803270725,0.921617470776222,0.2900972936628392
test,460,nips4b_birds_testfile0460.wav,3.564263038548753,,,44100,1,PCM_16,157184,1.0189093673656351e-05,0.00040995377346799127,1.6806209638064508e-07,-0.01693810678493923,0.24292305546717596,-0.00244140625,0.00244140625,0.00244140625,0.00041008037506144523,5.953482289012701,15.495421319681872,0.48384059446254074,0.2174662654358296,5717.277638802892,5368.625783757194,12528.536619503257,0.35826069417722956,8.97801302931596,0.9194144208801039,0.28973804648838763
test,461,nips4b_birds_testfile0461.wav,2.5425850340136056,,,44100,1,PCM_16,112128,9.46271365091681e-06,0.0003853886992809532,1.4852444953346498e-07,0.0032853952283409316,-0.0064506673096831335,-0.00146484375,0.00146484375,0.00146484375,0.0003855048540331291,3.799806240245462,11.595229032664454,0.5035316780821918,0.22323793555521865,6104.605603932358,5630.767003640998,13072.915774828767,0.3937838811364268,18.091823630136986,0.9250803325066699,0.3207276869178725
test,462,nips4b_birds_testfile0462.wav,2.6586848072562357,,,44100,1,PCM_16,117248,8.699675314291076e-06,0.00039369741952991697,1.5499765814451544e-07,0.0005876215704856594,0.10203744465034292,-0.001953125,0.001953125,0.001953125,0.0003937935277465712,4.959769174410983,13.909229301528683,0.49704899017467247,0.22192465478860868,6010.803106874679,5627.795894864679,13062.473560316595,0.38729274461962365,24.44817822052402,0.9244933044602908,0.3307411819014857
test,463,nips4b_birds_testfile0463.wav,3.4771882086167802,,,44100,1,PCM_16,153344,9.075031057622078e-06,0.0004167960137382461,1.7371891706809225e-07,-0.010849675176347256,0.1991094395010875,-0.00244140625,0.001953125,0.00244140625,0.0004168947987883623,5.856168647571413,15.352271503271083,0.47531693447412354,0.2198078816770247,5767.863731600797,5439.66407126905,12610.764033806345,0.3657603538676419,15.529789232053423,0.9192791827020346,0.3079695757146556
test,464,nips4b_birds_testfile0464.wav,3.564263038548753,,,44100,1,PCM_16,157184,9.502572423083775e-06,0.0003625717258361096,1.31458256375775e-07,0.00543651210557103,0.2712016594774913,-0.001953125,0.001953125,0.001953125,0.00036269623000305775,5.385015995295936,14.623739952711372,0.5471040309446255,0.20811410903214725,6078.312564707261,5706.179988936588,13296.717859324102,0.37583024183995206,17.394900244299674,0.9184516546653323,0.297234583755055
test,465,nips4b_birds_testfile0465.wav,3.5584580498866214,,,44100,1,PCM_16,156928,9.757659563621533e-06,0.00033250181431225426,1.1055745652094082e-07,-0.007100457541666831,0.064420181913456,-0.00146484375,0.00146484375,0.00146484375,0.00033264495853853007,4.403625283953696,12.876207132266497,0.5836179649265906,0.2048850739515826,6529.039126187099,6019.940809845212,13882.136393760196,0.40877095415781906,16.86123572593801,0.9257257630872391,0.31891617667345473
test,466,nips4b_birds_testfile0466.wav,2.670294784580499,,,44100,1,PCM_16,117760,9.880895199983017e-06,0.0003193008790008013,1.0195305133068434e-07,-0.0075629609927083015,0.1144440996019882,-0.00146484375,0.00146484375,0.00146484375,0.0003194537265718423,4.585464585809331,13.227666873541931,0.6067934782608696,0.20688864545385066,6771.530004055419,6071.352785133468,14034.405570652172,0.4196476216075527,46.43682065217391,0.9285777543770496,0.3207330793524187
test,467,nips4b_birds_testfile0467.wav,3.3901133786848074,,,44100,1,PCM_16,149504,1.0291190996561965e-05,0.0003251540977923728,1.0572518731117193e-07,-0.00879479110957381,0.06920747356602552,-0.00146484375,0.00146484375,0.00146484375,0.000325316916134559,4.502820718348704,13.069693113889445,0.595796767979452,0.20344742245974998,6699.813211058305,6045.783780225788,13962.069911172945,0.41770295029427373,20.35330158390411,0.928588273751355,0.3156615791673315
test,468,nips4b_birds_testfile0468.wav,3.8080725623582765,,,44100,1,PCM_16,167936,1.0330502579851848e-05,0.0003532179360767258,1.2476291036630197e-07,-0.012244127691723512,0.1817900725372903,-0.001953125,0.001953125,0.001953125,0.0003533689709777222,5.527154788367461,14.85003254400583,0.5569681307164634,0.20818173698157025,6327.536494298629,5803.436224812188,13501.580959413111,0.39337315023170655,29.14860423018293,0.9247618409944256,0.2945562325258828
test,469,nips4b_birds_testfile0469.wav,5.00390022675737,,,44100,1,PCM_16,220672,9.342025438206932e-06,0.000433069712253658,1.8754937567146612e-07,-0.020155219194145205,7.2138195554880795,-0.00537109375,0.0048828125,0.00537109375,0.000433170461955515,12.399492167015746,21.868077971665464,0.5276700261020881,0.2069053024638489,5318.04422334974,4927.64190919045,11568.176297853828,0.27864440518112576,3392.753498404872,0.8751276488189917,0.1836633020731885
test,470,nips4b_birds_testfile0470.wav,1.4512471655328798,,,44100,1,PCM_16,64000,9.46807861328125e-06,0.0003212846577952595,1.0322383133461697e-07,0.008262983345300257,0.022745232333295284,-0.00146484375,0.0009765625,0.00146484375,0.0003214241370016326,4.557354539906751,13.1742563176912,0.59996875,0.20695635869310458,6688.084640360576,6059.955625441836,13981.078125,0.4210883724296889,39.965625,0.9238853908899622,0.31840884212960874
test,471,nips4b_birds_testfile0471.wav,5.00390022675737,,,44100,1,PCM_16,220672,9.076501266585702e-06,0.00036436198218429375,1.327596540612676e-07,0.008334103826968736,0.5241363295565358,-0.00244140625,0.00244140625,0.00244140625,0.0003644750155175385,6.698418673590865,16.51944577822356,0.548814530162413,0.21648517476242915,6330.007000915741,5368.795234971699,12855.172382540602,0.37214112828333473,16.58706133990719,0.9215332837950705,0.24077240472532638
test,472,nips4b_birds_testfile0472.wav,5.00390022675737,,,44100,1,PCM_16,220672,9.304409513893923e-06,0.0003583419215568124,1.284089327450287e-07,0.018449416576378306,0.12602587383585862,-0.00146484375,0.001953125,0.001953125,0.000358462696499135,5.448614372080731,14.725721432430275,0.546915784512761,0.21189009883491713,6106.615305354297,5726.886107161364,13303.222882830625,0.38005270628619614,14.588620214617169,0.9199245354464836,0.31841230248733726
test,473,nips4b_birds_testfile0473.wav,5.00390022675737,,,44100,1,PCM_16,220672,9.775714918521607e-06,0.00037732922195721387,1.4237734174283635e-07,0.0018783944145901012,0.4849821727538597,-0.00244140625,0.0029296875,0.0029296875,0.0003774558336348831,7.761669681422693,17.799103124720176,0.5289388776102089,0.21382057452043993,6285.769360116692,5747.011056059152,13362.176896026682,0.39790370559963445,28.77755220417633,0.9292040520731167,0.3049941671336826
test,474,nips4b_birds_testfile0474.wav,5.00390022675737,,,44100,1,PCM_16,220672,9.379641362519938e-06,0.00046165514053321646,2.1312546878074386e-07,-0.00972873345313846,1.3749852786731678,-0.0029296875,0.00390625,0.00390625,0.00046175041575815975,8.459656703473085,18.547054790774894,0.46961553799303946,0.21160460595184688,5033.279739995666,4241.387015804161,8788.144848462876,0.23530092091813434,3696.7163935614844,0.8609539296437492,0.14848655543019512
test,475,nips4b_birds_testfile0475.wav,2.507755102040816,,,44100,1,PCM_16,110592,9.775161743164062e-06,0.0003524712895032181,1.2423600992406136e-07,-0.0015847560318897297,0.004268364384386825,-0.00146484375,0.00146484375,0.00146484375,0.0003526068117764692,4.154326295115988,12.370012090505803,0.5503020109953703,0.21206065593041026,6259.803945934371,5770.309535272729,13433.528645833334,0.39679386782337456,24.324544270833336,0.9253393665100653,0.30902910892798535
test,476,nips4b_birds_testfile0476.wav,2.5251700680272107,,,44100,1,PCM_16,111360,9.703362125089799e-06,0.00035251730817146594,1.2426845256045627e-07,0.0017121960434029067,0.03226943491915257,-0.00146484375,0.00146484375,0.00146484375,0.0003526508298543857,4.1538077497360595,12.368927845132793,0.5523617097701149,0.2143517811761959,6304.00936505354,5798.447686016275,13452.955280172411,0.39963470665800677,9.504310344827585,0.9253839958995164,0.31371244505005474
test,477,nips4b_birds_testfile0477.wav,2.589024943310658,,,44100,1,PCM_16,114176,8.754131505307596e-06,0.00035508331890791853,1.2608416336666258e-07,-0.013282766551709124,0.038603621061446436,-0.00146484375,0.00146484375,0.00146484375,0.00035519121355274936,4.1240990601882,12.30658176839071,0.5478384248878924,0.21218305233194656,6233.376928965218,5793.802979816849,13407.364069506724,0.3950805089486,36.69335061659192,0.9241321949793628,0.3200328381537347
test,478,nips4b_birds_testfile0478.wav,2.641269841269841,,,44100,1,PCM_16,116480,9.146889487465659e-06,0.0003452051002223351,1.1916656121951242e-07,0.009655242017095072,0.024545068997974706,-0.00146484375,0.00146484375,0.00146484375,0.0003453262613917573,4.241912399295343,12.551233911166385,0.562293956043956,0.20849251796461166,6362.974061809053,5855.952934088241,13612.013221153846,0.3952411888385429,16.280048076923077,0.9212519469727046,0.2970185569887314
test,479,nips4b_birds_testfile0479.wav,5.00390022675737,,,44100,1,PCM_16,220672,9.381854063950117e-06,0.0003253549845787591,1.0585586599024457e-07,0.008560397268534276,0.08789951658294859,-0.00146484375,0.00146484375,0.00146484375,0.0003254902228576487,4.5004231990115455,13.06506709485651,0.5964327146171694,0.20531923089123627,6374.045788470582,5828.336890884666,13649.352885730857,0.38984737175017337,28.977396316705335,0.9231264397058466,0.28056361554628245
test,480,nips4b_birds_testfile0480.wav,2.583219954648526,,,44100,1,PCM_16,113920,9.219566088044241e-06,0.0011460366649221408,1.313400037345863e-06,-5.062757930488148,161.44460191189293,-0.02734375,0.01513671875,0.02734375,0.0011460737488245313,23.858630413658,27.552910194177976,0.7039940308988764,0.42138712594036115,9097.17888580217,5121.211145526929,13304.712956460673,0.2670430206411487,6.580933988764045,0.8827702743792286,0.18349172096384728
test,481,nips4b_birds_testfile0481.wav,5.00390022675737,,,44100,1,PCM_16,220672,9.735886292778422e-06,0.0008089794765573859,6.544477934910621e-07,0.0418751900018008,9.531969518803962,-0.015625,0.017578125,0.017578125,0.000809038059038614,21.727191698358688,26.7400719228916,0.27607489849187933,0.24763562044854104,5310.440859258029,3479.577250215188,7447.990229843387,0.20389130957564086,5419.572487674013,0.8913354255831423,0.14919039691271405
test,482,nips4b_birds_testfile0482.wav,5.00390022675737,,,44100,1,PCM_16,220672,9.275644395301623e-06,0.0014774236554190082,2.1827806575916645e-06,0.08484748910929689,214.42563965119712,-0.07177734375,0.07177734375,0.07177734375,0.0014774527725685896,48.581819387169475,33.72947550168871,0.7574635658352669,0.24000435036774204,5884.116976447645,4224.3525744990975,9738.603447650812,0.27901988686738133,1775.8147839327146,0.9175810731386541,0.20261900856887033
test,483,nips4b_birds_testfile0483.wav,5.00390022675737,,,44100,1,PCM_16,220672,8.968078896507033e-06,0.0033950738334331864,1.1526526334462713e-05,0.5873119346822258,531.1369379529341,-0.18310546875,0.1611328125,0.18310546875,0.003395085677991324,53.932503069652405,34.63701153727128,0.9675808439675174,0.19031952544738548,3948.4479204297,3864.615205494068,7791.9219475058,0.17928484589574728,1708.2674738979117,0.8823282493232198,0.3866783957961231
test,484,nips4b_birds_testfile0484.wav,5.00390022675737,,,44100,1,PCM_16,220672,1.0359868096088312e-05,0.003872892525487352,1.49992965139758e-05,0.15152150893547267,34.422690569516725,-0.08837890625,0.099609375,0.099609375,0.003872906381626435,25.719541136485937,28.20526432107029,0.742137652262181,0.2671488324247409,4990.53733481789,4115.583754471339,8868.881869924593,0.2168243026935407,3164.9312101218093,0.9000813805985206,0.24032951286610224
test,485,nips4b_birds_testfile0485.wav,5.00390022675737,,,44100,1,PCM_16,220672,9.384066765380293e-06,0.0017638392704412878,3.111128971950854e-06,0.0010296876422680517,5.355251196088689,-0.0146484375,0.01513671875,0.01513671875,0.0017638642330576103,8.581566804470496,18.67133175327713,0.18134153857308585,0.2502866257913364,5836.209895230596,1800.2638826517457,6860.248694895591,0.06257174093092449,5985.13132613109,0.7968460324555754,0.03263028504742168
test,486,nips4b_birds_testfile0486.wav,4.440816326530612,,,44100,1,PCM_16,195840,1.0359521005667893e-05,0.0008600751400449952,7.397292465234182e-07,-0.012739936370247375,1.8206934257926157,-0.005859375,0.00634765625,0.00634765625,0.0008601375274913222,7.379815491266355,17.360910076226176,0.2623978758169935,0.22900954355363334,5030.959280121009,3839.8525854400514,7471.148897058823,0.20627897088601432,6186.700367647059,0.8829474106180597,0.21990186896155325
test,487,nips4b_birds_testfile0487.wav,5.00390022675737,,,44100,1,PCM_16,220672,9.684994159884353e-06,0.0017187725775727348,2.954179173416023e-06,0.004221656855935399,5.0308500755203855,-0.015625,0.015625,0.015625,0.001718799864012067,9.090645355025641,19.171894307294757,0.19116607453596288,0.24417798442024552,5961.828831818957,1724.3825249189622,7058.893742749419,0.0488510526144501,5346.629386600927,0.8027024093952373,0.03266846101487575
test,488,nips4b_birds_testfile0488.wav,5.00390022675737,,,44100,1,PCM_16,220672,9.348663542497462e-06,0.0021182621392955418,4.487034490772926e-06,-0.029196286020478388,10.282490880273846,-0.02099609375,0.0205078125,0.02099609375,0.002118282768726347,9.911846548524895,19.92309139672909,0.2023047781322506,0.23845906349271087,5849.974816231055,1548.8429184812505,6985.950641676333,0.040152822438015955,5887.407555104408,0.7963615282626013,0.026440282729145517
test,489,nips4b_birds_testfile0489.wav,2.896689342403628,,,44100,1,PCM_16,127744,9.586433609406313e-06,0.0006675796588147544,4.456626008632239e-07,0.0011175337296350596,0.34183226575497505,-0.00390625,0.00341796875,0.00390625,0.0006676484857861744,5.850758420279024,15.344243326405946,0.29803356713426854,0.21117399779244264,4424.275042297937,4460.858720277855,8066.795309368737,0.2522461343101317,2907.457101703407,0.8887909045633148,0.3104591744021258
test,490,nips4b_birds_testfile0490.wav,2.681904761904762,,,44100,1,PCM_16,118272,9.000043332318723e-06,0.0007174277055664916,5.147025127144005e-07,0.003824017412048167,1.1471241013673144,-0.00439453125,0.0048828125,0.0048828125,0.0007174841555702706,6.805463872744401,16.657154656936058,0.2905675054112554,0.2322378266861699,4448.2393650957565,4529.308692850769,9288.547585227272,0.25142832975979046,30.94815340909091,0.8880491198501034,0.3105095345620384
test,491,nips4b_birds_testfile0491.wav,5.00390022675737,,,44100,1,PCM_16,220672,9.319898423905162e-06,0.0007157365781984789,5.122788493712673e-07,0.0054877390122914345,0.5403960012668128,-0.00439453125,0.00390625,0.00439453125,0.000715797254729228,6.13935191978679,15.762450574238747,0.28471668358468677,0.217722310589067,4647.762123812659,4308.043635081262,7997.5615392981435,0.2402683016175246,7800.315400232018,0.8936901151656486,0.293150726974824
test,492,nips4b_birds_testfile0492.wav,5.00390022675737,,,44100,1,PCM_16,220672,9.935029421494345e-06,0.00165728647374607,2.7465984560616826e-06,0.005401332665275261,7.415042087463004,-0.0146484375,0.015625,0.015625,0.0016573162525213131,9.427892821439077,19.488292734317326,0.2052457946635731,0.24498461510574565,5974.07018369333,2151.622665113871,7492.355622824825,0.07577978599530273,7521.5328632540595,0.8398762739775073,0.05258560032861043
test,493,nips4b_birds_testfile0493.wav,4.342131519274377,,,44100,1,PCM_16,191488,9.546942889371657e-06,0.001170853475562481,1.370897861236741e-06,-0.02055326439948975,7.004448725368947,-0.009765625,0.0107421875,0.0107421875,0.0011708923970012248,9.174359255822175,19.25151485057438,0.2420517212566845,0.22334675460997352,6062.882077004707,2694.249953474876,7467.9912057152405,0.0979618938874781,7284.671102105614,0.7966349244334789,0.08956704031324225
test,494,nips4b_birds_testfile0494.wav,5.00390022675737,,,44100,1,PCM_16,220672,9.337600035346578e-06,0.001892722798677267,3.5823995926327065e-06,0.00034774005636274187,2.942374010929499,-0.01513671875,0.01513671875,0.01513671875,0.0018927458316972004,7.997227359590644,18.058788861978414,0.15226671258700697,0.26529539450131645,6641.472906054533,1816.1673009044127,7832.8899905742455,0.04641767557765775,7310.497480423433,0.7969626702082854,0.03191664069241876
test,495,nips4b_birds_testfile0495.wav,5.00390022675737,,,44100,1,PCM_16,220672,9.288920603882685e-06,0.004372057167308354,1.911488387421235e-05,-0.0025062893970292308,3.3648405384737785,-0.02490234375,0.0244140625,0.02490234375,0.004372067034968509,5.695782692906346,15.111068232407652,0.29244761455916474,0.2758586311749165,7168.156759188021,1098.662884422016,7893.242912558004,0.010682472779881554,7866.663645591647,0.7520056598591793,0.005074382958233891
test,496,nips4b_birds_testfile0496.wav,2.583219954648526,,,44100,1,PCM_16,113920,9.45530580670646e-06,0.0006487372576624723,4.20860029479425e-07,0.011284651701387174,0.1733187021350311,-0.00390625,0.005859375,0.005859375,0.0006488061592550763,9.031010135180303,19.114726593422674,0.30414325842696627,0.20708573635653402,4303.230062646709,4377.568647062085,7885.12025983146,0.2459094697438213,2107.834445224719,0.8866804776941026,0.31803091090428065
test,497,nips4b_birds_testfile0497.wav,5.00390022675737,,,44100,1,PCM_16,220672,1.0552373120513703e-05,0.0028988579721214145,8.403377542531879e-06,0.024840554974232654,26.463564791992138,-0.04345703125,0.04541015625,0.04541015625,0.0028988771783417027,15.664739641013972,23.89846361996174,0.5030497752320185,0.21068921607279614,4069.532436163177,2890.8542775831424,7300.105586571925,0.0955825588447845,1652.910654727378,0.8307661166072644,0.2681897070517872
test,498,nips4b_birds_testfile0498.wav,5.00390022675737,,,44100,1,PCM_16,220672,9.129606100909948e-06,0.0016896417502056619,2.8548892440380525e-06,-0.005816148689297575,2.3243707673630665,-0.0126953125,0.01220703125,0.0126953125,0.00168966641493095,7.5135023030677965,17.51684847733682,0.15860643851508122,0.26588903843278,6420.276719459286,1991.6592159704448,7716.780561194895,0.06285726518420066,7704.190382105568,0.8218929205765957,0.03872117794371385
test,499,nips4b_birds_testfile0499.wav,5.00390022675737,,,44100,1,PCM_16,220672,1.048377937617822e-05,0.0010602664681803465,1.124164983547626e-06,-0.06475443035195443,15.92339619227624,-0.02587890625,0.02197265625,0.02587890625,0.00106031829804905,24.406733617269754,27.75019322298867,0.5717172998839907,0.2306782495207798,4811.3357899482535,4212.407392713718,9431.243202581205,0.24089465283449102,9.592517401392112,0.9057050518520673,0.3205430347043782
test,500,nips4b_birds_testfile0500.wav,5.00390022675737,,,44100,1,PCM_16,220672,8.46137026899652e-06,0.0008126382263828429,6.603808869786525e-07,-0.06897866712613696,78.19868399818942,-0.029296875,0.03125,0.03125,0.000812682276025189,38.45291194591207,31.698584669045935,0.7758755075406032,0.2539074006099578,4809.321881377085,4520.465272965141,9516.176950406032,0.26616017804006414,2795.019757830626,0.9029161102721465,0.27968017392899097
test,501,nips4b_birds_testfile0501.wav,3.4017233560090703,,,44100,1,PCM_16,150016,9.377254967803435e-06,0.0008638610192077631,7.462558605066753e-07,-0.047739860996559906,8.61417917117818,-0.0068359375,0.0068359375,0.0068359375,0.0008639119129965778,7.912771426300587,17.96657241165592,0.36651423848122866,0.24800186648001865,5710.026947620111,5042.683738042674,11598.53282316553,0.3313016144859395,4922.504932807167,0.9116632733286297,0.2700137436321806
test,502,nips4b_birds_testfile0502.wav,2.94312925170068,,,44100,1,PCM_16,129792,9.961852425419132e-06,0.0004672657018518187,2.1833723612707272e-07,-0.032089538629636795,0.3967049050878835,-0.00244140625,0.00244140625,0.00244140625,0.0004673718804451318,5.223690923969943,14.359549452685933,0.43216839250493094,0.24097972894884853,5961.5241971775085,5840.788353850615,13613.741216715976,0.38491337491398836,26.502403846153847,0.9232962583254352,0.3583193876741508
test,503,nips4b_birds_testfile0503.wav,2.919909297052154,,,44100,1,PCM_16,128768,-0.0002688527344235369,0.019824215653494306,0.00039299952627624876,-4.733802338044233,2124.549256615186,-1.0,0.9990234375,1.0,0.019826038637838262,50.43871941677177,34.055281035701455,0.9936086605367793,0.4064007082559973,1927.8508423515939,3531.4386408265073,2819.2656560636183,0.1282569078398045,10.274291749502982,0.823007513481369,0.8101329812237069
test,504,nips4b_birds_testfile0504.wav,4.371156462585034,,,44100,1,PCM_16,192768,9.931891087991783e-06,0.0006044763573314321,3.6539166657267715e-07,-0.0343589714230872,1.700588640931234,-0.00439453125,0.00390625,0.00439453125,0.0006045579451411262,7.26899925031033,17.22949248132248,0.37261889940239046,0.21500568043285417,3272.695885361096,4968.5118830243055,8656.976780378485,0.21291343086953662,359.6302290836653,0.8509713237579821,0.6909498791119284
test,505,nips4b_birds_testfile0505.wav,2.8560544217687074,,,44100,1,PCM_16,125952,9.711195782917302e-06,0.0004114175875577221,1.6926443135181593e-07,-0.0008658877867371002,0.36459392568349136,-0.001953125,0.001953125,0.001953125,0.0004115321842521555,4.745983606480882,13.526524674983387,0.4859470274390244,0.25964065390509006,7105.643719046964,6206.910103822446,14699.649866615855,0.44432432681786455,16.106135670731707,0.9331388585213366,0.3020414883997655
test,506,nips4b_birds_testfile0506.wav,2.589024943310658,,,44100,1,PCM_16,114176,9.857485647158773e-06,0.0003812314408446324,1.4533741148847446e-07,-0.002157643071845179,-0.006619380778286388,-0.00146484375,0.00146484375,0.00146484375,0.00038135886185030287,3.8411163251662,11.689149192576158,0.5098094170403588,0.26623166192248743,7262.835792823998,6160.8854790559735,14813.685012612106,0.4503614382874397,12.359865470852016,0.9343794297017813,0.27494872813279053
test,507,nips4b_birds_testfile0507.wav,3.4713832199546486,,,44100,1,PCM_16,153088,8.254545588158445e-06,0.0005427194394609324,2.9454438996878867e-07,0.0028711378800680386,10.177027098720204,-0.0048828125,0.0048828125,0.0048828125,0.0005427822099992369,8.995896346726001,19.08088885455986,0.47938440635451507,0.2595060325174574,6550.457393679933,5795.836089993276,13976.849263168897,0.4004729529084787,11.522784280936456,0.9249589012956215,0.21179287216333922
test,508,nips4b_birds_testfile0508.wav,2.571609977324263,,,44100,1,PCM_16,113408,1.0471042607223476e-05,0.0003892683580433273,1.5152985457374807e-07,-0.0010125084286790695,0.03357797250928085,-0.001953125,0.00146484375,0.001953125,0.0003894091643850083,5.01561128661304,14.00647742000778,0.5017370908577878,0.26473674464539226,7270.571360161024,6111.802711634421,14779.457357505644,0.45188695938303564,13.610150959367946,0.937265941139774,0.26371507912340386
test,509,nips4b_birds_testfile0509.wav,2.507755102040816,,,44100,1,PCM_16,110592,1.007097738760489e-05,0.0003859754116145493,1.4897701837102077e-07,-0.0041345889191498645,0.01263079706807968,-0.00146484375,0.00146484375,0.00146484375,0.00038610677662605507,3.7938825181996303,11.581677566964377,0.5037796585648148,0.26558219023247825,7253.971272435467,6177.553023046747,14824.414062500002,0.45514891556955556,37.483723958333336,0.9353288507573398,0.2752019642178023
test,510,nips4b_birds_testfile0510.wav,2.594829931972789,,,44100,1,PCM_16,114432,1.0821109916806488e-05,0.0003807482234150127,1.4496920963368843e-07,0.004363514479345235,-0.012692407292746122,-0.00146484375,0.00146484375,0.00146484375,0.00038090196383521054,3.8457238058077716,11.699561812709558,0.5098224272930649,0.2677945661577719,7383.25125890601,6143.360231263211,14875.734060402685,0.4573953550827225,19.269085570469798,0.9366205018508843,0.26186411581754654
test,511,nips4b_birds_testfile0511.wav,3.488798185941043,,,44100,1,PCM_16,153856,9.628778289439476e-06,0.00039714852092822,1.577269476754728e-07,0.010573479767112858,0.0801065231289706,-0.001953125,0.001953125,0.001953125,0.0003972652275833111,4.916425763919666,13.832989717462358,0.49307794301164726,0.26522374963439604,7174.881305435252,6042.918864764065,14648.31075811148,0.4441077327974928,12.038529534109816,0.9355895407582553,0.2518792429267849
test,512,nips4b_birds_testfile0512.wav,2.589024943310658,,,44100,1,PCM_16,114176,8.899534764311238e-06,0.0003834777019590198,1.4705514789977083e-07,0.022124684128317428,0.04544166994223975,-0.00146484375,0.001953125,0.001953125,0.0003835809557561376,5.091819525163557,14.137460041758779,0.5086270319506726,0.26871031311583093,7449.155757898736,6140.80394533097,14936.897421524662,0.4591817249747234,27.809697309417036,0.9376850360918253,0.25660727634555053
test,513,nips4b_birds_testfile0513.wav,2.583219954648526,,,44100,1,PCM_16,113920,9.515312280547752e-06,0.0003815286670521994,1.4556412378262802e-07,0.007745843989426775,-0.01425968671859934,-0.00146484375,0.00146484375,0.00146484375,0.00038164730439297533,3.838213274766581,11.682582062917799,0.5084269662921348,0.26852412679184334,7538.658471646609,6173.2390748764465,15062.983672752807,0.4643373078890884,15.871664325842696,0.939155828424289,0.25495653933269574
test,514,nips4b_birds_testfile0514.wav,2.670294784580499,,,44100,1,PCM_16,117760,8.031596308169157e-06,0.0003960112114724664,1.5682487961189053e-07,0.006751917930914486,0.15266148458818396,-0.001953125,0.001953125,0.001953125,0.0003960926484437043,4.93098018272761,13.858665142696005,0.49717221467391304,0.26841260540595624,7328.035618483702,6072.225094324996,14771.028362771738,0.4590302503345917,15.354110054347824,0.9373413592344242,0.25669978804323745
test,515,nips4b_birds_testfile0515.wav,3.813877551020408,,,44100,1,PCM_16,168192,9.04611619458714e-06,0.0004017407252770098,1.613956103460979e-07,-0.004580909882768519,0.14906358367812134,-0.001953125,0.001953125,0.001953125,0.0004018425594238418,4.860423452409752,13.733482154931554,0.4907962328767123,0.26802861032992253,7210.626499332691,6038.72058143761,14674.04216609589,0.44804443954122225,26.74443493150685,0.9374905145933707,0.25642376118434795
test,516,nips4b_birds_testfile0516.wav,2.501950113378685,,,44100,1,PCM_16,110336,9.06322505800464e-06,0.0003801937451543342,1.4454728385447884e-07,-0.0035260975679952326,0.003916469522962096,-0.00146484375,0.001953125,0.001953125,0.00038030175637634235,5.135724374796759,14.212034157458561,0.5111115139211136,0.26782979109076904,7501.998771649145,6178.200440082267,14994.303763051043,0.4609523314366377,13.189711426914153,0.9385667769165512,0.25909746282920765
test,517,nips4b_birds_testfile0517.wav,2.5541950113378684,,,44100,1,PCM_16,112640,9.931217540394177e-06,0.0004010753397561554,1.6086142816051551e-07,0.5539876924705168,56.793268041804545,-0.01171875,0.015625,0.015625,0.00040119827671906836,38.9458302956299,31.80921934207881,0.5017134232954545,0.2667548540026101,7331.94069665631,6184.952696080456,14870.43856534091,0.4556167103566391,40.32581676136364,0.9367314104579307,0.27901917309750446
test,518,nips4b_birds_testfile0518.wav,5.00390022675737,,,44100,1,PCM_16,220672,9.107479086608178e-06,0.0004550831493212688,2.0710067279616425e-07,0.011421955192835004,1.643011653294825,-0.00341796875,0.00390625,0.00390625,0.00045517427318717967,8.58187782153858,18.671646545556662,0.4646262325986079,0.2610855073842961,6520.677652633929,5453.968891913279,13449.109084976797,0.39306965378757824,15.787684889791182,0.9281742804150166,0.19063037040117398
test,519,nips4b_birds_testfile0519.wav,3.732607709750567,,,44100,1,PCM_16,164608,9.631665646566389e-06,0.00047065911242996243,2.2152000011336e-07,-0.021142420910582153,1.9010678887673516,-0.00341796875,0.00390625,0.00390625,0.00047075765431534646,8.29779391623725,18.379252890041332,0.4553241640746501,0.25585789182720053,6379.683829649035,5785.007835886677,13787.411911936235,0.40450124868903964,20.093191096423016,0.9287928149269872,0.27252700036628064
test,520,nips4b_birds_testfile0520.wav,3.779047619047619,,,44100,1,PCM_16,166656,9.11777103734639e-06,0.0004258943528706481,1.813859998071081e-07,-0.01330861822741471,0.6696227537396764,-0.00244140625,0.0029296875,0.0029296875,0.0004259919407169549,6.877330813041355,16.748398305141848,0.4770665322580645,0.2618523296630764,6796.565919817743,5996.821045294807,14353.881048387095,0.4285498197484885,50.27721774193548,0.9339568199112401,0.27992354698855293
test,521,nips4b_birds_testfile0521.wav,3.9648072562358276,,,44100,1,PCM_16,174848,9.492061497700861e-06,0.0004996364855183566,2.496366176611349e-07,0.03407273230911134,8.728425898063302,-0.00537109375,0.00537109375,0.00537109375,0.0004997266421681068,10.748063634744488,20.626604580858228,0.4594905289165447,0.2607880032256773,6397.0574484809695,5196.1950796734845,12911.850864751097,0.3672504909150529,21.943059114202047,0.9213869451445956,0.1766652244830915
test,522,nips4b_birds_testfile0522.wav,3.9183673469387754,,,44100,1,PCM_16,172800,9.064850983796297e-06,0.0004282274133166368,1.8337871751585773e-07,0.00961404572334355,0.528279342433879,-0.00244140625,0.00244140625,0.00244140625,0.0004283233463625538,5.699914026945136,15.117366103257181,0.4727662037037037,0.26268670536287825,6966.303470455245,5926.488319365148,14395.791666666666,0.435660615538646,15.312499999999998,0.936663194845145,0.25177357347757984
test,523,nips4b_birds_testfile0523.wav,4.040272108843538,,,44100,1,PCM_16,178176,9.04346334523168e-06,0.0004510094479164607,2.0340952210991066e-07,0.01303738408013162,1.4024891096980099,-0.0029296875,0.0029296875,0.0029296875,0.00045110010678250473,6.494539584342266,16.25096736355559,0.4707929238505747,0.26346008138066507,6870.7966587733445,5810.725479991124,14242.852572737069,0.4148274580729536,3994.7804418103447,0.9243517762011773,0.22568825281894284
test,524,nips4b_birds_testfile0524.wav,4.423401360544218,,,44100,1,PCM_16,195072,8.855904806943078e-06,0.00045361152682633834,2.0576341726972186e-07,0.005016555911108598,1.5752170606670592,-0.0029296875,0.00244140625,0.0029296875,0.0004536979659637802,6.45735207072514,16.20108931710482,0.47248708169291337,0.2601975690902287,6589.050531071192,5565.373574430935,13665.049827755905,0.40368596032610327,13.112081692913385,0.9301605441010043,0.1979772404355285
test,525,nips4b_birds_testfile0525.wav,2.5483900226757368,,,44100,1,PCM_16,112384,8.263729156285593e-06,0.0003974946198607513,1.5800197281824316e-07,0.019364013931376208,1.6157226887178693,-0.005859375,0.00634765625,0.00634765625,0.0003975805101332454,15.965712825995022,24.063766267700586,0.4936645785876993,0.26985398147406636,6917.256239740488,6209.137558980759,14594.704762243735,0.4354485633116626,22.36706292710706,0.9300752272908186,0.32086886095317774
test,526,nips4b_birds_testfile0526.wav,5.00390022675737,,,44100,1,PCM_16,220672,9.824394349985498e-06,0.0003897286373374848,1.5188841076093276e-07,-0.062112462762427746,4.105093117515453,-0.00830078125,0.00634765625,0.00830078125,0.0003898524457859368,21.2921102322848,26.564374118217515,0.5049349260440835,0.26894335911832545,7345.690828019044,6141.289871206141,14861.807116444314,0.4579809899373933,46.36383410672853,0.941205775253047,0.26221535143361646
test,527,nips4b_birds_testfile0527.wav,2.885079365079365,,,44100,1,PCM_16,127232,1.1229179274867958e-05,0.00038411432324183056,1.475438133195295e-07,0.005622313830304387,0.03006520756873643,-0.001953125,0.001953125,0.001953125,0.00038427842482595436,5.082577823318081,14.121680743658873,0.5077967806841046,0.2664916569075147,7354.521206723179,6193.46755532849,14902.536311619719,0.45460994256372095,16.983934859154928,0.9360294136599572,0.27824355025833386
test,528,nips4b_birds_testfile0528.wav,5.00390022675737,,,44100,1,PCM_16,220672,9.576571789805685e-06,0.0028526947980214742,8.13786761065878e-06,-0.163261267810986,71.12706793733079,-0.09619140625,0.08935546875,0.09619140625,0.002852710872378416,33.719297381792316,30.557570330685387,0.7594891966357309,0.34324401484562994,7182.278559552187,5087.603341439687,13143.747281032482,0.32579049993493187,2055.7963855858466,0.9301531349456025,0.1738254741498953
test,529,nips4b_birds_testfile0529.wav,2.589024943310658,,,44100,1,PCM_16,114176,-0.00010996335290472604,0.004000754970637157,1.600604033507792e-05,0.057316432773032895,0.02847884132094336,-0.0166015625,0.017578125,0.017578125,0.004002265892473909,4.392043275549213,12.853332212809892,0.048311378923766815,0.3270856141887453,6785.801884537132,3487.0065487890843,10856.59683295964,0.17828197977340055,6431.378748598654,0.9176913215242244,0.07675530753760729
test,530,nips4b_birds_testfile0530.wav,5.00390022675737,,,44100,1,PCM_16,220672,1.194637502152516e-05,0.003303878580386046,1.0915613673933716e-05,0.00041462156309083275,0.8701973400921479,-0.01953125,0.021484375,0.021484375,0.0033039001785480555,6.502731268788395,16.261916135382258,0.06508755075406032,0.31223404978452085,6506.190022282241,2570.945942074321,8437.01874274942,0.10016858288838405,6100.841067285382,0.8740024489054048,0.0409153069678785
test,531,nips4b_birds_testfile0531.wav,5.00390022675737,,,44100,1,PCM_16,220672,1.0501480987619635e-05,0.002813497186947057,7.915766420959003e-06,5.576340350061058e-05,0.6737966262750357,-0.0166015625,0.01513671875,0.0166015625,0.002813516785459425,5.900644554814375,15.417989084740405,0.07454955771461717,0.315084446982159,6674.7032069177,2769.335023059463,9073.322397041762,0.11653315720134712,7552.508700696055,0.8870603852509217,0.046743950208721845
test,532,nips4b_birds_testfile0532.wav,5.00390022675737,,,44100,1,PCM_16,220672,9.525679656911615e-06,0.002312859989108338,5.349321329218223e-06,0.005327653764318473,0.6692406530059154,-0.01220703125,0.01318359375,0.01318359375,0.0023128796051224,5.700077825409468,15.11761570613455,0.09091774216937355,0.31609953278863107,6589.675809104357,2761.3984158462245,9054.936738689094,0.12038771537656046,7535.921639356148,0.8878361718373372,0.04687588791053481
test,533,nips4b_birds_testfile0533.wav,3.0127891156462585,,,44100,1,PCM_16,132864,9.3970914337217e-06,0.0022738815860411745,5.170537467337128e-06,0.0015119958544859498,0.5323639902908885,-0.01171875,0.01123046875,0.01171875,0.0022739010032682915,5.15358847335771,14.242194722460402,0.09119851878612717,0.31221634315046326,6604.758291707441,3073.6883125551176,9897.805274566474,0.1465087022181087,7421.362445809248,0.8997256470858878,0.05771449934639698
test,534,nips4b_birds_testfile0534.wav,3.5294331065759637,,,44100,1,PCM_16,155648,1.0267684334202817e-05,0.0023595294488993994,5.567379220223503e-06,0.011380988755578149,0.5784743274838013,-0.01220703125,0.01318359375,0.01318359375,0.002359551789125445,5.587329683018496,14.944085957331943,0.08828895970394737,0.3113455447262074,6671.0429301705235,2944.174332619869,9555.642218338817,0.13537214316789825,7540.02107319079,0.885046445329872,0.05194420875791896
test,535,nips4b_birds_testfile0535.wav,3.825487528344671,,,44100,1,PCM_16,168704,8.853686597531772e-06,0.002250474634481916,5.064636080446514e-06,0.00465806742154192,0.506250609934511,-0.01220703125,0.01220703125,0.01220703125,0.0022504920502443193,5.4241610178870765,14.68665146431104,0.09265340477996965,0.31030864892740495,6578.943170297725,2895.8520470998787,9352.010622154781,0.1319972654277523,7478.523923558422,0.8862035371688717,0.05096581815438438
test,536,nips4b_birds_testfile0536.wav,5.00390022675737,,,44100,1,PCM_16,220672,9.492489135458962e-06,0.0022104732748093924,4.8861920986465596e-06,-0.012531085614679374,0.7172000203560223,-0.01220703125,0.01123046875,0.01220703125,0.0022104936566288867,5.522310011337618,14.84241566806446,0.09635114559164733,0.3103942067602902,6664.594504680141,2719.919078967978,8934.031050609048,0.11822830647042927,7413.41719837587,0.8763881410297685,0.044251481562968105
test,537,nips4b_birds_testfile0537.wav,5.00390022675737,,,44100,1,PCM_16,220672,9.875286482879568e-06,0.002031969366122974,4.128899504862201e-06,0.00017985840946758668,0.867416379668529,-0.01171875,0.01171875,0.01171875,0.0020319933627217686,5.767120215542059,15.219180087355815,0.10241444315545244,0.3144500183531139,6718.324382349121,2906.80300590425,9471.811557424593,0.13425151713990063,7268.730060904872,0.8804617968160354,0.05202010783024828
test,538,nips4b_birds_testfile0538.wav,2.571609977324263,,,44100,1,PCM_16,113408,9.16646780870838e-06,0.0019016605931611035,3.61631301158184e-06,0.002869050537295106,0.14935914283114027,-0.0087890625,0.0087890625,0.0087890625,0.0019016826853378898,4.621729254709161,13.296090010097583,0.10403146162528217,0.31636495101713297,6581.419863334595,3214.688072080523,10148.117416760722,0.15907038827359166,5223.187076749436,0.9069155034005028,0.06597998623354821
test,539,nips4b_birds_testfile0539.wav,4.4117913832199545,,,44100,1,PCM_16,194560,1.0001031975997121e-05,0.004900192321734389,2.4011884789984664e-05,0.021925565623775036,21.91336259333544,-0.0556640625,0.0556640625,0.0556640625,0.004900202527511006,11.359543240812506,21.10721738105149,0.3967413651315789,0.3040671467266999,6639.39208055948,1432.3980505460154,7503.301295230263,0.0371066158210897,6699.999486019737,0.790725903326932,0.010269756552287042
test,540,nips4b_birds_testfile0540.wav,2.56,,,44100,1,PCM_16,112896,8.740933303660005e-06,0.0006795419275025774,4.617772312339182e-07,0.07138536102384968,0.46921198742409675,-0.00341796875,0.00390625,0.00390625,0.0006795981423966204,5.747882103127163,15.190157031670992,0.296077806122449,0.41422560786571594,9955.53086945653,4330.463985640318,13390.234375,0.3059411547009251,15.234375,0.9143268578948205,0.08939420109032503
test,541,nips4b_birds_testfile0541.wav,5.00390022675737,,,44100,1,PCM_16,220672,8.662726099142618e-06,0.0003769997861897339,1.4212883878710508e-07,1.1389539085614901,70.2534566122197,-0.00732421875,0.01953125,0.01953125,0.0003770992994034514,51.79338712879412,34.28548626949629,0.57817031612529,0.21430092762528832,6477.790459267166,5670.523388771215,13480.48461064385,0.403746908700888,18.18581424013921,0.9310105027785732,0.2769591008997536
test,542,nips4b_birds_testfile0542.wav,5.00390022675737,,,44100,1,PCM_16,220672,9.14288230949101e-06,0.0003230055388410991,1.0433257812202877e-07,0.005009839181866646,0.8846519574420375,-0.00341796875,0.00439453125,0.00439453125,0.0003231349105543286,13.599679596553987,22.670573533451808,0.6107707366589327,0.20099605294760073,6632.465637050822,6043.027239308227,14176.941342807424,0.398183988320094,24.780669953596284,0.9187827457028032,0.3320140391332151
test,543,nips4b_birds_testfile0543.wav,5.00390022675737,,,44100,1,PCM_16,220672,9.886349990030452e-06,0.0003474280507818509,1.2070625047007634e-07,-0.011900233882470804,0.7645219802802203,-0.00244140625,0.00244140625,0.00244140625,0.0003475686844153278,7.024241134113906,16.931988239673718,0.5885703668793504,0.2105849885123102,6710.425074914219,5930.323679530964,14058.433784077724,0.38851489435740527,24.18113761600928,0.9163839503862995,0.3132137234905995
test,544,nips4b_birds_testfile0544.wav,5.00390022675737,,,44100,1,PCM_16,220672,9.41504458540277e-06,0.0003215578424508629,1.0339944604165397e-07,0.0008787215468945938,0.15283190724902207,-0.00146484375,0.00146484375,0.00146484375,0.0003216956467007272,4.5535081528869465,13.16692237001342,0.6048343242459396,0.2056908248025341,6664.574849895687,5997.869787507534,14143.367531902551,0.3953001699375346,20.583943590487237,0.9175328309448698,0.31913752821106733
test,545,nips4b_birds_testfile0545.wav,5.00390022675737,,,44100,1,PCM_16,220672,9.983708852958237e-06,0.000306813643848664,9.413461205169486e-08,0.002953689271345232,0.1223949767275645,-0.0009765625,0.00146484375,0.00146484375,0.00030697603570011044,4.771850501812552,13.573736582384797,0.6278458526682135,0.19773780877414793,6740.098170120266,6150.616169376015,14388.776102088166,0.4149983776029414,8.593296838747099,0.9256897756723932,0.3318839017234707
test,546,nips4b_birds_testfile0546.wav,5.00390022675737,,,44100,1,PCM_16,220672,9.319898423905162e-06,0.0004244369759039467,1.8014674651448745e-07,-0.521465294876396,47.86012164174241,-0.01123046875,0.009765625,0.01123046875,0.00042453928795945303,26.453308488783733,28.449599930876076,0.5953632540603249,0.2011637233709912,4862.182023399557,5566.019699272194,12181.697723317864,0.3198368172243947,15.188152552204174,0.9042322963760023,0.4737760158270899
test,547,nips4b_birds_testfile0547.wav,5.00390022675737,,,44100,1,PCM_16,220672,1.0116470938768852e-05,0.0007374710226126571,5.438635091933583e-07,-1.2912105232334696,266.7009985383416,-0.037109375,0.02490234375,0.037109375,0.0007375404071490682,50.31503988160424,34.03395642528445,0.9662893343967517,0.195947813713628,4764.1775387207745,5081.304812355092,11002.217771171692,0.30281896954803295,17.186593677494198,0.9064495773755714,0.3823776996862897
test,548,nips4b_birds_testfile0548.wav,2.513560090702948,,,44100,1,PCM_16,110848,1.0937521143818562e-05,0.0003224657613537654,1.0398416724546357e-07,0.025962926297727677,0.04765918320827378,-0.0009765625,0.00146484375,0.00146484375,0.0003226511996169161,4.5400226366404635,13.14116036526337,0.5995326934180139,0.19670356437251346,6054.968544448642,6133.073467958367,14029.901306293303,0.38830112478873957,11.139578521939953,0.9100704903174637,0.4069044843594347
test,549,nips4b_birds_testfile0549.wav,5.00390022675737,,,44100,1,PCM_16,220672,1.013195984878009e-05,0.0003097683978576608,9.595646031130203e-08,0.0006795787496314585,0.1525609047746319,-0.00244140625,0.001953125,0.00244140625,0.00030993405253646996,7.877179774277044,17.927415142433382,0.623028748549884,0.19755654345156365,6624.133853913709,6220.522466990841,14347.608214907192,0.4121520537339686,19.384878915313223,0.9232650284857078,0.34883566537591404
test,550,nips4b_birds_testfile0550.wav,5.00390022675737,,,44100,1,PCM_16,220672,8.773361170651465e-06,0.0008050323484056237,6.480770819794735e-07,-0.3435820846341879,541.6907662258018,-0.0439453125,0.056640625,0.056640625,0.000805080153677697,70.35401971003661,36.94577832198672,0.9751033207656613,0.21063030484295625,7094.837411486004,4888.59631051735,12265.432406467517,0.34453119225692247,23.38176116589327,0.9297590515923556,0.19049913202065283
test,551,nips4b_birds_testfile0551.wav,5.00390022675737,,,44100,1,PCM_16,220672,9.817756245694968e-06,0.0003556133319366498,1.2646084185108586e-07,0.06591377596327634,3.8794800392997537,-0.00341796875,0.0048828125,0.0048828125,0.0003557488302001649,13.725449208793314,22.750531340340842,0.5881761165893271,0.19744325262494844,5701.090255367684,5778.0615037512825,12980.674485208816,0.3668388686792983,4.996102813225058,0.907283708724496,0.3957932450532838
test,552,nips4b_birds_testfile0552.wav,5.00390022675737,,,44100,1,PCM_16,220672,9.35087624392764e-06,0.0002988781886346314,8.93281716415183e-08,0.013325743254475563,0.18705289636508482,-0.0009765625,0.0009765625,0.0009765625,0.0002990244313230067,3.265828466521237,10.279867404708279,0.6433167778422274,0.192830050165178,6734.470237854053,6301.108282147503,14503.686466792342,0.41975600305743394,22.982072940835266,0.923838283080859,0.3499349639168453
test,553,nips4b_birds_testfile0553.wav,2.4961451247165534,,,44100,1,PCM_16,110080,9.75852788880814e-06,0.0008580889767075849,7.363166919470703e-07,0.0009776749044855732,0.3300060853894444,-0.00390625,0.00390625,0.00390625,0.0008581444638367289,4.551972499519854,13.163992592595942,0.23763626453488373,0.18587559843385204,3269.9361234761736,3852.2673633253144,4508.151344476744,0.166264131242435,748.7545421511628,0.8430754327756271,0.47952039569343285
test,554,nips4b_birds_testfile0554.wav,2.589024943310658,,,44100,1,PCM_16,114176,9.913081010895459e-06,0.0005099016198016433,2.5999966187633953e-07,0.014409521380074975,-0.027207049334807998,-0.001953125,0.00244140625,0.00244140625,0.0005099979716150527,4.787090117767718,13.60143206449526,0.3805002802690583,0.2539435077731552,5607.023300301601,5787.142825457686,13082.531355100895,0.36459486842865096,895.3177550448429,0.9125869209502473,0.4237780844153111
test,555,nips4b_birds_testfile0555.wav,2.9082993197278912,,,44100,1,PCM_16,128256,9.365424424588323e-06,0.0007323264585139697,5.363020418396129e-07,0.0014430982062222598,0.499006485707584,-0.00390625,0.00439453125,0.00439453125,0.0007323863413624435,6.000291105681931,15.5634464160878,0.27782715818363274,0.21032318428131458,4368.058357616342,4816.680962307151,9559.53873502994,0.2595267515045094,3205.997380239521,0.8783410644596265,0.4070124895403347
test,556,nips4b_birds_testfile0556.wav,4.063492063492063,,,44100,1,PCM_16,179200,9.702954973493304e-06,0.0018015470233951234,3.2455716775038296e-06,-0.02196989776092944,0.11366746385760873,-0.0087890625,0.00732421875,0.0087890625,0.001801573152785933,4.878548776334,13.765813029552332,0.1104296875,0.11427519126780841,2138.2776514692773,2085.8720745569653,2515.078125,0.049526358999213003,1851.85546875,0.7784186805751817,0.690399043086897
test,557,nips4b_birds_testfile0557.wav,2.594829931972789,,,44100,1,PCM_16,114432,1.0053050064667225e-05,0.0005148693377319522,2.6509043493653896e-07,-0.0351195330239826,0.23559646807237344,-0.00390625,0.001953125,0.00390625,0.0005149674734894833,7.585430539002331,17.599604716051473,0.3818687080536913,0.27632372346654316,6427.494701244272,5608.426969650977,13241.330222315437,0.41166909131475715,15.41526845637584,0.9322538930025879,0.27946286993904407
test,558,nips4b_birds_testfile0558.wav,2.5309750566893423,,,44100,1,PCM_16,111616,1.0087949420334003e-05,0.0005863881306104651,3.4385103972083585e-07,0.011554895427635733,0.20932927967688642,-0.00341796875,0.005859375,0.005859375,0.000586474898392372,9.99083680488551,19.992037301104762,0.3337693520642202,0.2763248667293823,6111.99904557792,5249.94124216009,12372.701942373855,0.3808884279881349,17.77970900229358,0.9286665345806038,0.2561631247571702
test,559,nips4b_birds_testfile0559.wav,5.00390022675737,,,44100,1,PCM_16,220672,9.428320793983832e-06,0.0013562645840233941,1.83945362187615e-06,-0.07346574625889907,2.5453747344776705,-0.025390625,0.0146484375,0.025390625,0.0013562973549738804,18.720544508094964,25.446369530586455,0.44965378480278423,0.2614661645617231,4478.206703839409,4346.373997723617,9859.1094475058,0.21322796534841984,184.05642763921114,0.8933034396286673,0.3607232857882624
test,560,nips4b_birds_testfile0560.wav,2.5193650793650795,,,44100,1,PCM_16,111104,9.360950663342454e-06,0.0012536529925121773,1.5716458256347373e-06,0.0010734865789410685,0.2908738747628732,-0.00634765625,0.0068359375,0.0068359375,0.001253687940849739,5.452662721926368,14.732172698880753,0.159616215437788,0.26382725938993545,5442.179458983348,3813.787208764299,9741.740171370968,0.23938275089665323,4479.303175403225,0.907625962709006,0.1479569703409034
test,561,nips4b_birds_testfile0561.wav,3.128888888888889,,,44100,1,PCM_16,137984,9.285496869202226e-06,0.0014056758367222996,1.9759245579449373e-06,0.09009327943583821,387.58111591800775,-0.09716796875,0.09912109375,0.09912109375,0.0014057065050703313,70.51336348837675,36.96542862047395,0.9316080125231911,0.24937854663255618,5174.622159993259,3874.5731126057162,8996.164772727272,0.2484112491649999,4963.742897727272,0.9053541739586118,0.18651818337370518
test,562,nips4b_birds_testfile0562.wav,2.7689795918367346,,,44100,1,PCM_16,122112,1.0352464591931997e-05,0.0007264611247077934,5.277457657117122e-07,0.0006847696674206232,0.5819719784247388,-0.0048828125,0.0068359375,0.0068359375,0.0007265348850776813,9.408959762846212,19.470832225764635,0.28071770178197064,0.27199842766007976,5493.184117914683,4903.819777112619,11274.550412735849,0.31879662144448295,1658.3726415094338,0.8827344169268333,0.3304532211642172
test,563,nips4b_birds_testfile0563.wav,3.610702947845805,,,44100,1,PCM_16,159232,9.027707998392283e-06,0.0008343772761361703,6.961854389324149e-07,0.2795725916960221,7.676334489366576,-0.00732421875,0.00927734375,0.00927734375,0.0008344261132323935,11.118232762468923,20.920715236824158,0.2797992865755627,0.23954506346126067,5416.467361609526,4457.591516642323,10280.269669413183,0.26992171793835457,1658.125879220257,0.8713144152191432,0.2827007525366542
test,564,nips4b_birds_testfile0564.wav,2.5309750566893423,,,44100,1,PCM_16,111616,9.45362476033902e-06,0.0006340082249861625,4.019664293501045e-07,-0.022803746188979995,0.04364839090753714,-0.0029296875,0.0029296875,0.0029296875,0.0006340787020324951,4.620384647219802,13.293562641907704,0.30804723337155965,0.24408905613044843,5118.258727433527,5087.170329235663,11338.317983084864,0.3089786693096118,1659.0444022362387,0.8591742486549349,0.411540213207175
test,565,nips4b_birds_testfile0565.wav,5.00390022675737,,,44100,1,PCM_16,220672,9.251304679569678e-06,0.0008194593306966781,6.715135946658475e-07,-0.015130385522003978,0.7023600846663713,-0.005859375,0.0048828125,0.005859375,0.0008195115504397249,7.149838213818997,17.085924294369576,0.24846831496519722,0.22232191814964358,3889.690009139573,4270.326539430591,8354.283280162412,0.19580480643876794,1658.706133990719,0.6662277609235092,0.6022708355485445
test,566,nips4b_birds_testfile0566.wav,5.00390022675737,,,44100,1,PCM_16,220672,9.111904489468532e-06,0.003908353871985234,1.5275229988661967e-05,-0.23248873495998432,2.1421564692560473,-0.02001953125,0.02001953125,0.02001953125,0.003908364493680879,5.12222728519,14.189176904412511,0.05877501450116009,0.03822885653302881,158.51082289183654,917.7867356720435,96.12501812645012,0.006669361596139074,25.7798905162413,0.5333194712289597,0.9885389466850745
test,567,nips4b_birds_testfile0567.wav,3.4017233560090703,,,44100,1,PCM_16,150016,3.619405596736348e-06,0.002641948825433237,6.97989359620806e-06,-0.13529599602750922,0.8198715762540196,-0.01416015625,0.013671875,0.01416015625,0.0026419513046808665,5.359734006040081,14.58286473946927,0.0771117747440273,0.05010832250108323,303.69299754577105,1364.5618479791037,244.87587990614335,0.01482809288161929,96.12774637372014,0.5823628156626881,0.9743534593392172
test,568,nips4b_birds_testfile0568.wav,3.5526530612244898,,,44100,1,PCM_16,156672,1.4760135825163399e-05,0.0027041752008191084,7.312563516725066e-06,-0.16864943299508162,1.9290547321700302,-0.0166015625,0.01318359375,0.0166015625,0.002704215482969995,6.139141871108134,15.762153394523924,0.0808312908496732,0.05214111099054707,310.5508480514333,1404.7197846307931,225.18382352941177,0.015773833743477902,27.866498161764707,0.5889012239137058,0.972333446436826
test,569,nips4b_birds_testfile0569.wav,2.571609977324263,,,44100,1,PCM_16,113408,4.451915319025113e-06,0.0020587971622477537,4.238645755279404e-06,-0.1385604673791945,0.24971272109400156,-0.009765625,0.00732421875,0.009765625,0.002058801975623059,4.7433532295133,13.52170934067142,0.09695083239277652,0.0605165465976527,434.9445456619743,1686.22416353249,349.97531038374717,0.022702259660144032,64.9398631489842,0.6013757719984537,0.9607060600786529
test,570,nips4b_birds_testfile0570.wav,2.501950113378685,,,44100,1,PCM_16,110336,7.921471120033353e-06,0.001984930815624682,3.939950342816466e-06,0.0659624415173843,-0.023402359971691933,-0.00830078125,0.0087890625,0.0087890625,0.0019849466220836194,4.427858362646562,12.923874406261797,0.09480133410672854,0.061802691802238637,512.2923973533382,1839.4857129990235,428.06608903712294,0.027480153457422597,38.370069605568446,0.6299473909569967,0.9529178274023203
test,571,nips4b_birds_testfile0571.wav,5.00390022675737,,,44100,1,PCM_16,220672,3.013035537471904e-05,0.00701260222517623,4.917658996854661e-05,0.6068578857379153,11.52162733820282,-0.046875,0.060546875,0.060546875,0.007012666953938538,8.633929915350526,18.724170380266298,0.24681427639211137,0.03529235830716315,83.99488491278807,583.0771436911087,61.55198665893271,0.002692685474860875,43.366172418793504,0.4909067152584494,0.9952827747024897
test,572,nips4b_birds_testfile0572.wav,5.00390022675737,,,44100,1,PCM_16,220672,2.558325393570548e-05,0.004346233034030978,1.8889741586102122e-05,-0.02069810121951729,4.490469310069898,-0.02685546875,0.0341796875,0.0341796875,0.004346308328798598,7.864073350140789,17.91295111228227,0.1658343604988399,0.03787992078705403,221.20757816391577,1173.91934215994,96.72455046403712,0.010741770985150582,53.55822215777262,0.5171720378823275,0.9821259199861391
test,573,nips4b_birds_testfile0573.wav,5.00390022675737,,,44100,1,PCM_16,220672,2.4007810517419517e-06,0.004330451052973099,1.875280632219582e-05,-0.02177994472886128,2.2871880026795868,-0.02001953125,0.03271484375,0.03271484375,0.004330451718463731,7.554603047648318,17.564232990324147,0.15806717662412992,0.04202183340810528,137.48996094344497,885.804407137457,74.14216574825986,0.0059267634393350395,36.17178436774942,0.4980075189960055,0.9878439053926522
test,574,nips4b_birds_testfile0574.wav,1.6312018140589568,,,44100,1,PCM_16,71936,6.156459821925045e-06,0.0031218235389902033,9.745782208593317e-06,-0.05201017615523665,-0.08157944862577615,-0.01171875,0.01171875,0.01171875,0.0031218296094743633,3.753808332278948,11.489441879512201,0.06026189946619217,0.04800166817265587,360.72199851503825,1574.2646303105398,156.93950177935943,0.016082175121444026,42.30010008896797,0.439469576816901,0.9616985037960363
test,575,nips4b_birds_testfile0575.wav,5.00390022675737,,,44100,1,PCM_16,220672,1.0665220893452727e-05,0.0067512500349423115,4.557937703430856e-05,0.9774056343929262,13.3920768574678,-0.046875,0.0625,0.0625,0.006751258459076002,9.257533299732973,19.329905657992704,0.2277089979698376,0.03579990121039919,200.81982565577658,863.2817603523475,289.97380727958233,0.006325432615207163,21.783008265661252,0.564530710508263,0.988872175918564
test,576,nips4b_birds_testfile0576.wav,5.00390022675737,,,44100,1,PCM_16,220672,9.373003258229408e-06,0.028041814396267094,0.0007863433546346925,0.20456801359809654,20.66219141029601,-0.25048828125,0.31103515625,0.31103515625,0.0280418159627347,11.09183359106773,20.9000669061382,0.38849514211136893,0.02577139723842281,97.36688210376184,229.86539104747675,113.3116118039443,0.00036992318484675165,54.157754495359626,0.5471814073146779,0.9987955844689168
test,577,nips4b_birds_testfile0577.wav,5.00390022675737,,,44100,1,PCM_16,220672,4.43668763764773e-05,0.06488343803858512,0.004209860531706916,-0.11246452060469678,3.8779820008858206,-0.3154296875,0.28759765625,0.3154296875,0.0648834532074753,4.861481192922374,13.73537219967685,0.1627075478538283,0.023809200121447768,335.36958639142057,439.02056175543413,532.9842481148492,0.0004383832660822842,148.48417560904872,0.5823181896529523,0.9895803918554033
test,578,nips4b_birds_testfile0578.wav,3.215963718820862,,,44100,1,PCM_16,141824,2.762901223523522e-05,0.0207853861236083,0.00043203227630748845,0.08198872503314728,0.8205060258925618,-0.087890625,0.0986328125,0.0986328125,0.02078540448655752,4.745291945787655,13.525258735874168,0.09102126579422383,0.021435169189764708,318.93666935628625,399.46614870366113,536.6975970216606,0.0009686237058514507,58.45837093862816,0.6339728515989401,0.9948745587006897
test,579,nips4b_birds_testfile0579.wav,5.00390022675737,,,44100,1,PCM_16,220672,1.1421964782573232e-05,0.01958861763602838,0.00038371394089052195,0.24681958454249867,10.50826854872028,-0.17041015625,0.1513671875,0.17041015625,0.019588620966055813,8.69944630330515,18.78983223611578,0.2553019866589327,0.03039819459738706,69.63330091595147,328.3039451126894,88.33109773781902,0.0008086006954167021,26.77911107888631,0.516693673669408,0.9978006278569748
test,580,nips4b_birds_testfile0580.wav,5.00390022675737,,,44100,1,PCM_16,220672,-8.775573872081642e-06,0.01119156174529441,0.00012525105429873727,-0.5027155436800872,28.01568331525135,-0.14306640625,0.0927734375,0.14306640625,0.011191565185863596,12.783413568524937,22.132936788529605,0.4343595925174014,0.04885553606953338,101.6251712056887,659.744640054354,74.34200986078886,0.003150469886049317,40.76819895591647,0.5072457349183078,0.9913389413110819
test,581,nips4b_birds_testfile0581.wav,5.00390022675737,,,44100,1,PCM_16,220672,7.5807150997861075e-06,0.011358247767796035,0.00012900979235464362,-0.1799054765530871,8.955668129819678,-0.076171875,0.08740234375,0.08740234375,0.01135825029755398,7.695053503867779,17.724232876732028,0.2976363109048724,0.0323558600812975,78.87083512097381,513.8968133294775,67.14762180974478,0.0020846989973084926,13.989087877030162,0.5044993947601966,0.9956880141565255
test,582,nips4b_birds_testfile0582.wav,4.156371882086168,,,44100,1,PCM_16,183296,5.077383371704784e-06,0.011065708623002045,0.00012244990732918182,0.8883849190394904,26.020446835306892,-0.08740234375,0.12060546875,0.12060546875,0.011065709787853815,10.899026909451537,20.747754496939564,0.44649637744413406,0.04139229111541504,254.4498638884616,1260.4480761606787,151.09331354748605,0.012536383150327573,45.95353962988827,0.5460096034974858,0.9756379898462815
test,583,nips4b_birds_testfile0583.wav,5.00390022675737,,,44100,1,PCM_16,220672,-3.04312827692231e-05,0.06513461890187414,0.00424251857949238,0.05289502785577582,6.853183022838341,-0.42822265625,0.4990234375,0.4990234375,0.06513462601071224,7.661415564402398,17.68618039268071,0.423850783062645,0.02959156391188693,70.69527780805872,245.227906571049,95.52548578886311,0.00040280322520581886,24.780669953596284,0.5180882544621682,0.9986359270259375
test,584,nips4b_birds_testfile0584.wav,5.00390022675737,,,44100,1,PCM_16,220672,2.7789317261591863e-05,0.02850545915747242,0.0008125612017783283,0.8948870769511498,18.548491363291554,-0.22509765625,0.3193359375,0.3193359375,0.028505472703052693,11.202618557727051,20.986390975279726,0.5204149144431555,0.03322593362970214,66.41879403276535,316.39408161674515,78.7385803364269,0.0006728971144089273,31.975058004640367,0.504095728842214,0.9978630651085313
test,585,nips4b_birds_testfile0585.wav,5.00390022675737,,,44100,1,PCM_16,220672,9.012332925110572e-06,0.015839271131684905,0.0002508825099830268,0.8363227909544055,15.232124363402267,-0.11474609375,0.17138671875,0.17138671875,0.015839273695633,10.820364749253152,20.684838017477468,0.5834677711716937,0.03810650244028441,83.82401812351118,533.5147457605696,78.1390479988399,0.002303837237651244,30.775993329466356,0.5121376755957482,0.9952768341962341
test,586,nips4b_birds_testfile0586.wav,5.00390022675737,,,44100,1,PCM_16,220672,-1.7967135613036544e-06,0.01656795461083094,0.00027449711998655423,0.3678407966629821,12.68089527045053,-0.1220703125,0.1337890625,0.1337890625,0.016567954708253334,8.07517070488809,18.14303423717074,0.3943001377610209,0.03687842987977578,79.75401496997064,504.72767516350314,75.14138631090486,0.002044870800199966,32.374746229698374,0.5042619065846359,0.9951457904520253
test,587,nips4b_birds_testfile0587.wav,5.00390022675737,,,44100,1,PCM_16,220672,7.618109753956098e-05,0.049649654479281186,0.002465088189912006,0.29251037899678095,36.468197062296625,-0.6806640625,0.5185546875,0.6806640625,0.0496497129243627,13.709325238938165,22.74032159437909,0.6978909875290024,0.03832402082738556,82.44552639497755,408.08350109088514,97.12423868909512,0.0011418433347888987,43.765860643851504,0.5198625985258252,0.9963829691015089
test,588,nips4b_birds_testfile0588.wav,4.864580498866213,,,44100,1,PCM_16,214528,9.493497789332861e-06,0.0005938143762266435,3.526155134134377e-07,0.06495933099046004,5.0333589451908995,-0.0048828125,0.00537109375,0.00537109375,0.0005938902591503869,9.04391622399032,19.127130614317316,0.3701101954057279,0.13888228521351625,2686.7807486604142,3439.331642676545,3197.6035762231504,0.09715222252970396,111.41762380668257,0.7241157619925513,0.41212215538283026
test,589,nips4b_birds_testfile0589.wav,5.00390022675737,,,44100,1,PCM_16,220672,1.0242594920288935e-05,0.0004886969483270973,2.388247073042177e-07,-0.047820825603032954,0.015715328280252017,-0.001953125,0.001953125,0.001953125,0.0004888042737690811,3.99571997384517,12.031900892003957,0.3991806844547564,0.14118755976091105,2580.3402344504693,4885.803772621848,6364.035763486078,0.17391252918159536,55.55666328306264,0.7752617287666779,0.743074965893385
test,590,nips4b_birds_testfile0590.wav,4.580136054421769,,,44100,1,PCM_16,201984,9.292583199659379e-06,0.0006034439342639961,3.6414458180001e-07,-0.03172821343491112,-0.10804396330411725,-0.00244140625,0.0029296875,0.0029296875,0.000603515479422469,4.854370102989818,13.722657687791386,0.3147427519011407,0.12057450379487382,1931.7212069678685,4135.804991616503,3536.794498574144,0.12293647727181038,59.60521625475285,0.6501093515120331,0.7725173751237969
test,591,nips4b_birds_testfile0591.wav,4.12734693877551,,,44100,1,PCM_16,182016,1.1095350134054149e-05,0.0006590006787646989,4.3428189461233397e-07,0.010983178744729311,-0.13816014792611098,-0.0029296875,0.00244140625,0.0029296875,0.0006590940762948269,4.4450217432837125,12.957477794156322,0.2898866033755274,0.11554542208059776,1734.6561731512838,4119.721573996208,3169.8328718354433,0.11677251022157023,30.77037183544304,0.646094813463182,0.8214985824752651
test,592,nips4b_birds_testfile0592.wav,2.5483900226757368,,,44100,1,PCM_16,112384,1.086623902201381e-05,0.0006833651505256598,4.669879289529576e-07,0.0700605236535839,-0.021639224957387793,-0.0029296875,0.0029296875,0.0029296875,0.0006834515374943867,4.28660605657656,12.642271464864876,0.2828961417995444,0.11615635816805032,1614.2175216071548,3710.6126505639927,3160.426751138952,0.0999495564304504,77.30370871298405,0.6791041237684797,0.7896152420866922
test,593,nips4b_birds_testfile0593.wav,5.00390022675737,,,44100,1,PCM_16,220672,1.0514757196200697e-05,0.0006279117916019528,3.9427321803277416e-07,-0.06204251465172183,-0.08497096125067882,-0.00244140625,0.00244140625,0.00244140625,0.0006279998233691386,3.887590663484853,11.793610608888464,0.30453342517401394,0.11010055693770364,1515.4793705005477,3880.965101042052,2177.7012942285382,0.1012006758612927,53.75806627030162,0.6552360858019046,0.8453239908653934
test,594,nips4b_birds_testfile0594.wav,5.00390022675737,,,44100,1,PCM_16,220672,9.333174632486223e-06,0.0006037640945902136,3.645310819163404e-07,0.010069809888884037,0.07095995048631032,-0.0029296875,0.0029296875,0.0029296875,0.0006038362278507815,4.851791536966174,13.718042652257559,0.3255193227958237,0.12626036044609396,2107.1482882862365,4229.022620029402,3631.367368764501,0.13592957415539017,46.76352233178654,0.7127546603556937,0.733399735047865
test,595,nips4b_birds_testfile0595.wav,3.6281179138321997,,,44100,1,PCM_16,160000,9.2437744140625e-06,0.0005971817142825992,3.5662599987350403e-07,0.004740615453786714,0.07450539560400404,-0.00244140625,0.00244140625,0.00244140625,0.0005972532521794436,4.087723660090651,12.22963057543798,0.329575,0.1373008581303633,2537.4826695997453,3927.0459046773144,3595.80375,0.12598748418034075,47.131875,0.7427046109016769,0.5621429079418805
test,596,nips4b_birds_testfile0596.wav,2.9024943310657596,,,44100,1,PCM_16,128000,1.0059356689453125e-05,0.0006013042119626472,3.615667553240201e-07,0.012469050353156411,0.9132451531636363,-0.00341796875,0.00390625,0.00390625,0.0006013883487240385,6.495386896483551,16.252100496952377,0.3390546875,0.13257134821365793,2141.3985907513834,4520.804229110419,4376.58046875,0.1429972800712703,31.35234375,0.7097721246814722,0.7865826120654776
test,597,nips4b_birds_testfile0597.wav,2.5425850340136056,,,44100,1,PCM_16,112128,8.008251451466181e-06,0.0005904319238826672,3.4860985673978773e-07,0.029234193325535066,0.010117273045043618,-0.00244140625,0.00244140625,0.00244140625,0.0005904862308564846,4.134569313256983,12.328605539596902,0.3291149400684932,0.12805122762581717,2047.4830669756846,4258.719582654947,3743.82758989726,0.1338426146784135,25.957833904109588,0.6911966729791598,0.762946467110368
test,598,nips4b_birds_testfile0598.wav,2.5193650793650795,,,44100,1,PCM_16,111104,8.539120722476238e-06,0.0005368479810277528,2.8820575473357443e-07,0.029636135072803955,0.1026763531847874,-0.00244140625,0.0029296875,0.0029296875,0.0005369158884930557,5.456511090075315,14.73830084441973,0.3673405097926267,0.13763804757747317,2428.6663335517924,4669.235323572913,5319.197328629032,0.16232919965005982,21.433971774193548,0.7539742847103288,0.7344873499212196
test,599,nips4b_birds_testfile0599.wav,5.00390022675737,,,44100,1,PCM_16,220672,9.078713968015878e-06,0.0006968656593532377,4.856217471858227e-07,-0.01893108759245047,0.2585514564482314,-0.00341796875,0.0029296875,0.00341796875,0.0006969247952491974,4.9043580789486,13.81164343099911,0.28780271171693733,0.11462312673618191,1511.0563823765547,3650.3561943059635,3224.4847556554523,0.09288753689734443,46.96336644431554,0.6416409692766992,0.8091416849975195
test,600,nips4b_birds_testfile0600.wav,5.00390022675737,,,44100,1,PCM_16,220672,9.410619182542417e-06,0.0005680526905759337,3.2268385927055746e-07,-0.016465409806205557,-0.006857645632927678,-0.00244140625,0.00244140625,0.00244140625,0.0005681306355266862,4.297262103700307,12.66383686990439,0.3402742531902552,0.12852164534533309,2209.1187262299527,4369.908783752126,3946.7213783352663,0.140439829562216,40.76819895591647,0.7506213530333814,0.7343075141513673
test,601,nips4b_birds_testfile0601.wav,5.00390022675737,,,44100,1,PCM_16,220672,1.0362080797518488e-05,0.0005449935977817626,2.9701802162310964e-07,0.048125722172230136,-0.04920988564887452,-0.001953125,0.001953125,0.001953125,0.0005450920971189768,3.5831101025368435,11.085203069208468,0.35459868039443154,0.13346565701881988,2301.745267346718,4703.804644060978,5478.726344982598,0.15385812664129947,43.1663283062645,0.7293838991833063,0.7773612037296841
test,602,nips4b_birds_testfile0602.wav,3.4946031746031747,,,44100,1,PCM_16,154112,4.470546380229963e-06,0.0035736619188736695,1.2771059510407837e-05,0.13214751566158597,2.7677060827860664,-0.0205078125,0.03173828125,0.03173828125,0.0035736647151338604,8.8811580771956,18.969392004182062,0.22946947674418605,0.044571769698464096,391.47553693704515,1166.6951706163077,708.5210755813953,0.011019349315909865,61.237281976744185,0.5720573985119275,0.95730055675744
test,603,nips4b_birds_testfile0603.wav,5.00390022675737,,,44100,1,PCM_16,220672,8.127252353039805e-06,0.0013282421946024738,1.7642273275223958e-06,0.13082294810430042,0.5346056882311729,-0.0048828125,0.005859375,0.005859375,0.001328267058897873,4.411292865202729,12.891317829879355,0.16643706496519722,0.06980527572721382,501.0967491610446,2133.369526114504,222.02680901972155,0.02934917354972152,56.15619562064965,0.4884873243508292,0.9611184075945559
test,604,nips4b_birds_testfile0604.wav,3.813877551020408,,,44100,1,PCM_16,168192,8.793544914443018e-06,0.0005156545472905222,2.6589961214139334e-07,-0.01715539731746786,0.03029834320322422,-0.00244140625,0.001953125,0.00244140625,0.0005157295207505148,4.733888892858308,13.504361211342486,0.3785376236681887,0.13774815537097704,2280.033487679869,4688.817216114392,5210.445205479452,0.15254721570016105,46.93386130136986,0.741631378689467,0.7782928390471787
test,605,nips4b_birds_testfile0605.wav,3.0708390022675736,,,44100,1,PCM_16,135424,1.0654471096334475e-05,0.0005360257588711034,2.873236141733423e-07,0.020418449201907034,0.11155390463779691,-0.00244140625,0.00244140625,0.00244140625,0.0005361316367532184,4.5537440483553855,13.167372332737667,0.36511991965973534,0.134497094289744,2269.8156084039742,4639.404214564104,4986.910739603025,0.15119826105094986,43.96192698487713,0.7374554795926037,0.7729240991116323
test,606,nips4b_birds_testfile0606.wav,3.564263038548753,,,44100,1,PCM_16,157184,8.492982348712337e-06,0.0005169513357499114,2.672386835336176e-07,0.0020356732477893537,-0.05756109131153675,-0.001953125,0.00244140625,0.00244140625,0.0005170210965548632,4.722063115544324,13.482635752056343,0.3732631820032573,0.1367832399178028,2376.349761657407,4693.246400066588,5250.173681799673,0.15862699606085975,46.573442589576544,0.7523953327209989,0.7522384562835398
test,607,nips4b_birds_testfile0607.wav,5.00390022675737,,,44100,1,PCM_16,220672,9.165009323792778e-06,0.0005219156274515979,2.7239592217819515e-07,-0.03072616303537903,0.05829532659241954,-0.00244140625,0.00244140625,0.00244140625,0.0005219960915314408,4.677058486850662,13.399456016334241,0.375009063225058,0.13852295951892182,2443.5432753540426,4566.334200507367,4775.27506888051,0.16107503973953535,17.186593677494198,0.7721216480669157,0.7047130782843283
test,608,nips4b_birds_testfile0608.wav,5.00390022675737,,,44100,1,PCM_16,220672,9.162796622362602e-06,0.0006767332768807092,4.579679280377027e-07,0.04485419960474728,0.6868355210663464,-0.00439453125,0.00390625,0.00439453125,0.0006767953050070941,6.493146771982906,16.249104396718476,0.30516785092807425,0.12824068409532743,2440.409312101153,3646.757397343293,4500.2895700406025,0.11230455687714674,41.96726363109048,0.7748716811811736,0.5716160081451216
test,609,nips4b_birds_testfile0609.wav,4.765895691609978,,,44100,1,PCM_16,210176,9.541389567552908e-06,0.0006401126544452796,4.097442103809819e-07,-0.025175770280966188,0.19110940344988991,-0.00341796875,0.00390625,0.00390625,0.0006401837615059145,6.101763641756963,15.709107615558155,0.30785627283800243,0.12481979302961818,1949.0805998370154,4064.178936812049,4374.833472898903,0.121544758567508,91.06367996345918,0.7309767299278381,0.7657263340111625
test,610,nips4b_birds_testfile0610.wav,2.5541950113378684,,,44100,1,PCM_16,112640,9.398026899857955e-06,0.000939261847412985,8.822128180056534e-07,-0.03301669245229687,0.17614779333540342,-0.00439453125,0.00390625,0.00439453125,0.0009393088634284592,4.67847309984923,13.402082734520352,0.20996981534090908,0.08975576842834188,950.6911505131054,2823.768039020983,852.71484375,0.05658748741953751,39.93430397727273,0.6330531163631818,0.8783245768659805
test,611,nips4b_birds_testfile0611.wav,4.3769614512471655,,,44100,1,PCM_16,193024,6.483467567504559e-06,0.0011954753816182907,1.4291613880553978e-06,-0.06937682464486589,0.17966756561944752,-0.00634765625,0.0048828125,0.00634765625,0.0011954929625083942,5.309655890136978,14.501327521978858,0.16741441478779842,0.07652973997917346,850.124074731334,2356.671577505698,1306.842672413793,0.04283505442628812,59.40193965517241,0.679742712752972,0.9206961739996337
test,612,nips4b_birds_testfile0612.wav,5.00390022675737,,,44100,1,PCM_16,220672,9.151733115211717e-06,0.0024578146008098437,6.0408526119540515e-06,0.009752976912387405,1.93104216572031,-0.0185546875,0.01513671875,0.0185546875,0.002457831639102456,7.549210126848131,17.558030276301306,0.1027316560324826,0.05574361832773676,553.6965147494413,1154.4601105919871,1038.989541038283,0.011495400523161904,69.7455952726218,0.6062293382632825,0.9681400521300082
test,613,nips4b_birds_testfile0613.wav,2.5658049886621317,,,44100,1,PCM_16,113152,3.5644116984233598e-06,0.0012565157805217945,1.5788319067002944e-06,-0.07291689777817198,0.13699975700308054,-0.005859375,0.00537109375,0.005859375,0.001256520836170674,4.663173766267826,13.373631981940711,0.15710725395927602,0.07471431980274147,599.9773245302192,2235.412487041749,383.89511453619906,0.035401164607124516,58.071443721719454,0.6353564965778145,0.948516510709335
test,614,nips4b_birds_testfile0614.wav,5.00390022675737,,,44100,1,PCM_16,220672,8.587494250516603e-06,0.0007441879940691602,5.538157705166804e-07,-0.06783744187454094,11.152081477366577,-0.00732421875,0.0078125,0.0078125,0.0007442375397507056,10.497320522983728,20.421569161233357,0.3470762035962877,0.14090206687784076,2886.7635082064144,2725.2755243264955,4063.830028277262,0.0772569005266348,66.54808947215777,0.7987080654624603,0.25827457769546763
test,615,nips4b_birds_testfile0615.wav,5.00390022675737,,,44100,1,PCM_16,220672,1.0116470938768852e-05,0.0007676176480249965,5.892368535594274e-07,-0.012925714204567541,-0.008280809614257478,-0.0029296875,0.0029296875,0.0029296875,0.0007676843078659889,3.8162659702449226,11.632772694773642,0.2535165313225058,0.09415827181641448,967.2606100444183,3161.246871370164,390.2955517691415,0.06137853378468643,116.50911760440835,0.6386078915668654,0.915615062827842
test,616,nips4b_birds_testfile0616.wav,2.5251700680272107,,,44100,1,PCM_16,111360,1.0505763963721264e-05,0.0006005215966980753,3.6062618810080577e-07,0.03971091501327498,-0.006298589007266653,-0.00244140625,0.00244140625,0.00244140625,0.0006006134856771592,4.064854200280645,12.180899455432447,0.32501795977011494,0.1206997189270737,1643.472969285936,4112.0609773339875,2127.381465517241,0.10915073458833753,34.45312499999999,0.6686106622174576,0.8473940282914202
test,617,nips4b_birds_testfile0617.wav,1.0274829931972789,,,44100,1,PCM_16,45312,-1.0161750060690325e-05,0.004820267583407259,2.3234979575646853e-05,-0.067126353871071,-1.139924748385523,-0.01123046875,0.01123046875,0.01123046875,0.004820278294539761,2.329838250775162,7.346515422802029,0.025534074858757062,0.012226611639557723,115.05293886305995,523.5578748331588,81.75317796610169,0.001994680074626631,80.77992584745763,0.15475157250999572,0.9962571666257724
test,618,nips4b_birds_testfile0618.wav,3.355283446712018,,,44100,1,PCM_16,147968,8.705165559445285e-06,0.0011807110849093728,1.3940786660278683e-06,0.0998602107930066,0.197696104128128,-0.0048828125,0.0048828125,0.0048828125,0.001180743175265174,4.135372198025541,12.330292073535304,0.17013813797577854,0.07701041448431069,843.9736713199676,2369.934753734146,1609.1039954584776,0.04286686340787894,46.195799091695505,0.6315942628394697,0.8874688242853264
test,619,nips4b_birds_testfile0619.wav,3.74421768707483,,,44100,1,PCM_16,165120,9.862027427022772e-06,0.0017459474041714074,3.0483323381328756e-06,0.060816819628972056,1.5676677453647114,-0.009765625,0.01123046875,0.01123046875,0.0017459752569031002,6.432203838856165,16.167195978140306,0.13178900193798448,0.06212489174474167,738.9554765729656,1980.8632646366443,1355.15625,0.030899312246515685,67.83793604651163,0.6017343937498524,0.9100167039182419
test,620,nips4b_birds_testfile0620.wav,2.705124716553288,,,44100,1,PCM_16,119296,7.527068960820145e-06,0.001022288186744369,1.0450731367570898e-06,-0.01736240471987592,0.4631259513259689,-0.005859375,0.00537109375,0.005859375,0.0010223158971297622,5.731472059126428,15.16532359135292,0.1973326850858369,0.08171339955572321,844.0407955980613,2699.5925467917737,861.697793723176,0.05088093215033037,49.905277628755364,0.6170071236686059,0.9313512624477747
test,621,nips4b_birds_testfile0621.wav,3.3901133786848074,,,44100,1,PCM_16,149504,6.665922191045056e-06,0.0011111789519536522,1.234718663264817e-06,0.06320306036826685,0.2509063380572698,-0.00537109375,0.005859375,0.005859375,0.0011111989460863766,5.2730206599246845,14.441189458389987,0.17823603381849315,0.07887467141127603,1287.4125978748498,2745.365200019091,3514.0417647688355,0.0460802401807737,48.67093857020548,0.5990641494009026,0.7646781788556527
test,622,nips4b_birds_testfile0622.wav,2.9082993197278912,,,44100,1,PCM_16,128256,9.380652756986028e-06,0.000987912709829253,9.759715222421778e-07,-0.02838734735956745,0.9533608654622667,-0.00537109375,0.00537109375,0.00537109375,0.0009879572454758988,5.436564967356199,14.706491645005313,0.2122005988023952,0.09479552454095357,1303.139159291375,3032.8293330613506,2715.332616017964,0.06860885464241305,49.85731661676647,0.6812432394779041,0.7764502063355387
test,623,nips4b_birds_testfile0623.wav,2.589024943310658,,,44100,1,PCM_16,114176,7.967243280111407e-06,0.0011027198815883406,1.215991137250204e-06,-0.04324881682883917,0.06309557234592189,-0.005859375,0.00439453125,0.005859375,0.0011027486632119252,5.313427434075203,14.507495075181474,0.17501926849775784,0.07245894460258376,680.6708299784068,2500.3492651782863,334.8751051008968,0.04293287991873247,21.62976457399103,0.6189928042309741,0.9361584003205627
test,624,nips4b_birds_testfile0624.wav,2.5425850340136056,,,44100,1,PCM_16,112128,3.2921359963613014e-06,0.0014210045215773558,2.0192538503432897e-06,0.08903635674612281,0.059598100923969444,-0.00537109375,0.005859375,0.005859375,0.001421008335127809,4.123392421532132,12.305093367848745,0.13918022260273974,0.07108011451300757,603.5832100495002,2127.9107829012005,422.7980522260274,0.03499211392345298,45.229559075342465,0.6278016232776933,0.9396586038781424
test,625,nips4b_birds_testfile0625.wav,5.00390022675737,,,44100,1,PCM_16,220672,8.071934817285383e-06,0.002741006204211645,7.513115011526729e-06,-0.4538698290181529,0.5655653817330077,-0.0126953125,0.01025390625,0.0126953125,0.0027410180896262656,4.631604785115077,13.314629878953719,0.0777171548723898,0.035759116512817726,281.9607489515972,1224.0167865372307,166.6699898491879,0.011509488183077517,82.73546258700695,0.5000739555811032,0.9818066841506876
test,626,nips4b_birds_testfile0626.wav,3.0998639455782313,,,44100,1,PCM_16,136704,5.925639291827599e-06,0.001998319918638209,3.993282497226218e-06,-0.08676793321193349,0.8900374478445223,-0.0126953125,0.0107421875,0.0126953125,0.001998328704299479,6.352965091621593,16.0595293794653,0.10366924157303371,0.05794313219168563,551.0708208045222,1748.946408847753,915.5240519662921,0.024292295210234825,77.74534761235955,0.635762766123485,0.9632531214765147
test,627,nips4b_birds_testfile0627.wav,2.501950113378685,,,44100,1,PCM_16,110336,1.231147075750435e-05,0.0013923355936719724,1.9385984054058838e-06,0.0194081042552581,0.03477313495260459,-0.005859375,0.00634765625,0.00634765625,0.0013923900235631166,4.558820547820639,13.177049941757389,0.1427639211136891,0.070875062310237,603.7314837375106,2240.716485713456,391.6944605568445,0.03485816877651101,31.17568155452436,0.6184166777930292,0.9479799615707609
test,628,nips4b_birds_testfile0628.wav,2.583219954648526,,,44100,1,PCM_16,113920,1.2601359506671349e-05,0.001452738233263744,2.110448374386264e-06,0.015819755314369455,0.04178683751350576,-0.005859375,0.00634765625,0.00634765625,0.0014527928856680433,4.36927817627709,12.808193911249148,0.13426966292134832,0.1049693203065336,1041.7096121737745,3295.7829796258666,690.6109550561797,0.054398866983732745,32.904669943820224,0.6613479295967348,0.9107450816335634
test,629,nips4b_birds_testfile0629.wav,2.2233106575963717,,,44100,1,PCM_16,98048,1.4596446064682604e-05,0.0019259740568459893,3.709376067643798e-06,0.007358599424023881,0.10543685384070489,-0.00830078125,0.00830078125,0.00830078125,0.001926029367346593,4.309789554992936,12.689121285643097,0.10134831919060053,0.08190969637010821,773.512813324184,2396.9179298766135,601.8052382506527,0.032200173029408766,31.484578981723235,0.6679782835146606,0.8940630563008231
test,630,nips4b_birds_testfile0630.wav,5.00390022675737,,,44100,1,PCM_16,220672,9.395130272531177e-06,0.002019626907599866,4.0788928459013974e-06,0.07486687413918763,0.6411653966064157,-0.0087890625,0.01123046875,0.01123046875,0.002019648760149704,5.560604879220462,14.902440728832541,0.10362438370069606,0.06449420177549384,693.4180535014118,2141.881907900638,553.9678799303944,0.02935214414568202,31.375525667053363,0.6868778420310921,0.9053835940401223
test,631,nips4b_birds_testfile0631.wav,4.266666666666667,,,44100,1,PCM_16,188160,7.559328663105867e-06,0.00211593010136366,4.477160193856828e-06,0.030015008387065854,0.24570417708385328,-0.01123046875,0.00927734375,0.01123046875,0.0021159436044721667,5.307546347768328,14.497875906001038,0.09646045918367346,0.06698058556858827,393.62029907561947,1781.8399345582905,245.625,0.01745577928469842,58.828125,0.6148436644726125,0.9723946251326814
test,632,nips4b_birds_testfile0632.wav,2.56,,,44100,1,PCM_16,112896,9.476192413814484e-06,0.0019381158784858405,3.7562931584389417e-06,0.011607616738365885,0.061792282913394114,-0.00830078125,0.00732421875,0.00830078125,0.0019381390447183104,4.2828615793179265,12.634680767362397,0.10066787131519274,0.06722175472784446,647.4126256323507,2151.3402212337364,455.859375,0.027454112459312133,53.515625,0.6476098256317584,0.9126383379433519
test,633,nips4b_birds_testfile0633.wav,5.00390022675737,,,44100,1,PCM_16,220672,9.437171599704538e-06,0.0021191408915816846,4.490758118373617e-06,0.04424359795783079,0.16504872401055648,-0.00830078125,0.00927734375,0.00927734375,0.002119161904758912,4.377836223445818,12.825190208209847,0.09490556119489559,0.06584009679568226,378.0068255892485,1848.6697573831575,176.86203958816705,0.017645985517993838,74.34200986078886,0.5993605658634201,0.9754901124236244
test,634,nips4b_birds_testfile0634.wav,3.2914285714285714,,,44100,1,PCM_16,145152,1.086885966951885e-05,0.0017082494767891093,2.918116274950266e-06,-0.004235591027304755,0.08143955562452909,-0.0078125,0.0087890625,0.0087890625,0.0017082840533883062,5.144965488946221,14.227649319537594,0.11068397266313933,0.076038056920035,548.3182358542626,2313.9246524577343,283.4635416666667,0.029238766155712942,44.35763888888889,0.6181013393924482,0.9598040261747833
test,635,nips4b_birds_testfile0635.wav,2.536780045351474,,,44100,1,PCM_16,111872,7.03580319472254e-06,0.0016295059631505524,2.6552896839432095e-06,-0.04529332326674477,0.20497053107620156,-0.0087890625,0.00634765625,0.0087890625,0.001629521152507633,5.393647383143638,14.637651009335277,0.11901101258581236,0.08623325079779388,722.7541637847964,2569.8763936289083,517.1910755148741,0.0371152419265197,48.48666332951945,0.6394565424745253,0.9276638433369934
test,636,nips4b_birds_testfile0636.wav,3.5700680272108842,,,44100,1,PCM_16,157440,7.548758654090447e-06,0.002543765910308854,6.470745006449431e-06,0.3389966050797742,0.2093187825454632,-0.00927734375,0.01220703125,0.01220703125,0.0025437771109526573,4.7987817790484035,13.622620023403888,0.07705792682926829,0.055996290626845954,395.70102354763526,1596.567174293518,185.15053353658536,0.014636902605015515,87.11318597560975,0.4695983448135655,0.9540269729367643
test,637,nips4b_birds_testfile0637.wav,3.6165079365079364,,,44100,1,PCM_16,159488,8.58153807026234e-06,0.0018174351175764343,3.3030704066000676e-06,0.0989408549710973,3.0880211091768555,-0.01123046875,0.0146484375,0.0146484375,0.0018174553775528353,8.059860880724239,18.126550912391583,0.12696880016051365,0.0787148795826619,1095.5563080931092,2177.8088456904293,2661.6836376404494,0.03403897207517244,46.17714185393258,0.6963833502050685,0.7586829602760446
test,638,nips4b_birds_testfile0638.wav,5.00390022675737,,,44100,1,PCM_16,220672,9.160583920932425e-06,0.001961004117364034,3.845537148318694e-06,0.02550665925421961,5.730421519658238,-0.0185546875,0.01904296875,0.01904296875,0.001961025513504724,9.71071952856269,19.745028214446364,0.12232634860788863,0.0893230193364783,1836.894140832024,2036.7705712436264,3458.302367314385,0.026970548280472424,51.5597810324826,0.7373152735046173,0.48916465976584983
test,639,nips4b_birds_testfile0639.wav,3.1579138321995464,,,44100,1,PCM_16,139264,9.578817030962776e-06,0.0015894313224897323,2.5262919289114593e-06,0.055371321822154006,0.3745425831932234,-0.0087890625,0.00830078125,0.0087890625,0.0015894601859270246,5.529589591370566,14.853857979376478,0.12245806525735294,0.08427938504843353,762.91091512549,2342.5486345857194,577.9131721047794,0.04292980481629479,45.916389016544116,0.6587196626114228,0.9099999390089868
test,640,nips4b_birds_testfile0640.wav,3.74421768707483,,,44100,1,PCM_16,165120,1.0462324748667635e-05,0.0018159099821431367,3.297529063247087e-06,-0.042606698116816014,2.0043687532705627,-0.01318359375,0.0126953125,0.01318359375,0.0018159401211180488,7.25992756957374,17.218645757551844,0.11389292635658915,0.0730140080790218,1019.4527839023104,2233.5781614031125,2962.701671511628,0.03999412362087387,63.030523255813954,0.694483297164579,0.8111408714937246
test,641,nips4b_birds_testfile0641.wav,2.513560090702948,,,44100,1,PCM_16,110848,8.682180497167293e-06,0.0007054422611168329,4.9764878376963e-07,0.026015300550826365,0.5058186345071647,-0.00390625,0.00390625,0.00390625,0.0007054956867535161,5.536887146646374,14.865313435424795,0.2824949480369515,0.41495935839490466,9812.882413718433,4181.071993154601,13063.94071160508,0.2964725014781048,17.505051963048498,0.9122382136399281,0.08948014648941953
test,642,nips4b_birds_testfile0642.wav,2.5658049886621317,,,44100,1,PCM_16,113152,-7.284173059247738e-06,0.0018571316194425577,3.448937851933337e-06,-0.17403479256568297,0.6948848481206018,-0.01123046875,0.0078125,0.01123046875,0.0018571459046371381,6.0471655576217564,15.631037175252017,0.10713906957013575,0.09575699728681143,744.8499113310036,2588.71208688682,365.5772765837104,0.04818424754568438,35.46645220588235,0.6108646336687747,0.926315393835924
test,643,nips4b_birds_testfile0643.wav,2.501950113378685,,,44100,1,PCM_16,110336,1.314344649525087e-06,0.002056764286369356,4.2302793296844465e-06,0.18100465151680992,0.14387123366050236,-0.0078125,0.00927734375,0.00927734375,0.00205676470632552,4.510649040927141,13.084780747149502,0.0949100928074246,0.08700774912765669,676.911211433772,2469.663264905809,278.1830046403712,0.043594120068808084,28.377863979118327,0.5935444916480239,0.9317914971871257
test,644,nips4b_birds_testfile0644.wav,2.583219954648526,,,44100,1,PCM_16,113920,1.3300006309252106e-05,0.0019658097244038626,3.8644078725607896e-06,-0.008219452186681034,0.16450001582568552,-0.00830078125,0.0087890625,0.0087890625,0.0019658547155699518,4.470860654344858,13.007822683908707,0.10310744382022471,0.08924762331130014,633.0112247909497,2389.0632250894196,234.203827247191,0.04011458545470705,54.97015449438202,0.5905887990669265,0.9376562432333624
test,645,nips4b_birds_testfile0645.wav,1.3119274376417234,,,44100,1,PCM_16,57856,-8.57462925193584e-06,0.0018914321577300222,3.5775156072952478e-06,-0.15181594882216332,0.28348894443408224,-0.0087890625,0.0068359375,0.0087890625,0.0018914515937665589,4.6467287500061385,13.342946430796198,0.10299709623893805,0.09433929651715496,820.6479676514568,2734.530451838059,432.9507743362832,0.05344432714267701,35.82515210176991,0.5906729609743346,0.9180679667405091
test,646,nips4b_birds_testfile0646.wav,2.066575963718821,,,44100,1,PCM_16,91136,7.886565133426967e-06,0.0023030103103483094,5.303856489570616e-06,0.053205961164675,-0.1287552813624293,-0.00830078125,0.0087890625,0.0087890625,0.0023030238139194782,3.816314206947795,11.632882481678708,0.08287614115168539,0.07912437592582433,513.2029598132727,2149.0521445029494,159.20053546348313,0.032515671537645445,14.032873946629213,0.5458137006115595,0.9490446437540399
test,647,nips4b_birds_testfile0647.wav,3.0998639455782313,,,44100,1,PCM_16,136704,1.20120102100158e-05,0.0019189237990590577,3.6822685465952472e-06,-0.04253348247359763,0.7179050257583492,-0.00927734375,0.00927734375,0.00927734375,0.001918961394865601,4.834565080268204,13.687148216838125,0.1055784761235955,0.1080371315918451,987.1879644184933,2955.926115654884,656.4804248595506,0.0636734205109447,29.033532303370784,0.6333922217937561,0.895244251205992
test,648,nips4b_birds_testfile0648.wav,2.5483900226757368,,,44100,1,PCM_16,112384,1.4337700428886673e-07,0.0018517823514715153,3.4290978772213743e-06,-0.28733669155947483,2.259746404228361,-0.01416015625,0.01025390625,0.01416015625,0.001851782357022104,7.646771336978979,17.66956207166658,0.10824494589977221,0.11095094453787495,1036.4913813167511,3004.323180958298,820.9104498861047,0.06762677855168038,26.2911090546697,0.6286322993407581,0.888219001472619
test,649,nips4b_birds_testfile0649.wav,2.583219954648526,,,44100,1,PCM_16,113920,-1.6373195005266855e-06,0.0018243254370840347,3.3281633003918544e-06,-0.11642944265027329,0.44737241902453073,-0.00927734375,0.00830078125,0.00927734375,0.0018243261718253678,5.085353646336915,14.126423201466999,0.108031952247191,0.10718141837621468,881.7779877369582,2746.2249161651553,509.0545997191011,0.05647441621896826,34.453125,0.6134600195147246,0.9022495284467834
test,650,nips4b_birds_testfile0650.wav,4.974875283446712,,,44100,1,PCM_16,219392,5.742076397498541e-06,0.0009706308477966515,9.421242426944463e-07,-0.17904651123871954,1.2124633119467703,-0.00634765625,0.00439453125,0.00634765625,0.0009706478321903372,6.5396079190493355,16.311034221232315,0.21085545507584597,0.10671358442233272,841.2354295694226,2850.4874866500663,499.51000948074676,0.055758998218066014,15.477774941656943,0.6229300560707425,0.917582255052439
test,651,nips4b_birds_testfile0651.wav,5.00390022675737,,,44100,1,PCM_16,220672,1.3063789243764502e-05,0.00295835624095277,8.751871648384203e-06,0.032649281542755204,3.2346546198635107,-0.0166015625,0.02197265625,0.02197265625,0.0029583850849701104,7.427246831939054,17.41655714390452,0.10824662848027843,0.0570940449809898,155.42586290806165,1012.0482982408259,87.93140951276101,0.007258718697429262,34.573031467517396,0.5302221502115692,0.988452485448339
test,652,nips4b_birds_testfile0652.wav,2.995374149659864,,,44100,1,PCM_16,132096,5.651814068934714e-06,0.0010470257276774977,1.0962628744185935e-06,0.017374938618506613,1.4617638743640855,-0.005859375,0.00634765625,0.00634765625,0.001047040981729399,6.062471632691557,15.652994389585878,0.20672086967054262,0.10824785192475113,1338.265969221344,3462.865606693172,1604.807867005814,0.08891871357715675,32.04941860465116,0.6914559134577147,0.8647422184901901
test,653,nips4b_birds_testfile0653.wav,4.214421768707483,,,44100,1,PCM_16,185856,7.963049181893509e-06,0.0010803492257051666,1.167154449481753e-06,0.036884115293552885,0.7738552947620803,-0.00537109375,0.00537109375,0.00537109375,0.001080378572368976,4.971492296651769,13.929735416202762,0.1942633006198347,0.10317182749993274,934.000451738128,2987.7112523086766,623.8103693181818,0.06260212989320323,14.236828512396693,0.6254089368946149,0.9002498932214739
test,654,nips4b_birds_testfile0654.wav,5.00390022675737,,,44100,1,PCM_16,220672,1.0587776343396535e-05,0.0011952443752780433,1.4286091166337998e-06,0.03969038831045607,2.0949455900449028,-0.0068359375,0.00830078125,0.00830078125,0.0011952912689556876,6.944567793298028,16.832904437537046,0.1865528929814385,0.09627001282452158,945.4119301394094,2905.7293072550883,829.3530669953595,0.06168758807597885,14.588620214617169,0.6534788532783165,0.8940365175241212
test,655,nips4b_birds_testfile0655.wav,5.00390022675737,,,44100,1,PCM_16,220672,7.735604199898492e-06,0.0014672015563733972,2.152680407024519e-06,-0.04586383483370904,2.1270553293634498,-0.0087890625,0.0087890625,0.0087890625,0.0014672219486488254,5.990274687543971,15.54893475346027,0.15773183729698376,0.08236696258230579,528.4028200691887,2098.182202997929,194.24847737819024,0.03170919324800205,18.98519069025522,0.5769119586701327,0.9322913008701088
test,656,nips4b_birds_testfile0656.wav,2.693514739229025,,,44100,1,PCM_16,118784,9.12567664837015e-06,0.0008916194245564452,7.949851982463665e-07,-0.06943129393503411,0.26614275751942884,-0.00439453125,0.00341796875,0.00439453125,0.0008916661237372748,4.928449262579395,13.854205798736,0.22501346982758622,0.11281075574787638,1251.2861177391233,3430.7100824591857,1319.0943224676723,0.08503494825664183,13.365436422413792,0.6596414692309556,0.8712643761728031
test,657,nips4b_birds_testfile0657.wav,4.063492063492063,,,44100,1,PCM_16,179200,1.148223876953125e-05,0.001031680444292247,1.0643645391350481e-06,-0.09434404218712854,2.285419940901301,-0.0068359375,0.00634765625,0.0068359375,0.0010317443389436206,6.625611832287018,16.424519774794806,0.21277901785714284,0.10598273427865111,1036.1672772775564,3162.377629182541,741.48046875,0.06929361721355247,37.16015625,0.6391200909230883,0.8944896769666081
test,658,nips4b_birds_testfile0658.wav,5.00390022675737,,,44100,1,PCM_16,220672,6.810695002084542e-06,0.001263885818258255,1.5974073615943385e-06,0.02800652192595362,1.3290727044723818,-0.00634765625,0.00634765625,0.00634765625,0.0012639041685035895,5.022260712626151,14.017985076004766,0.17670569895591648,0.09075048375182965,636.719141668533,2509.2632093673037,192.25003625290023,0.04212051970675812,13.389555539443155,0.5790514659463032,0.9363052518086796
test,659,nips4b_birds_testfile0659.wav,5.00390022675737,,,44100,1,PCM_16,220672,9.842095961426913e-06,0.0015224779444281376,2.3179390912701276e-06,0.525941344122708,5.100241033371791,-0.0087890625,0.01123046875,0.01123046875,0.001522509756330987,7.376286886373518,17.35675598831389,0.18123731148491878,0.09218701143331022,382.83249347790695,1966.5026271815466,69.14606293503479,0.025094676426009967,12.390334976798142,0.5114941435163974,0.9626184965770683
test,660,nips4b_birds_testfile0660.wav,2.2000907029478456,,,44100,1,PCM_16,97024,9.295179221120547e-06,0.0009039202140842243,8.1707175343007e-07,-0.1261435385230299,-0.11664034867423334,-0.00390625,0.00341796875,0.00390625,0.0009039680048468655,4.321225949431395,12.71213950824595,0.21209185356200527,0.10368675468703298,1272.5735713264671,3465.1981379077606,1284.0379699868074,0.08565973288121753,23.635389182058045,0.6563682420536214,0.8741260060224549
test,661,nips4b_birds_testfile0661.wav,3.9648072562358276,,,44100,1,PCM_16,174848,2.170970464346175e-05,0.001178743224770106,1.3894355899414289e-06,0.21620799368749824,1.8972380545596543,-0.0068359375,0.005859375,0.0068359375,0.001178943128915528,5.798360694708116,15.266104554456998,0.1905598005124451,0.09866340286078686,952.7932123090322,3041.741758848023,610.8745882137628,0.06383935921305824,13.872048865300146,0.6200909700774584,0.9054812348058342
test,662,nips4b_birds_testfile0662.wav,1.4396371882086167,,,44100,1,PCM_16,63488,1.049041748046875e-05,0.0009533379638406666,9.088532732998682e-07,-0.06634051388215628,0.22370751653176502,-0.00390625,0.00341796875,0.00390625,0.0009533956797462336,4.097197085096642,12.249737101426966,0.21285912298387097,0.10802211476365241,1307.1653567317844,3520.7333291544473,1480.928679435484,0.08836882057126813,24.311680947580644,0.6297740238422747,0.8647036291296074
test,663,nips4b_birds_testfile0663.wav,2.594829931972789,,,44100,1,PCM_16,114432,2.2841246602785935e-05,0.0010058396528737832,1.0117134072932526e-06,0.27935046970931576,2.280492355021571,-0.0048828125,0.00634765625,0.00634765625,0.0010060989662253022,6.309176793825001,15.999453944876246,0.21446798098434006,0.11007506707098601,1311.7179450056833,3530.729516372077,1462.908976510067,0.08868834911046013,15.029886744966444,0.6641113344562003,0.8652532378470956
test,664,nips4b_birds_testfile0664.wav,5.00390022675737,,,44100,1,PCM_16,220672,1.0866576723598825e-05,0.0013970888747822448,1.951857324040319e-06,-0.43649332937292484,13.711398570073673,-0.01708984375,0.00927734375,0.01708984375,0.001397131134335646,12.232097138202022,21.750018425223292,0.19572034512761022,0.1003348876834745,688.7556931069422,2594.9136845489147,257.399216937355,0.04571452091027971,14.988308439675173,0.5855364075022104,0.9299478228954863
test,665,nips4b_birds_testfile0665.wav,5.00390022675737,,,44100,1,PCM_16,220672,8.032106191542198e-06,0.0015350351324755133,2.3563328579341167e-06,0.23446975109301765,6.9309370294101456,-0.0107421875,0.009765625,0.0107421875,0.0015350561464207064,6.997911786515158,16.899369272022746,0.1873232671113689,0.09790593236084488,349.1650384791543,1873.0839652086686,59.75338964617169,0.022881305982612454,9.592517401392112,0.5012815847644327,0.9652303456838086
test,666,nips4b_birds_testfile0666.wav,4.516281179138322,,,44100,1,PCM_16,199168,2.8129714926594634e-05,0.0017340441137685184,3.0069089884952466e-06,1.7353446981264056,12.267840596677233,-0.00927734375,0.013671875,0.013671875,0.0017342722592941103,7.88334987585212,17.93421603368062,0.1821577763496144,0.09223415525664393,513.9961883427856,2232.5736360253127,193.7434728470437,0.033366249096915476,13.285266709511568,0.5627213891599935,0.9499743806839652
test,667,nips4b_birds_testfile0667.wav,3.274013605442177,,,44100,1,PCM_16,144384,-1.623275432180851e-06,0.0013425117229358989,1.8023377262203157e-06,0.7195174033595381,6.41827696368499,-0.0068359375,0.01123046875,0.01123046875,0.0013425127043136106,8.365260689091077,18.44958959113178,0.1823609264184397,0.09499733348108849,726.1393351859019,2635.088571334448,385.7650432180851,0.048075066185846574,10.079371675531915,0.5947976727179769,0.9277803835969622
test,668,nips4b_birds_testfile0668.wav,5.00390022675737,,,44100,1,PCM_16,220672,9.554444775503915e-06,0.0015338110943881186,2.352576473268078e-06,1.0842941017547196,8.67126551404754,-0.0087890625,0.013671875,0.013671875,0.0015338408524625514,8.913489934793478,19.000955568208077,0.17125870069605567,0.08927770300583221,663.1664108195753,2517.4244191805233,295.96913065545243,0.043814210376158874,12.390334976798142,0.593498512366752,0.934218730305415
test,669,nips4b_birds_testfile0669.wav,1.5789569160997732,,,44100,1,PCM_16,69632,1.295173869413488e-05,0.0010590658929119112,1.1216205655293038e-06,0.17623291694586715,0.255501102902004,-0.00390625,0.00439453125,0.00439453125,0.0010591450859370047,4.1491305661039295,12.359142031099871,0.19343118106617646,0.10107567031925435,1003.3539250966354,3083.8213361977073,720.7289751838235,0.0669050251589974,21.533203125,0.6144847083175027,0.8992196074663699
test,670,nips4b_birds_testfile0670.wav,2.5541950113378684,,,44100,1,PCM_16,112640,1.0291012850674716e-05,0.0010384520064003688,1.0783825695969517e-06,2.4158745687706404,69.72544018017815,-0.01123046875,0.01953125,0.01953125,0.0010385029968865975,18.807119535094394,25.486445697496578,0.27308238636363635,0.4012908495281386,9277.515006502985,4779.124081044158,13088.272372159092,0.2797467166003676,6.264204545454546,0.8908695280229755,0.1488192917760005
test,671,nips4b_birds_testfile0671.wav,2.6122448979591835,,,44100,1,PCM_16,115200,7.926093207465278e-06,0.0007768662232569994,6.035211288375942e-07,-0.14960188389904364,2.087235121603701,-0.0048828125,0.00537109375,0.00537109375,0.0007769066557773383,6.913435108399119,16.793877815589433,0.27203125,0.3977204663234924,8917.168573359066,5017.501246748008,13055.054687499998,0.2696918081336134,7.273437499999999,0.8810906380548714,0.18386403453608913
test,672,nips4b_birds_testfile0672.wav,5.00390022675737,,,44100,1,PCM_16,220672,8.02325538582149e-06,0.0009325945364146092,8.697325693503797e-07,-0.39635271004358313,8.34932562726784,-0.0078125,0.0087890625,0.0087890625,0.0009326290484310286,9.42396391661393,19.48467229154843,0.2587414805684455,0.37277666752767696,3963.507770729378,5521.766394896809,11756.829140081205,0.12354486207615101,9.192829176334106,0.701270750867261,0.638166777588207
test,673,nips4b_birds_testfile0673.wav,5.00390022675737,,,44100,1,PCM_16,220672,7.795347138513268e-06,0.0020442556938495096,4.178981341836139e-06,-0.22700425766107207,0.13845495082029524,-0.009765625,0.00732421875,0.009765625,0.002044270556769125,4.777070709972029,13.583233394741349,0.09940545243619489,0.1411558383294588,1035.536922794513,3287.3009074982892,46.56367821925754,0.03156570699262075,20.583943590487237,0.4961963250438209,0.9068535043925392
test,674,nips4b_birds_testfile0674.wav,2.513560090702948,,,44100,1,PCM_16,110848,-1.3153217130665416e-05,0.0008065390852582798,6.505052960492627e-07,-0.8932464242919635,4.832932155319641,-0.00732421875,0.00341796875,0.00732421875,0.000806646330909742,9.079838919913872,19.161562880525068,0.26592270496535797,0.37180979187528757,8397.494573542368,5058.424575361726,12662.120200635103,0.2509349198109175,25.859735854503462,0.8737520400050095,0.21073123360760596
test,675,nips4b_birds_testfile0675.wav,5.00390022675737,,,44100,1,PCM_16,220672,8.799913587813588e-06,0.00038409163671082234,1.4752638539119832e-07,0.005541025495889396,0.004749791002657933,-0.00146484375,0.001953125,0.001953125,0.00038419243078222055,5.083715460045409,14.123624694482954,0.505755147911833,0.2602607501665375,6986.292294581848,6234.897353259881,14776.47368039443,0.4370893522678736,34.173343242459396,0.9325523600157655,0.3159286661256461
test,676,nips4b_birds_testfile0676.wav,5.00390022675737,,,44100,1,PCM_16,220672,9.762438709940545e-06,0.00038086922421747975,1.4506136595602486e-07,0.007381350035812187,0.009905420842162282,-0.001953125,0.00244140625,0.00244140625,0.00038099431907259485,6.407985966674777,16.134431039668506,0.50981094112529,0.25987102972298126,6953.492074702723,6264.334113486967,14782.069315545243,0.4331772106396788,13.989087877030162,0.9286603797453381,0.3198548642717422
test,677,nips4b_birds_testfile0677.wav,1.0274829931972789,,,44100,1,PCM_16,45312,9.073375982079803e-06,0.00038598173905170105,1.4898190288137544e-07,0.02686390072920637,-0.004080043114287779,-0.00146484375,0.00146484375,0.00146484375,0.000386088369461044,3.794063395498894,11.58209166592544,0.5037738347457628,0.2610403654741674,6587.0537995055265,6277.730975767443,14527.734375,0.4097654758212918,25.30455508474576,0.9071295059481467,0.3554827575516815
test,678,nips4b_birds_testfile0678.wav,5.00390022675737,,,44100,1,PCM_16,220672,8.386138420370505e-06,0.0003765544074866262,1.4179322179760411e-07,0.011529295274416231,0.0029571642902954665,-0.00146484375,0.001953125,0.001953125,0.00037664777858791324,5.185547641678502,14.29589257303412,0.5164724115429234,0.2628709708117514,7157.704730588924,6224.652632361956,14889.585448085845,0.4451621198519072,32.97427856728538,0.9361122036765082,0.29691757245016615
test,679,nips4b_birds_testfile0679.wav,5.00390022675737,,,44100,1,PCM_16,220672,9.961581838656468e-06,0.00039053381673646056,1.5251666201474738e-07,0.28580073768081,1.7603149243007206,-0.00146484375,0.00341796875,0.00341796875,0.00039066084411862377,8.749197165411687,18.839364071582068,0.5099831424013921,0.26042388895686336,7203.1810812227195,6239.924795321052,14952.336499419953,0.4499148803819588,16.38721722737819,0.9372328916119884,0.2951204909566999
test,680,nips4b_birds_testfile0680.wav,5.00390022675737,,,44100,1,PCM_16,220672,9.589847998386747e-06,0.00037502195130664637,1.4064146396184464e-07,0.006046680004575436,0.014962885638727386,-0.00146484375,0.00244140625,0.00244140625,0.00037514454433788157,6.507908183255086,16.268828341390606,0.5177503262761021,0.25696172129550326,7040.3839976912495,6216.816468411513,14809.847647186774,0.4418751328464283,34.9727196925754,0.9346538263963721,0.30619465469710333
test,681,nips4b_birds_testfile0681.wav,5.00390022675737,,,44100,1,PCM_16,220672,9.463724016866662e-06,0.0003858019947601804,1.4884317916093427e-07,0.1790077210534349,0.9750350386943802,-0.001953125,0.00341796875,0.00341796875,0.0003859180498929814,8.856721656185384,18.945459922838428,0.5100737746519721,0.25653574778743016,6894.151795578768,6222.7297927640475,14713.722629060323,0.4342651441643843,41.56757540603248,0.9314669024562587,0.323311184127629
test,682,nips4b_birds_testfile0682.wav,5.00390022675737,,,44100,1,PCM_16,220672,9.392917571101e-06,0.0004520628800081295,2.0436084748124448e-07,0.03127930128798858,2.2917744910939266,-0.00341796875,0.00439453125,0.00439453125,0.00045216045203195517,9.71896420894729,19.75239965591576,0.47740537993039445,0.2496703236945498,5417.91793056292,4833.243804625836,10988.028839182134,0.28266264800454266,3995.683185904872,0.8845137882530018,0.1788001415089116
test,683,nips4b_birds_testfile0683.wav,3.982222222222222,,,44100,1,PCM_16,175616,1.0776797814549927e-05,0.00037479344414912145,1.404701257771606e-07,0.0002164676795015417,-0.030131838815622203,-0.00146484375,0.00146484375,0.00146484375,0.00037494834997409485,3.906788095216864,11.83639711329121,0.5169859238338192,0.25461378583833955,7060.451142080059,6211.178070808831,14743.526785714286,0.4408719804903787,12.304687500000002,0.933563051135541,0.3037354118925496
test,684,nips4b_birds_testfile0684.wav,5.00390022675737,,,44100,1,PCM_16,220672,1.003902638871266e-05,0.0003903312081895488,1.5235845208671293e-07,0.003043932857900109,0.03504586010925026,-0.001953125,0.00244140625,0.00244140625,0.00039046028496832576,6.252636552263049,15.921263702562616,0.4990619562064965,0.254632461900295,6901.105471376549,6216.273525100299,14671.755365429233,0.43198805244595534,10.591737964037122,0.9311548212146421,0.3217544295501865
test,685,nips4b_birds_testfile0685.wav,5.00390022675737,,,44100,1,PCM_16,220672,9.682781458454177e-06,0.00037905711732856074,1.4368429819743825e-07,0.13985387846075734,0.8096251170226778,-0.00146484375,0.00341796875,0.00341796875,0.0003791807675162474,9.014087851524655,19.098435728008386,0.5180403494779582,0.2587925010536047,7122.775906401883,6226.1262792335465,14757.888177929233,0.4440707901316728,17.186593677494198,0.9343232440011624,0.3013242522383311
test,686,nips4b_birds_testfile0686.wav,5.00390022675737,,,44100,1,PCM_16,220672,9.134031503770302e-06,0.000432649830195706,1.871858755683732e-07,1.0816354861151969,7.9692536321655325,-0.001953125,0.0048828125,0.0048828125,0.00043274623753405993,11.28331589391506,21.048734941186922,0.492128589037123,0.25084401665828315,6488.442617276851,6231.9302113889335,14378.783896461717,0.41325918124136124,29.177240429234338,0.9256655567955161,0.366687348749197
test,687,nips4b_birds_testfile0687.wav,5.00390022675737,,,44100,1,PCM_16,220672,9.999197762969475e-06,0.00038990019100808304,1.5202215894813964e-07,0.011221387905427378,0.05397863348324705,-0.00146484375,0.0029296875,0.0029296875,0.00039002838730538915,7.511472485991328,17.51450161586564,0.4993565110208817,0.2536944138559213,6496.209301345676,6228.710529567367,14309.038301189094,0.40915987650461233,10.991426189095126,0.9157299390585526,0.3582372283377946
test,688,nips4b_birds_testfile0688.wav,5.00390022675737,,,44100,1,PCM_16,220672,9.249091978139502e-06,0.0003865388150175194,1.4941225551514811e-07,0.006448278904843988,0.043274141811474376,-0.001953125,0.001953125,0.001953125,0.0003866494552143688,5.051410195100716,14.068252728534379,0.5052204176334106,0.2520766208518564,6697.396573677293,6229.766882509836,14437.538065545243,0.4236499278238222,8.593296838747099,0.9231468617326875,0.33686277675957904
test,689,nips4b_birds_testfile0689.wav,5.00390022675737,,,44100,1,PCM_16,220672,9.047736147993402e-06,0.00043940015440226024,1.9307249568873016e-07,0.04125147828463038,1.095255542094617,-0.0029296875,0.0029296875,0.0029296875,0.00043949329598770207,6.666057313606847,16.477380866586795,0.4697016386310905,0.25657200085194704,6430.216556873591,5887.861535122577,13998.080862093966,0.4051914393912346,25.38020229118329,0.9256512062511516,0.2906733971152261
test,690,nips4b_birds_testfile0690.wav,5.00390022675737,,,44100,1,PCM_16,220672,9.83767055856656e-06,0.00048495354022420705,2.3517993617599158e-07,0.31452463559505633,12.837986336280139,-0.005859375,0.00732421875,0.00732421875,0.00048505331246988774,15.099822146776267,23.57943663973287,0.47868782627610207,0.2566716967793684,6295.079758891416,5103.131585841233,12174.103647041762,0.35086254304487796,41.56757540603248,0.9157263033540056,0.22478922492336728
test,691,nips4b_birds_testfile0691.wav,5.00390022675737,,,44100,1,PCM_16,220672,9.762438709940545e-06,0.0003834785814369828,1.4705582242092064e-07,0.01433465443034559,0.24719710966420783,-0.0029296875,0.0029296875,0.0029296875,0.00038360282536822643,7.637293852535488,17.658790016790743,0.5099196998259861,0.2612123931101051,7087.947501141265,6169.148375061667,14743.499401827145,0.44346796051814796,28.178019866589324,0.9349980844774775,0.29341041166626625
test,692,nips4b_birds_testfile0692.wav,5.00390022675737,,,44100,1,PCM_16,220672,9.636314728420462e-06,0.00039902451552576617,1.5922056399057242e-07,0.022687333476453346,0.571768678909935,-0.0029296875,0.00439453125,0.00439453125,0.00039914085552861863,11.009976025079972,20.835727465380884,0.4970453886310905,0.2569164049648572,6887.188544317246,6166.6302268585805,14616.19870214617,0.4353843587881092,12.390334976798142,0.930284443518891,0.3030833276213587
test,693,nips4b_birds_testfile0693.wav,5.00390022675737,,,44100,1,PCM_16,220672,9.373003258229408e-06,0.0003974287264524023,1.5794959260957844e-07,0.014148389462217614,0.11040173921407215,-0.001953125,0.001953125,0.001953125,0.00039753923806293284,4.913037036336043,13.827000760472732,0.4954366661832947,0.25883328575118614,6857.6635187179745,6033.711657946462,14476.107979263339,0.4322446148122314,28.377863979118327,0.9341326885195195,0.27328891876439965
test,694,nips4b_birds_testfile0694.wav,5.00390022675737,,,44100,1,PCM_16,220672,1.0107620133048143e-05,0.00039762543715523955,1.5810598827289536e-07,0.039543419200733634,0.8209658608945873,-0.0029296875,0.0029296875,0.0029296875,0.00039775388402585,7.365578609433767,17.34413737798976,0.5022929959396751,0.2605689012149308,6748.839964904024,5970.430380083476,14342.212423868908,0.4294315636506858,22.182696490719255,0.9334558688742856,0.2693271769707209
test,695,nips4b_birds_testfile0695.wav,5.00390022675737,,,44100,1,PCM_16,220672,9.463724016866662e-06,0.00041333384167130545,1.708448646707598e-07,-0.004205874594719484,0.20190617266099675,-0.001953125,0.00244140625,0.00244140625,0.0004134421685593128,5.905073153295812,15.424505642296062,0.47744163283062646,0.25279261887606436,6489.429206155942,6212.726164030062,14379.583272911832,0.4120500827384812,29.77677276682134,0.9231492225696882,0.35656577881106405
test,696,nips4b_birds_testfile0696.wav,5.00390022675737,,,44100,1,PCM_16,220672,9.44380970399507e-06,0.0004078359516147041,1.6633016342947124e-07,0.0002008792401066426,0.14376834605984268,-0.001953125,0.001953125,0.001953125,0.0004079452769320862,4.787713231265457,13.602562593213959,0.48329647621809746,0.25748739073099774,6635.974602211958,5778.9519084968415,13981.693644866587,0.41837146019228416,9.592517401392112,0.9342183271962177,0.2437708709234133
test,697,nips4b_birds_testfile0697.wav,5.00390022675737,,,44100,1,PCM_16,220672,1.0001410464399652e-05,0.00039685569812476714,1.574944451340963e-07,0.05566169675153561,0.5686756392514702,-0.0029296875,0.00244140625,0.0029296875,0.0003969817040436168,7.379905598062807,17.361016129407652,0.5017537340487239,0.2591640949649025,6769.661174189541,5934.497974371285,14326.224894866587,0.4232391659946333,13.789243764501158,0.9326703507594397,0.25872656905257857
test,698,nips4b_birds_testfile0698.wav,5.00390022675737,,,44100,1,PCM_16,220672,9.881924587170098e-06,0.0004206527234643469,1.769487137579723e-07,0.05416597041080797,0.4495445454610505,-0.001953125,0.00341796875,0.00341796875,0.00042076877996296115,8.123151984567087,18.19449157962307,0.4728420461136891,0.25526689052934004,6372.398116193943,5817.934850893796,13772.856547273781,0.40120322424168187,15.387996664733178,0.9260671058661608,0.29218146070041157
test,699,nips4b_birds_testfile0699.wav,5.00390022675737,,,44100,1,PCM_16,220672,9.129606100909948e-06,0.0011987571441643462,1.437018690685059e-06,0.12209650629876635,5.495496346005538,-0.00927734375,0.0087890625,0.00927734375,0.00119879190871169,7.738910884016657,17.773596913029486,0.2867105930974478,0.21645345333097687,3952.056829910624,2302.432010614292,5411.179034947795,0.08242088214505544,3217.8898999419953,0.8189494338077484,0.03187099556172564
test,700,nips4b_birds_testfile0700.wav,5.00390022675737,,,44100,1,PCM_16,220672,9.373003258229408e-06,0.00041945807711818965,1.7594507845968912e-07,0.03438540464267949,1.078356529327836,-0.0029296875,0.0029296875,0.0029296875,0.000419562786302322,6.982715330451094,16.880486743915597,0.48560759860788866,0.2532367189163959,6785.573094393816,6176.678197262389,14548.451547998839,0.428208016987115,15.787684889791182,0.9273177472656082,0.3188234341053528
test,701,nips4b_birds_testfile0701.wav,5.00390022675737,,,44100,1,PCM_16,220672,2.7149846548270737e-05,0.0004336911315964203,1.880879976253835e-07,0.014853523820077045,0.3816521868348368,-0.00244140625,0.00244140625,0.00244140625,0.00043454011528623935,5.618367934550305,14.992203535732592,0.4790775449535963,0.24175356073068052,6832.850596363698,5497.529396162783,13800.035346577724,0.4026780404986137,0.1998441125290023,0.9281461696303589,0.1347466755481782
test,702,nips4b_birds_testfile0702.wav,4.028662131519274,,,44100,1,PCM_16,177664,2.8335395395240453e-05,0.0004198570077471713,1.7627990695440823e-07,0.018012262436001836,0.32777474193803213,-0.001953125,0.001953125,0.001953125,0.00042081207395536175,4.641323576203235,13.332836938132369,0.49188355547550433,0.23732009478619634,6673.498754189415,5450.721473551344,13625.366984870318,0.3922068685936507,0.24822136167146974,0.9243693905934833,0.13645106021855363
test,703,nips4b_birds_testfile0703.wav,5.00390022675737,,,44100,1,PCM_16,220672,2.8716439160835993e-05,0.00043597082909663834,1.900705638232102e-07,0.027365080556349185,0.6897297980932544,-0.0029296875,0.00390625,0.00390625,0.00043691554985064127,8.940514937807418,19.027250662736993,0.4796802494199536,0.23844546859351703,6651.4034142699,5427.233795727255,13538.83909150232,0.3929258250966964,0.1998441125290023,0.9250314723791537,0.13781751971444334
test,704,nips4b_birds_testfile0704.wav,5.00390022675737,,,44100,1,PCM_16,220672,2.8240708353347957e-05,0.00043846922363095894,1.9225526007153586e-07,0.013561004831029231,0.3364393424227812,-0.00244140625,0.00244140625,0.00244140625,0.00043937773917192795,5.556508744847178,14.896040043560777,0.4718722810324826,0.2375119521822079,6539.635373163792,5407.681043283555,13443.913138051043,0.38521336462884015,0.1998441125290023,0.9239467237785131,0.15539597620616236
test,705,nips4b_birds_testfile0705.wav,5.00390022675737,,,44100,1,PCM_16,220672,2.7884463423089473e-05,0.00044897522909400484,2.015787563400141e-07,0.01175473271519704,1.7971760383238502,-0.00439453125,0.00439453125,0.00439453125,0.00044984030459754013,9.769091842340956,19.797083851259817,0.4763767038863109,0.23728083889591292,6584.751370393433,5405.9461138838105,13447.510332076565,0.38811300581773134,0.1998441125290023,0.9251960341529062,0.1469942233032179
test,706,nips4b_birds_testfile0706.wav,5.00390022675737,,,44100,1,PCM_16,220672,2.9849342293086573e-05,0.0007718580321201375,5.957648217483712e-07,-0.005662280088668563,6.103249209043959,-0.00732421875,0.0068359375,0.00732421875,0.0007724349843085184,9.481987350115453,19.537987431852976,0.3894649071925754,0.21606826452048525,2704.8385757220367,3163.462714766876,3558.424267691415,0.11415123825104745,1355.3427711716936,0.8209519935438199,0.653067521352996
test,707,nips4b_birds_testfile0707.wav,5.00390022675737,,,44100,1,PCM_16,220672,2.7941993660274073e-05,0.000547274329133415,2.9950919132842945e-07,-0.003882968327470642,2.551832825384417,-0.0048828125,0.00634765625,0.00634765625,0.0005479871771657985,11.583585372983023,21.27686007677098,0.42182968387471,0.22787770028685236,5136.583678805224,4986.654682234572,11205.05954538863,0.3033890558498893,1567.7770627900231,0.9012596048559643,0.3470446450182964
test,708,nips4b_birds_testfile0708.wav,4.307301587301588,,,44100,1,PCM_16,189952,2.7558874248494358e-05,0.0004273193857642729,1.8260185744995546e-07,0.02547627962578545,0.2806944859240885,-0.001953125,0.001953125,0.001953125,0.00042820713328925263,4.5611687619427626,13.181522826202592,0.482005980458221,0.2411621944606767,6606.993015984854,5433.224505374145,13532.138119103773,0.3905089447277141,0.23216391509433962,0.9241070876744848,0.14557695201601117
test,709,nips4b_birds_testfile0709.wav,5.00390022675737,,,44100,1,PCM_16,220672,2.926961451838022e-05,0.0005351949318723005,2.864336151017963e-07,0.00887355289628586,3.051906938115093,-0.0048828125,0.005859375,0.005859375,0.000535994706537155,10.931777736864328,20.773815862105405,0.43739124129930396,0.22915108917800708,6470.517592399883,5366.26267694899,13289.433639066125,0.38311792025867947,0.1998441125290023,0.9242198190709903,0.16433669962935568
test,710,nips4b_birds_testfile0710.wav,5.00390022675737,,,44100,1,PCM_16,220672,2.9583818121465343e-05,0.0009223043665034653,8.506453444713584e-07,0.043730009625327367,11.526248370571766,-0.009765625,0.01123046875,0.01123046875,0.0009227787095322488,12.170272931082968,21.70600635693352,0.37315110208816704,0.2163446941374263,3477.304748247351,3936.0505297381783,5959.551279727378,0.17978005233629796,1102.9396570475637,0.8542421361033695,0.540867163328933
test,711,nips4b_birds_testfile0711.wav,5.00390022675737,,,44100,1,PCM_16,220672,2.89554109152951e-05,0.000678097487336771,4.598162023324423e-07,-0.06370743191870297,17.80444507665247,-0.0107421875,0.01025390625,0.0107421875,0.0006787154176484544,15.827233654450435,23.988100276281187,0.4322478610788863,0.23004835252479935,5591.946520395497,5123.368755262227,11972.06124927494,0.33488613188729116,0.1998441125290023,0.9133508397233376,0.2675245506148884
test,712,nips4b_birds_testfile0712.wav,5.00390022675737,,,44100,1,PCM_16,220672,2.9274039921240573e-05,0.0005080634769538618,2.5812849661444733e-07,-0.012231586811298685,1.8666426889271666,-0.0068359375,0.00439453125,0.0068359375,0.0005089061465808383,13.432609423030677,22.56320774100277,0.43404691125290024,0.22993506169818417,5629.465328882214,5159.451822836023,12124.142618909511,0.33493608620926113,0.1998441125290023,0.9105136905899499,0.26763198923642456
test,713,nips4b_birds_testfile0713.wav,5.00390022675737,,,44100,1,PCM_16,220672,2.897532522816669e-05,0.0004652642603645452,2.1647083197256728e-07,0.02344670885497146,0.3584052266655311,-0.00244140625,0.00244140625,0.00244140625,0.0004661656373486202,5.237207666969677,14.381995899763119,0.44970816415313225,0.23541833770635925,6164.156456748509,5269.29016327746,12868.362093967517,0.36007980571842263,0.1998441125290023,0.9170418153289506,0.1622127479887489
test,714,nips4b_birds_testfile0714.wav,5.00390022675737,,,44100,1,PCM_16,220672,2.8132285983269287e-05,0.0005385882035612371,2.9007725301532055e-07,-0.02142351746514346,1.601640123388596,-0.00341796875,0.00390625,0.00390625,0.0005393224253913099,7.242884434419332,17.19823111532348,0.4213221432714617,0.23417667024665678,5729.017463999837,4475.041693971525,10392.493383845707,0.2945556189075984,0.1998441125290023,0.9050261901625268,0.14016356539078806
test,715,nips4b_birds_testfile0715.wav,5.00390022675737,,,44100,1,PCM_16,220672,2.772736162154691e-05,0.000568857023580517,3.2359831327688483e-07,-0.04703218229013642,2.7017471405995463,-0.00439453125,0.00439453125,0.00439453125,0.0005695323694570632,7.716034216262929,17.747882896547445,0.41714852813225056,0.2331570528071201,5719.584215415622,4488.427091503148,10440.855659077726,0.2959465545438112,0.1998441125290023,0.9046673737163584,0.14628227452547293
test,716,nips4b_birds_testfile0716.wav,5.00390022675737,,,44100,1,PCM_16,220672,2.8269473471940257e-05,0.0004893094301226186,2.394237184069217e-07,-0.014582901964818313,1.3611561062724213,-0.00439453125,0.00341796875,0.00439453125,0.0004901253732845326,8.966137012149423,19.05210742127984,0.4419862964037123,0.2336464691780977,6139.235835534155,5247.9557661494155,12840.783606438514,0.35989690805831803,0.1998441125290023,0.9177664570166957,0.16662914530883047
test,717,nips4b_birds_testfile0717.wav,5.00390022675737,,,44100,1,PCM_16,220672,2.924748750407845e-05,0.0008023763451750839,6.438077992965254e-07,0.023226982529522083,16.562879696113868,-0.009765625,0.009765625,0.009765625,0.0008029092195396852,12.162800927356043,21.70067197113707,0.3877292995939675,0.22630975524649818,4934.8229664252,3230.747425494334,5878.614414153132,0.15975045514860647,4224.304850638051,0.8494536616105158,0.07885127590222071
test,718,nips4b_birds_testfile0718.wav,5.00390022675737,,,44100,1,PCM_16,220672,2.851729603212007e-05,0.0004769799709142898,2.2750989265339675e-07,-0.016231840434311195,0.5023086449821772,-0.00244140625,0.00244140625,0.00244140625,0.00047783169508350986,5.109343467836137,14.167301968979377,0.44249836861948955,0.23301204054905267,5993.999075023113,5141.002589262955,12511.840197215777,0.34904845554191083,0.1998441125290023,0.9164081712810229,0.17215431908334927
test,719,nips4b_birds_testfile0719.wav,5.00390022675737,,,44100,1,PCM_16,220672,2.9116938119698013e-05,0.00046788139450698477,2.189129993258007e-07,0.009739286930640538,0.35829248253635226,-0.00244140625,0.0029296875,0.0029296875,0.0004687865136832192,6.249513188810986,15.916923778410297,0.4478683294663573,0.23500142746441535,6086.527616001204,5179.144991694852,12639.140896896752,0.35421898926505896,0.1998441125290023,0.9174292462381979,0.16532486453385914
test,720,nips4b_birds_testfile0720.wav,1.5441269841269842,,,44100,1,PCM_16,68096,2.8015079354881344e-05,0.00046499872994687383,2.1622381885220572e-07,-6.350821634111808e-05,0.26171281222702936,-0.001953125,0.00244140625,0.00244140625,0.00046584188682799454,5.240847418474961,14.38803031758182,0.44751527255639095,0.23292459064542184,6079.7713159267805,5223.099996272496,12700.380345394737,0.3539403198008041,0.6476151315789473,0.9070809277042858,0.1715338793021868
test,721,nips4b_birds_testfile0721.wav,2.94312925170068,,,44100,1,PCM_16,129792,2.975764829496425e-05,0.00046925843759561595,2.202034812546786e-07,0.014353324395581733,0.24246703392814606,-0.00244140625,0.00244140625,0.00244140625,0.00047020101965725825,5.192260645839528,14.307129709007295,0.44236932938856016,0.23312864528357127,5973.977134374149,5203.283621467238,12539.374537721893,0.3509363567125568,0.33977440828402367,0.9103456566265373,0.18821577092162337
test,722,nips4b_birds_testfile0722.wav,5.00390022675737,,,44100,1,PCM_16,220672,2.8565975463583963e-05,0.0004717018184821967,2.2250260555941128e-07,0.0009414046128326587,0.24370250895377543,-0.00244140625,0.00244140625,0.00244140625,0.00047256599593453334,5.1662757604299125,14.263551676067426,0.4397794011020882,0.23395915185955563,5999.424908221543,5184.606306196638,12522.232091067284,0.3510669728691748,0.1998441125290023,0.9148552274917551,0.179005027027866
test,723,nips4b_birds_testfile0723.wav,5.00390022675737,,,44100,1,PCM_16,220672,2.7826933185904873e-05,0.000513302307379713,2.6347925876133744e-07,-0.0012346285853241299,1.190629537533746,-0.00341796875,0.00341796875,0.00341796875,0.0005140560251294311,6.6490199178959335,16.455152678637795,0.4268189892691415,0.23302563544824648,5679.400710089716,4758.131365231902,11299.985498839906,0.31253179675072573,0.1998441125290023,0.9081184680072238,0.1640384620647961
test,724,nips4b_birds_testfile0724.wav,5.00390022675737,,,44100,1,PCM_16,220672,2.8174327310442647e-05,0.0005408231003726857,2.924896258967241e-07,-0.09141117210084719,2.031554703428709,-0.00439453125,0.00341796875,0.00439453125,0.0005415564777713586,8.114631493440173,18.18537604332056,0.41674068300464034,0.2329757874845358,5644.569139639973,4608.72160865961,10770.398600638051,0.30691422740630314,0.1998441125290023,0.9099883890141924,0.16704103922198055
test,725,nips4b_birds_testfile0725.wav,5.00390022675737,,,44100,1,PCM_16,220672,2.8791671009462007e-05,0.00047860971671068235,2.290672609298796e-07,0.015801569836496325,0.25321886164813145,-0.00244140625,0.001953125,0.00244140625,0.000479474943296724,5.091832814481675,14.137482711336782,0.4349758918213457,0.23419932841197982,5973.378212224863,5178.257530732576,12523.431155742459,0.34805522030316577,0.1998441125290023,0.9141242040558077,0.18063792163854187
test,726,nips4b_birds_testfile0726.wav,5.00390022675737,,,44100,1,PCM_16,220672,2.8862477455227667e-05,0.000580462483755969,3.3693669504814856e-07,-0.031115513382649333,2.9207149905996124,-0.00537109375,0.00537109375,0.00537109375,0.0005811796087725396,9.241710598456532,19.315047291744474,0.40810342952436196,0.23203773944016204,5800.537824785576,4920.3194457470445,11846.559146606727,0.3297666175983757,0.1998441125290023,0.9129733070447797,0.16765263613012782
test,727,nips4b_birds_testfile0727.wav,5.00390022675737,,,44100,1,PCM_16,220672,9.990346957248767e-06,0.0003689717506188298,1.3614015275472393e-07,0.005048826914622309,0.07300471606441139,-0.00146484375,0.00146484375,0.00146484375,0.00036910697607475554,3.968615726469835,11.972780980646924,0.5306699535962877,0.25393005877528085,7441.958805012531,6195.740008384377,15024.879912267981,0.4608205048486731,18.18581424013921,0.9408679349379309,0.2677658653087978
test,728,nips4b_birds_testfile0728.wav,5.00390022675737,,,44100,1,PCM_16,220672,9.589847998386747e-06,0.0003709492164405152,1.376033211778322e-07,-0.0007831834038659211,0.028706383556664328,-0.00146484375,0.00146484375,0.00146484375,0.00037107315500109185,3.9475875046678865,11.926635312546239,0.5250960701856149,0.2532775036139774,7285.109182425084,6096.188431536711,14874.59713964617,0.4521702178145884,25.7798905162413,0.9398490512752987,0.2506627634352168
test,729,nips4b_birds_testfile0729.wav,5.00390022675737,,,44100,1,PCM_16,220672,9.26458088815074e-06,0.00036160246944604794,1.3075634590948002e-07,0.014489637599054484,-0.02140216930311256,-0.00146484375,0.00146484375,0.00146484375,0.0003617211334281052,4.049649342070163,12.148348388258336,0.5360353828306265,0.256698886577756,7421.164332695824,6209.0288430843875,15053.857308584686,0.45895582157989523,23.581605278422273,0.9403770758832355,0.2697799944752335
test,730,nips4b_birds_testfile0730.wav,5.00390022675737,,,44100,1,PCM_16,220672,9.6230385198394e-06,0.00036704681246302567,1.3472336253926752e-07,0.00011556956044026111,0.05666259727605061,-0.001953125,0.001953125,0.001953125,0.00036717293665195676,5.3193599120061705,14.517187520305864,0.5313904799883991,0.2541838302268989,7343.316603025339,6123.1585315112625,14929.354426479118,0.45957004429192355,12.390334976798142,0.9413056106361646,0.256384389731541
test,731,nips4b_birds_testfile0731.wav,5.00390022675737,,,44100,1,PCM_16,220672,9.769076814231077e-06,0.00036669839394615824,1.3446771212269187e-07,-0.001379365600312489,0.08722730375115795,-0.00146484375,0.001953125,0.001953125,0.0003668284980539192,5.324354597207208,14.52533942772126,0.5340595997679815,0.2538303628478595,7344.17687844924,6195.068708661256,14993.704230713456,0.45842156855971017,18.385658352668212,0.9401049997942951,0.27391244191278386
test,732,nips4b_birds_testfile0732.wav,1.1609977324263039,,,44100,1,PCM_16,51200,1.132965087890625e-05,0.0003582693140710121,1.2835690140491354e-07,0.01278700883809229,-0.02509985595082931,-0.00146484375,0.00146484375,0.00146484375,0.0003584484096686041,4.086623654863724,12.227292890558214,0.54033203125,0.2527197796831969,7338.387491954054,6161.481837619668,14986.248046875,0.45898256008454613,58.5703125,0.9329769315391451,0.26662803450423406
test,733,nips4b_birds_testfile0733.wav,5.00390022675737,,,44100,1,PCM_16,220672,9.994772360109122e-06,0.0003709574589572187,1.3760943635599658e-07,-0.0022343451083080006,0.03479406508528182,-0.001953125,0.001953125,0.001953125,0.0003710920799889523,5.26318158031868,14.424967069621939,0.5248649579466357,0.25354940159785383,7135.460970942042,6026.544752746421,14725.313587587007,0.4464887809391288,16.58706133990719,0.9395903315590074,0.24663802347924874
test,734,nips4b_birds_testfile0734.wav,5.00390022675737,,,44100,1,PCM_16,220672,9.4504478082856e-06,0.00036206645726921444,1.310921194794799e-07,-0.004042445778697158,0.04084462418207169,-0.00146484375,0.001953125,0.001953125,0.00036218977131230115,5.392545993011773,14.635877157739358,0.5383057207076566,0.2529738841986487,7407.658500301107,6183.110441673372,15016.486459541762,0.46043115143571567,18.785346577726216,0.9400456268271978,0.2674808774141241
test,735,nips4b_birds_testfile0735.wav,5.00390022675737,,,44100,1,PCM_16,220672,9.043310745133048e-06,0.00036445916480120255,1.3283048280759012e-07,0.008724431257888476,0.062484258609130094,-0.00146484375,0.001953125,0.001953125,0.00036457134319200563,5.357319044605666,14.578950213945244,0.5355142473897911,0.25495873948094677,7368.201316706827,6150.379598940137,14986.90953088747,0.4597715582091855,19.584723027842227,0.941287390971912,0.26334039130117964
test,736,nips4b_birds_testfile0736.wav,5.00390022675737,,,44100,1,PCM_16,220672,1.0076642313025667e-05,0.00036629946328084565,1.341752967998356e-07,-0.006166901621983426,0.11348528129723201,-0.001953125,0.001953125,0.001953125,0.0003664380377637402,5.330027995781572,14.534589802976184,0.5346940255220418,0.2538892740776994,7361.7194790079475,6093.976429874062,14925.357544228536,0.4591116224838619,11.790802639211137,0.9426157219879955,0.2499808963897886
test,737,nips4b_birds_testfile0737.wav,5.00390022675737,,,44100,1,PCM_16,220672,9.138456906630655e-06,0.0004113590146696981,1.692162389500249e-07,-0.027444154737185342,0.721675486920252,-0.00439453125,0.00439453125,0.00439453125,0.0004114605088518936,10.680323276375047,20.571687965875082,0.4915666690835267,0.246874306093687,6472.686790859716,6058.982193905853,14128.179379350348,0.4136490935620701,17.786126015081205,0.9318231374341761,0.3527882081220301
test,738,nips4b_birds_testfile0738.wav,5.00390022675737,,,44100,1,PCM_16,220672,9.660654444152407e-06,0.0006962335121132727,4.847411033895825e-07,0.09588943108417605,15.266793825457555,-0.0087890625,0.0087890625,0.0087890625,0.0006963005325532014,12.622512965446376,22.022916509226373,0.4850003625290023,0.2534361107712386,6654.899775939382,5273.643141546776,13320.809164733178,0.38306443042567945,19.584723027842227,0.9258518972917008,0.18557960165804843
test,739,nips4b_birds_testfile0739.wav,5.00390022675737,,,44100,1,PCM_16,220672,9.043310745133048e-06,0.0003580107667281423,1.2817170909327232e-07,-0.007424668765067897,0.027867527034013406,-0.00146484375,0.00146484375,0.00146484375,0.00035812496500873175,4.090314535777432,12.2351341107591,0.543036724187935,0.2523983667994435,7422.859614384103,6221.848953124991,15063.05013776102,0.45878590895092175,26.179578741299302,0.9399221906390468,0.2723735203450619
test,740,nips4b_birds_testfile0740.wav,5.00390022675737,,,44100,1,PCM_16,220672,9.381854063950117e-06,0.0004717382444637592,2.2253697128974943e-07,-0.049821847029708585,4.693308397532454,-0.00390625,0.00390625,0.00390625,0.00047183152764035033,8.2789084051575,18.359461554854374,0.5029591429814385,0.2489361991380834,7273.752428039499,6093.96114600769,14852.41444315545,0.453809814216771,17.786126015081205,0.941040619479588,0.257838453595156
test,741,nips4b_birds_testfile0741.wav,5.00390022675737,,,44100,1,PCM_16,220672,9.711546577046477e-06,0.0006305183698421371,3.9755341470838605e-07,0.012652478807062235,12.035876782184245,-0.0068359375,0.0068359375,0.0068359375,0.0006305931563578091,10.840487929623478,20.700976604147073,0.46652950986078884,0.25926832252538845,6421.420534828819,3558.501108658337,7772.936756815545,0.22634659750550928,5888.406775667053,0.8802367221023718,0.08189474692838505
test,742,nips4b_birds_testfile0742.wav,5.00390022675737,,,44100,1,PCM_16,220672,9.417257286832947e-06,0.00036193450826531103,1.3099658827325252e-07,0.007935383760670062,-0.003205489411607143,-0.00146484375,0.00146484375,0.00146484375,0.0003620570024292569,4.045892608543648,12.140287019333996,0.5366018343967517,0.2571747080495398,7427.216750190027,6104.070918382865,14794.65949463457,0.461876561440309,19.384878915313223,0.9430238743880461,0.25712793607381085
test,743,nips4b_birds_testfile0743.wav,5.00390022675737,,,44100,1,PCM_16,220672,8.751234156349695e-06,0.00044565871194845644,1.986116875355573e-07,-0.0023737042349046625,1.460337657982409,-0.0029296875,0.0029296875,0.0029296875,0.0004457446260302154,6.572569424093085,16.354703642517574,0.478502030162413,0.25267026478331994,6538.0506563126455,5103.929441892751,12869.561158642691,0.37196997970371,24.580825841067284,0.9263917835297565,0.17648603952947758
test,744,nips4b_birds_testfile0744.wav,5.00390022675737,,,44100,1,PCM_16,220672,9.525679656911615e-06,0.0007092109084816462,5.029801127093619e-07,-0.08698372290382538,8.134741239309085,-0.0068359375,0.00634765625,0.0068359375,0.000709274877097933,9.637924196568052,19.6796701240067,0.44697560179814383,0.24572327129527669,5437.462706210486,3563.264642383198,6451.167796548723,0.2009835951304299,4263.873984918793,0.8713502836887079,0.07676868656737015
test,745,nips4b_birds_testfile0745.wav,5.00390022675737,,,44100,1,PCM_16,220672,9.355301646787993e-06,0.0004480534202756848,2.0075186742073947e-07,-0.01008594673690866,4.16137427812494,-0.00439453125,0.00439453125,0.00439453125,0.0004481510784207061,9.805914705117795,19.829762225974385,0.4929306844547564,0.2544965129083568,6268.969364126496,4854.867706222296,11961.069823085845,0.3420668246257708,32.97427856728538,0.9189302880580646,0.15088145141825712
test,746,nips4b_birds_testfile0746.wav,5.00390022675737,,,44100,1,PCM_16,220672,9.204837949535963e-06,0.0008918839972498316,7.954570645503377e-07,-0.014422522955920612,4.391062741146631,-0.005859375,0.00634765625,0.00634765625,0.0008919314960197419,7.116753112011981,17.045637998706134,0.36772676189095127,0.2468697744606224,5630.618991717544,2998.81456083596,6547.092970562645,0.15833389975962428,5406.18293213457,0.8598146214364304,0.05199834172114949
test,747,nips4b_birds_testfile0747.wav,5.00390022675737,,,44100,1,PCM_16,220672,9.490276434028785e-06,0.00036328978907515427,1.319794708462701e-07,0.02438988305101173,0.578514842615252,-0.00244140625,0.00390625,0.00390625,0.00036341372592826535,10.748768473238844,20.627174167050843,0.541065472737819,0.2570750121221185,7466.320071153037,6211.556593406022,15101.620051479118,0.4618932057501648,14.188931989559164,0.9410109164458983,0.26771812114746757
test,748,nips4b_birds_testfile0748.wav,5.00390022675737,,,44100,1,PCM_16,220672,9.173860129513487e-06,0.0003908103039239852,1.527326936531577e-07,-0.012102510244406948,0.22814798412856208,-0.001953125,0.001953125,0.001953125,0.0003909179624458737,4.99625289096412,13.972888251250248,0.5068291400812065,0.25584240792854523,7014.278448408988,5766.267496049863,14300.045316125288,0.4344690664820147,14.988308439675173,0.9382706607311148,0.22245121120514
test,749,nips4b_birds_testfile0749.wav,5.00390022675737,,,44100,1,PCM_16,220672,1.0003623165829828e-05,0.00041927475964107034,1.7579132407207732e-07,-0.019906681808262255,1.0678602289408712,-0.0029296875,0.0029296875,0.0029296875,0.0004193940826341273,6.985524167625924,16.88397999015383,0.4955046403712297,0.25368081895672745,6409.593493831486,5064.511990454774,12626.750561919953,0.36254373146136093,17.3864377900232,0.9226966874664582,0.1654623904100357
test,750,nips4b_birds_testfile0750.wav,5.00390022675737,,,44100,1,PCM_16,220672,9.7380989942086e-06,0.00036130007776939737,1.305377461961726e-07,-0.0053421343379946905,-0.029199288195461026,-0.00146484375,0.00146484375,0.00146484375,0.0003614312891383279,4.052896896370727,12.155311113043537,0.5362211789443155,0.2576550611543882,7381.493632957219,6188.671313222515,14959.530887470997,0.45772437157016194,22.982072940835266,0.9396518056050988,0.27150441872014375
test,751,nips4b_birds_testfile0751.wav,5.00390022675737,,,44100,1,PCM_16,220672,9.704908472755945e-06,0.00038883239535167374,1.5119063167492033e-07,-0.004143553146578652,0.310511188242411,-0.00244140625,0.00244140625,0.00244140625,0.0003889534894089329,6.2768591013543675,15.954847600284907,0.509715777262181,0.25290590970267957,7248.643080540413,6182.517483031069,14853.813351943154,0.45471580495765923,14.588620214617169,0.9389772813392564,0.28561624798132534
test,752,nips4b_birds_testfile0752.wav,5.00390022675737,,,44100,1,PCM_16,220672,0.00016721605977989957,0.0010175718689963043,1.035452508572632e-06,0.13634702245831312,1.3659904677644183,-0.00830078125,0.00830078125,0.00830078125,0.0010312195300812273,8.04948025891845,18.115356792523144,0.2101263413573086,0.32228521192182025,6346.122560444073,5389.486184000662,13194.707529727377,0.3626441853469822,0.1998441125290023,0.8993714884542676,0.21324327581683022
test,753,nips4b_birds_testfile0753.wav,1.8808163265306121,,,44100,1,PCM_16,82944,2.50486680019049e-05,0.0006660668519744939,4.436450512992123e-07,0.009418382371273551,0.3548365862152085,-0.00341796875,0.0029296875,0.00341796875,0.0006665376861572659,5.127945232482397,14.198867563609536,0.30380738811728397,0.32243830100189286,7326.288941956181,5806.60212295369,14514.442274305557,0.44899199882935065,15.418836805555555,0.9383426548535437,0.2220418397014945
test,754,nips4b_birds_testfile0754.wav,5.00390022675737,,,44100,1,PCM_16,220672,1.900931798664987e-05,0.0008857715489465002,7.845912369230822e-07,-0.04256730041079304,15.116225513157111,-0.01123046875,0.01123046875,0.01123046875,0.0008859755025357076,12.675823110072253,22.05952340043224,0.3199454393851508,0.2994140598447462,6696.223920499976,5398.112724424229,13567.216955481437,0.404225103509198,26.379422853828306,0.9337802075462804,0.18658783477231292
test,755,nips4b_birds_testfile0755.wav,5.00390022675737,,,44100,1,PCM_16,220672,1.3092554362356802e-05,0.00047077282602253043,2.2162705372123972e-07,0.006198595582901162,0.16392998347676357,-0.001953125,0.00244140625,0.00244140625,0.00047095484783678677,5.183949716653282,14.293215606147644,0.419912811774942,0.296495688151139,7261.403493044636,5815.83368998586,14435.139936194895,0.4421984639661506,17.5862819025522,0.9393020188544974,0.22192840152303286
test,756,nips4b_birds_testfile0756.wav,5.00390022675737,,,44100,1,PCM_16,220672,1.0711687623486442e-05,0.0006658334472863547,4.433341795252309e-07,-0.038800434012235346,49.66108626418458,-0.01220703125,0.0126953125,0.0126953125,0.0006659196045897538,19.064332109310808,25.604431900222423,0.45420805539443154,0.270715227646587,7338.090293389634,5859.710084083284,14603.808367169373,0.4501355401382856,16.986749564965194,0.9418391021750475,0.21599852423399996
test,757,nips4b_birds_testfile0757.wav,5.00390022675737,,,44100,1,PCM_16,220672,1.1523749048361368e-05,0.0007785810497693305,6.061884510599126e-07,-0.015225695629992375,32.339620479411266,-0.0126953125,0.0126953125,0.0126953125,0.0007786663263889367,16.303918725848185,24.24584003466553,0.46080608323665895,0.26892523258606704,6682.18310614968,4626.515467965051,11921.500688805103,0.33107633263838326,5793.680666328306,0.9096864430855776,0.12409406945793029
test,758,nips4b_birds_testfile0758.wav,2.159455782312925,,,44100,1,PCM_16,95232,9.490597632623488e-06,0.0003660298059734573,1.3397781886096678e-07,0.015749845521736684,-0.013857529543047864,-0.00146484375,0.00146484375,0.00146484375,0.0003661528237012397,4.000634858397899,12.042578294665622,0.5301369287634409,0.2691350505612668,7612.045143692083,6111.887709462659,15054.71900201613,0.4677098734489014,12.503150201612904,0.9393266260010602,0.23889234375450985
test,759,nips4b_birds_testfile0759.wav,5.00390022675737,,,44100,1,PCM_16,220672,8.879570839299957e-06,0.0008540217148785437,7.293530894840885e-07,-0.023642671260425737,13.842577759521198,-0.00830078125,0.00830078125,0.00830078125,0.0008540678756763883,9.71911189544052,19.75253164311185,0.45241806844547566,0.26028340833186053,5166.120198743924,2260.990385888055,5944.762815400231,0.08827124299850664,3935.5301080336426,0.8138581682440033,0.023850194668477563
test,760,nips4b_birds_testfile0760.wav,4.2260317460317465,,,44100,1,PCM_16,186368,1.0262478838910113e-05,0.00037565502953928304,1.4111670121815962e-07,0.00044792626232003377,0.05754016898712644,-0.001953125,0.001953125,0.001953125,0.0003757951831650836,5.197312492273242,14.315576597722853,0.5194829584478022,0.261280162260486,7325.458498373137,5936.902523677226,14769.647686298076,0.45416769445576677,9.701772836538462,0.942434995550229,0.21179970928626168
test,761,nips4b_birds_testfile0761.wav,5.00390022675737,,,44100,1,PCM_16,220672,9.381854063950117e-06,0.000610939444170358,3.73247004443186e-07,0.01168113211645961,7.81507889622616,-0.0068359375,0.00732421875,0.00732421875,0.0006110114758569297,11.987039588295703,21.574238792558653,0.43895011600928074,0.25573818036805923,5517.061881122409,3238.5959341784974,6739.143162703016,0.178844656334134,4006.07507975638,0.863086396118387,0.05250080684843796
test,762,nips4b_birds_testfile0762.wav,5.00390022675737,,,44100,1,PCM_16,220672,9.693844965605062e-06,0.0004263398520245422,1.8176566942430856e-07,-0.015076784068382622,0.886804390632574,-0.00244140625,0.00244140625,0.00244140625,0.0004264500440315674,5.724952510074728,15.155437768891666,0.48587949535962877,0.25997978891653184,6666.725248501623,5359.301353554613,13511.660292198374,0.3906917918096265,19.98441125290023,0.9276942425080515,0.16634611655713819
test,763,nips4b_birds_testfile0763.wav,5.00390022675737,,,44100,1,PCM_16,220672,9.153945816641893e-06,0.0005708572728544179,3.2587802597078334e-07,-0.008116714106265892,6.588150661620725,-0.00537109375,0.005859375,0.005859375,0.0005709306618975699,10.262848697818272,20.22535852550366,0.4392310759860789,0.2610220645213916,5922.024207164626,3542.2157181954594,7270.528657917633,0.21895169258781064,4172.545225493039,0.8806640456180229,0.06616197361392394
test,764,nips4b_birds_testfile0764.wav,5.00390022675737,,,44100,1,PCM_16,220672,8.994631313669157e-06,0.0005355209201314189,2.867826558984016e-07,-0.11425395298281785,20.42899831393765,-0.0068359375,0.00634765625,0.0068359375,0.0005355964519028019,12.763224020088469,22.11920784079919,0.48896552349187933,0.26124864617462196,7304.501852040776,5818.078802373339,14592.617096867749,0.4442404227470594,14.188931989559164,0.9392412264986915,0.204869893711472
test,765,nips4b_birds_testfile0765.wav,5.00390022675737,,,44100,1,PCM_16,220672,9.145095010921187e-06,0.0007665150082934721,5.875452579391416e-07,-0.06948189226329207,18.96694421362452,-0.0078125,0.0087890625,0.0087890625,0.0007665695602500142,11.46544678493818,21.18781965921292,0.4396933004640371,0.25721096111405667,6046.605394591046,4286.209608583585,9995.602976363109,0.28651982502882195,5106.216919228538,0.8960888713434105,0.10235064244602321
test,766,nips4b_birds_testfile0766.wav,2.6586848072562357,,,44100,1,PCM_16,117248,9.69499479735262e-06,0.00036809891789294646,1.3549681335395815e-07,0.0008753507511505329,-0.0066549595815712514,-0.00146484375,0.00146484375,0.00146484375,0.00036822656921802757,3.978104440184118,11.993523615990757,0.5281710562227074,0.26465495918872123,7627.779898226795,6144.36722296624,15083.773710425767,0.46838034592272515,16.549536026200876,0.9406775566784863,0.24595994086151685
test,767,nips4b_birds_testfile0767.wav,5.00390022675737,,,44100,1,PCM_16,220672,9.822181648555322e-06,0.000379920459253746,1.4433955535957725e-07,0.012689441830527233,0.050845617105187646,-0.00244140625,0.00244140625,0.00244140625,0.00038004740574290786,6.423951888916583,16.156045594178714,0.5138123549883991,0.26629235377553007,7511.282966947928,6030.276278506808,14902.975003625288,0.4657728329127859,32.574590342227374,0.9438731203563353,0.2329164912396629
test,768,nips4b_birds_testfile0768.wav,3.3262585034013608,,,44100,1,PCM_16,146688,1.0202484397155869e-05,0.00036538661606700393,1.3350737920089615e-07,0.0038513773335616163,-0.03216618515107372,-0.00146484375,0.00146484375,0.00146484375,0.0003655290274229536,4.007462171547403,12.057388630426278,0.5301592495636999,0.26724931316340234,7712.348798092629,6111.93566857559,15161.17882853403,0.47291420069167256,35.17465641361257,0.9432606076438361,0.23386566662076114
test,769,nips4b_birds_testfile0769.wav,5.00390022675737,,,44100,1,PCM_16,220672,8.680427710584035e-06,0.00036803740618648683,1.354515323524771e-07,0.00750824289857858,0.007393442539198158,-0.001953125,0.00146484375,0.001953125,0.00036813975902870883,5.305390010448963,14.494346306349444,0.5280733396171694,0.2683542468199265,7622.980580276906,6092.840722799738,15074.041563950115,0.4718427862391528,17.3864377900232,0.9446088238231185,0.23824459074709833
test,770,nips4b_birds_testfile0770.wav,5.00390022675737,,,44100,1,PCM_16,220672,9.627463922699753e-06,0.0003745438850917293,1.4028312185960654e-07,0.007520857470577642,0.08384058666371708,-0.001953125,0.00244140625,0.00244140625,0.0003746675992412333,6.516192633001278,16.279878290546797,0.5224360136310905,0.26682708647715375,7498.521209173133,5961.953340316822,14812.845308874708,0.46019719940741427,19.584723027842227,0.9443816037621001,0.21935028844349186
test,771,nips4b_birds_testfile0771.wav,5.00390022675737,,,44100,1,PCM_16,220672,8.903910555031903e-06,0.0003800184380811189,1.4441401328161318e-07,0.010828362384348167,0.1317718461087094,-0.001953125,0.001953125,0.001953125,0.0003801227340015133,5.1381430924681935,14.216123895858397,0.5167216502320185,0.265762152706971,7480.627637561898,5989.098056296459,14864.205245794663,0.4604309013378825,11.391114414153131,0.94344810962914,0.22121589577271378
test,772,nips4b_birds_testfile0772.wav,5.00390022675737,,,44100,1,PCM_16,220672,9.262368186720563e-06,0.00037362744658176887,1.3959746883921256e-07,0.01413615807474145,0.16078917100653056,-0.001953125,0.001953125,0.001953125,0.00037374223778379525,5.22586104150705,14.363157148357901,0.5255356366009281,0.26675458034812005,7712.585775758511,6114.692295814716,15086.431898926912,0.4702587499407491,22050.0,0.9451027187367373,0.2337496397281554
test,773,nips4b_birds_testfile0773.wav,5.00390022675737,,,44100,1,PCM_16,220672,9.512403448330553e-06,0.0005140216071374207,2.6421821260413687e-07,0.03705970589326978,8.10024195978643,-0.00537109375,0.00537109375,0.00537109375,0.0005141096171280019,10.447370698888747,20.380140096707397,0.4856483831206497,0.26294800857384976,7045.0450831277585,5636.700904061168,14158.155996229698,0.4280717101571103,12.98986731438515,0.9361027784748019,0.19491718643071326
test,774,nips4b_birds_testfile0774.wav,1.4918820861678004,,,44100,1,PCM_16,65792,1.0998796396218385e-05,0.000364259386774524,1.3268490085335227e-07,0.011750355005452462,-0.03939748468876125,-0.00146484375,0.00146484375,0.00146484375,0.0003644254030326615,4.019598353489957,12.083653193144418,0.5309004134241245,0.26523384657475946,7657.280602489294,6084.143368877343,15050.787329766537,0.47039467294407783,20.108827821011673,0.9384482602189934,0.2325981001226119
test,775,nips4b_birds_testfile0775.wav,5.00390022675737,,,44100,1,PCM_16,220672,1.0216042503126813e-05,0.0008711379881413744,7.588813943830013e-07,0.00518182940025516,9.08871327916858,-0.0068359375,0.00732421875,0.00732421875,0.0008711978890627703,8.407066685939004,18.492889846215192,0.41011093387471,0.2604963950858971,6201.3981932758115,2860.661793386438,6769.319623694895,0.1498924549490875,6456.963275812064,0.837578175164323,0.04302371507185085
test,776,nips4b_birds_testfile0776.wav,5.00390022675737,,,44100,1,PCM_16,220672,9.209263352396317e-06,0.0011435667460422962,1.3077449026537659e-06,-0.0010181284557596376,9.138474228468523,-0.01171875,0.01171875,0.01171875,0.0011436038270245775,10.247211248400404,20.21211378740549,0.3453451276102088,0.2456824865976952,5406.143087677752,2017.6465485767174,6581.266313805104,0.08166551575835646,4808.449191560325,0.8410549425807221,0.01658503473853566
test,777,nips4b_birds_testfile0777.wav,5.00390022675737,,,44100,1,PCM_16,220672,-3.677067236667996e-05,0.03629639124155031,0.0013174280171596902,0.6816063081389561,6.1915531743494,-0.18017578125,0.220703125,0.220703125,0.03629640986712097,6.080577274942101,15.678896241444019,0.28240556119489557,0.011832093931690163,42.00906328625722,148.18466932386283,51.16009280742459,0.00018058062154053552,27.578487529002317,0.4740159558425388,0.9993995283321568
test,778,nips4b_birds_testfile0778.wav,5.00390022675737,,,44100,1,PCM_16,220672,3.738137796140879e-05,0.042880971141626055,0.0018387776860489665,0.18344766580760663,20.71199339584679,-0.38525390625,0.4521484375,0.4521484375,0.042880987435183725,10.544263659586662,20.46032513861016,0.6313125362529002,0.028639920968319355,48.34170117494869,150.744226235316,64.34980423433875,0.00017353520879318782,21.58316415313225,0.4930968316513955,0.9990552098290473
test,779,nips4b_birds_testfile0779.wav,5.00390022675737,,,44100,1,PCM_16,220672,-0.00016223305615914116,0.056680589385005496,0.003212689213031598,0.2929625838931253,14.053672759445202,-0.494140625,0.509765625,0.509765625,0.05668082155893745,8.993617434954416,19.078688197389358,0.4736441415313225,0.01575648816564025,55.280972651096114,101.2588022327152,82.33577436194895,5.481324276252211e-05,23.981293503480277,0.5131354267881996,0.9997047679109399
test,780,nips4b_birds_testfile0780.wav,5.00390022675737,,,44100,1,PCM_16,220672,4.981897270043322e-05,0.04297146781307315,0.0018465470460099819,-0.011175756780781266,7.85547212735354,-0.2646484375,0.3603515625,0.3603515625,0.04297149669187731,8.385827589014731,18.470918582984076,0.3322532990139211,0.011487689818779994,48.3048237180128,105.6548868175015,73.74247752320186,8.675650724739104e-05,20.184255365429234,0.49454689362353255,0.9997330546972241
test,781,nips4b_birds_testfile0781.wav,5.00390022675737,,,44100,1,PCM_16,220672,-5.763202145038791e-05,0.024731466715642032,0.0006116454459069097,0.3112209322061373,4.698636742126223,-0.14404296875,0.16455078125,0.16455078125,0.024731533865832222,6.653480618819791,16.46097792288843,0.21261872824825986,0.011184070403451292,44.42455833112507,154.34273152914633,63.15073955916473,0.00019128585910228762,15.787684889791182,0.4783353137793528,0.999657416109903
test,782,nips4b_birds_testfile0782.wav,5.00390022675737,,,44100,1,PCM_16,220672,5.7508110170298e-06,0.02164758455576168,0.0004686179170988516,1.578142850251345,28.626632135194086,-0.17431640625,0.26220703125,0.26220703125,0.021647585319630434,12.112530214269476,21.664697467841684,0.6267401392111369,0.02906136284332785,42.56511158052593,139.79136389124827,48.162431119489554,0.00015501729346650755,36.971160817865425,0.46386655727989057,0.9996909434136494
test,783,nips4b_birds_testfile0783.wav,5.00390022675737,,,44100,1,PCM_16,220672,4.616137723635078e-05,0.011944792650145593,0.00014267807145497218,1.041796610383703,12.15799739229963,-0.0634765625,0.09619140625,0.09619140625,0.011944881846536639,8.0529391153325,18.119088311973748,0.37840777262180975,0.03590412877088516,60.96654350129542,420.9634170225342,55.75650739559164,0.0012860482326859531,17.3864377900232,0.4920432595834911,0.996572880942024
test,784,nips4b_birds_testfile0784.wav,5.00390022675737,,,44100,1,PCM_16,220672,-1.9799252397223027e-05,0.012413349567355904,0.00015409124748137502,-0.10420528198517727,9.927862870328472,-0.09130859375,0.09130859375,0.09130859375,0.01241336535721762,7.355667953244411,17.332442325055204,0.3220571708236659,0.03048882725867921,47.471721616614666,298.19575726467923,56.35603973317865,0.000668691993404956,16.986749564965194,0.48187427716045605,0.9981182919388287
test,785,nips4b_birds_testfile0785.wav,5.00390022675737,,,44100,1,PCM_16,220672,1.2335810473236297e-05,0.012459912455369341,0.00015524941839546806,-0.440610719033722,10.804949553490756,-0.09033203125,0.08154296875,0.09033203125,0.012459918561840125,7.249809122079803,17.206531446402668,0.3656240936774942,0.03348876834744937,41.305958320463084,297.13005885091985,46.76352233178654,0.0006304391370434249,13.989087877030162,0.46251381904545413,0.998924126017301
test,786,nips4b_birds_testfile0786.wav,5.00390022675737,,,44100,1,PCM_16,220672,0.0001648064279224369,0.10514382510503145,0.011055223957717441,0.38076122610605667,6.064288620848018,-0.671875,0.72802734375,0.72802734375,0.10514395426688178,6.924100856070941,16.807267703177672,0.24861332656612528,0.007178106774338268,56.1286178266288,109.39591292874921,75.14138631090486,5.932278920751182e-05,31.775213892111367,0.5031876179067025,0.9996571343058859
test,787,nips4b_birds_testfile0787.wav,5.00390022675737,,,44100,1,PCM_16,220672,4.166959333309165e-05,0.0392191195028276,0.0015381393345770722,0.002989642516941239,33.06617642584057,-0.458984375,0.38671875,0.458984375,0.03921914163940971,11.70307038384505,21.365996338898924,0.501894214037123,0.013866797177698927,39.44618175539865,89.83648176940436,53.35837804524362,6.297338148462093e-05,28.377863979118327,0.4866463393879474,0.9998684406298276
test,788,nips4b_birds_testfile0788.wav,5.00390022675737,,,44100,1,PCM_16,220672,-1.9190759503924377e-05,0.06149196061994956,0.0037812612208854277,-0.3905603499043406,11.814085589734935,-0.56494140625,0.4609375,0.56494140625,0.06149196361452997,9.187239649580969,19.26370090230235,0.39533787703016243,0.010295870322788224,51.284893855179,92.3618386620153,68.14684237238978,5.034632036378085e-05,21.183475928074245,0.4987159362996415,0.9997702443554699
test,789,nips4b_birds_testfile0789.wav,5.00390022675737,,,44100,1,PCM_16,220672,0.00012264782757327616,0.051291606246411686,0.0026308288713369384,-0.17816980726814366,6.468080300228845,-0.4501953125,0.34765625,0.4501953125,0.0512917528831541,8.777148122146922,18.867068550447872,0.24619797708816704,0.007440941492085503,68.25899812720553,136.1081405164566,92.12813587587006,0.00011014323607083979,30.775993329466356,0.5295892513713866,0.9996176604625117
test,790,nips4b_birds_testfile0790.wav,5.00390022675737,,,44100,1,PCM_16,220672,0.00015322514863689096,0.04590621664749716,0.0021073807268869454,0.5384083396294833,20.685336668369057,-0.35986328125,0.47314453125,0.47314453125,0.045906472363198635,10.30670637261383,20.262398072448153,0.4660491589327146,0.012933280766389783,42.17260959605071,116.46199862448708,58.754169083526676,0.00010979668012058953,17.186593677494198,0.48330319954640366,0.9997726567582267
test,791,nips4b_birds_testfile0791.wav,1.3119274376417234,,,44100,1,PCM_16,57856,1.2870383473624171e-05,0.0015301895736299959,2.3414801312459483e-06,0.07306140511157316,-0.014520846262583209,-0.0048828125,0.00634765625,0.00634765625,0.0015302436988978933,4.148134218472317,12.357056002550557,0.12868155420353983,0.07565465387606948,658.4730616781051,2202.964127560829,665.433144358407,0.037873154320375246,60.97898230088496,0.5980110440580043,0.9412297208563603
test,792,nips4b_birds_testfile0792.wav,3.9067573696145126,,,44100,1,PCM_16,172288,-2.942645000667487e-05,0.006617536216103878,4.3791785571446436e-05,-0.17190246889640007,30.702041911484436,-0.056640625,0.0537109375,0.056640625,0.006617601641637734,8.559086519142982,18.64854832890518,0.6371714803120356,0.08168347002385554,776.9404133531652,2690.31596340302,518.0767087667161,0.05033722321169186,11.006570393759286,0.6394349154284558,0.9284881642478453
test,793,nips4b_birds_testfile0793.wav,5.00390022675737,,,44100,1,PCM_16,220672,1.0244807621719113e-05,0.004303665039361123,1.8521532771019173e-05,-0.4355777287610957,19.709219137102707,-0.0419921875,0.03662109375,0.0419921875,0.004303677233146368,9.75728086125548,19.786576124884373,0.40090722882830626,0.07609518242088902,296.9366162184172,1673.0011744173942,98.32330336426914,0.018116189656002986,20.384099477958234,0.5420497226930863,0.9742883056444382
test,794,nips4b_birds_testfile0794.wav,5.00390022675737,,,44100,1,PCM_16,220672,4.088629702680902e-05,0.009898602162436406,9.798232477019068e-05,1.193485096754026,27.149987210054768,-0.08984375,0.1201171875,0.1201171875,0.009898686602750652,12.134659103827145,21.680551606096916,0.562509063225058,0.04683895935578304,59.03889100941383,524.212724467351,49.56133990719257,0.0018722473248680746,17.186593677494198,0.46161618480825717,0.9973934798587868
test,795,nips4b_birds_testfile0795.wav,5.00390022675737,,,44100,1,PCM_16,220672,0.000141068566979499,0.008833759671434646,7.803530993266514e-05,0.18935086742647447,26.52218793377185,-0.07861328125,0.0791015625,0.0791015625,0.008834885979640867,8.953320131383906,19.03968226465529,0.6065291473317865,0.06081451572703255,75.49696863596913,661.7566989866602,47.16321055684455,0.0029439572871075665,29.177240429234338,0.48604609268406607,0.995922303598212
test,796,nips4b_birds_testfile0796.wav,5.00390022675737,,,44100,1,PCM_16,220672,-1.5665926125652552e-06,0.002215823056213401,4.909871816446898e-06,0.19152970949855788,10.688410237339006,-0.01416015625,0.017578125,0.017578125,0.0022158236100058397,7.9329983310150185,17.98874725834162,0.1739912630510441,0.0926537696389648,545.7323711544077,2340.593273210455,167.06967807424593,0.03520164765475137,17.98597012761021,0.5843473063545392,0.9497394432366039
test,797,nips4b_birds_testfile0797.wav,5.00390022675737,,,44100,1,PCM_16,220672,-7.98785216293866e-07,0.0017997906095143991,3.239246238096212e-06,-0.25491625336498586,5.97045400490309,-0.0126953125,0.0126953125,0.0126953125,0.0017997907867732944,7.0537712456904185,16.968427427170226,0.1415992966937355,0.0795890715137014,299.65115115104015,1551.87245967867,123.10397331786542,0.017488148048243158,16.58706133990719,0.5440298284438008,0.9697286033344041
test,798,nips4b_birds_testfile0798.wav,5.00390022675737,,,44100,1,PCM_16,220672,8.215760410246882e-06,0.0036467538591269544,1.3298813709057336e-05,1.0093420597007146,15.945644870496384,-0.02392578125,0.04248046875,0.04248046875,0.0036467631137457306,11.648814969603736,21.32563493927715,0.2366951856148492,0.04391605602911121,101.93434916571974,753.6294065619668,87.53172128770301,0.0038381943108488133,18.385658352668212,0.5231270143064538,0.9943433472248058
test,799,nips4b_birds_testfile0799.wav,3.2798185941043085,,,44100,1,PCM_16,144640,9.989105494676438e-06,0.009243113784102697,8.543515242586926e-05,0.21058734800707873,52.11615122033386,-0.11083984375,0.123046875,0.123046875,0.00924311918175341,13.312267491141247,22.485040711323986,0.46034983407079644,0.06341996280394638,604.9348450446128,1523.1593019081572,1128.1111725663716,0.01873981507742337,7.317477876106194,0.6466948737394433,0.9208707112219545
test,800,nips4b_birds_testfile0800.wav,2.4206802721088434,,,44100,1,PCM_16,106752,5.342405762889688e-06,0.003423030753794472,1.1717139541422748e-05,0.0001348851117850451,0.10727922221818975,-0.0166015625,0.01318359375,0.0166015625,0.0034230349228019986,4.84995417061373,13.714752695576802,0.058415767386091125,0.06212588172476136,575.6291326598316,1469.6847584786447,1096.799123201439,0.018360610161737588,9.501461330935252,0.6422155841870127,0.924738775675364
test,801,nips4b_birds_testfile0801.wav,5.00390022675737,,,44100,1,PCM_16,220672,6.881501447850203e-05,0.046326511398820075,0.002146145658385006,2.0879312137457156,54.33341095125787,-0.5478515625,0.70751953125,0.70751953125,0.04632656250890221,15.27243751603719,23.678167139664808,0.7309219112529002,0.08164190129196859,131.7395697980468,715.8074131526674,82.73546258700695,0.0023437001178815246,17.5862819025522,0.5137299348196449,0.9867791533828385
test,802,nips4b_birds_testfile0802.wav,2.589024943310658,,,44100,1,PCM_16,114176,7.6080116990435816e-06,0.0012048775574497973,1.4517299284461898e-06,-0.033078434100417546,0.0833289161674533,-0.00439453125,0.00439453125,0.00439453125,0.001204901577012912,3.6472118003982885,11.2392196867492,0.16536750280269058,0.06772060433544996,565.2078224328841,2287.3174377956207,293.54680493273537,0.03507522392975585,33.98963004484305,0.597727328865344,0.9530380552180279
test,803,nips4b_birds_testfile0803.wav,2.571609977324263,,,44100,1,PCM_16,113408,5.920100158278075e-06,0.0012820075157336406,1.6435432703975408e-06,-0.011856630640660035,0.19449062913125692,-0.0048828125,0.005859375,0.005859375,0.0012820211846858948,4.570419794923742,13.199121840547202,0.15729049097065462,0.06607175923884769,602.2448650343666,2372.4286612018627,336.36515942437927,0.03678017372327005,31.497777934537247,0.6091742614781771,0.9512485697829055
test,804,nips4b_birds_testfile0804.wav,2.56,,,44100,1,PCM_16,112896,1.0107650237829507e-05,0.0011312390943083563,1.2797018884915903e-06,0.119054416161815,0.07591637396043494,-0.00439453125,0.00439453125,0.00439453125,0.0011312842494638209,3.8845509005210803,11.786816330436885,0.17050205498866214,0.0729704592763187,709.7847915259431,2547.3982490841013,539.84375,0.043501725938776395,30.46875,0.6300643447260528,0.9426619827241454
test,805,nips4b_birds_testfile0805.wav,2.507755102040816,,,44100,1,PCM_16,110592,7.408636587637442e-06,0.0011286563001287422,1.2738650438203014e-06,-0.029582556305710748,0.05350071746366991,-0.00537109375,0.00439453125,0.00537109375,0.0011286806154605425,4.758736596010732,13.549833330835558,0.17200159143518517,0.07177799278422295,669.3485708949252,2460.290939822603,515.2018229166667,0.040519736946197156,28.710937500000004,0.617510175964888,0.9465507515680396
test,806,nips4b_birds_testfile0806.wav,4.54530612244898,,,44100,1,PCM_16,200448,7.79503911238825e-06,0.0011536176532627456,1.3308336899194445e-06,-0.016804791970944435,0.06893252331817834,-0.00537109375,0.0048828125,0.00537109375,0.0011536439886525687,4.655763652245371,13.359818508734609,0.1737308429118774,0.07108113366625592,604.0691335459959,2356.7534911469866,353.7715517241379,0.0368528292978017,28.820941091954023,0.6203312937185492,0.9514407320904509
test,807,nips4b_birds_testfile0807.wav,2.513560090702948,,,44100,1,PCM_16,110848,8.827544249783487e-06,0.0012143308105870786,1.4745993175410715e-06,0.02690507721320355,0.08588683300480948,-0.0048828125,0.00537109375,0.00537109375,0.00121436289595761,4.422972546245756,12.914284873528278,0.16134706986143188,0.06895089628045865,580.6419193682516,2274.4162076066314,451.9486143187067,0.03458624866931101,59.67631351039261,0.6022446642259439,0.9549675369708333
test,808,nips4b_birds_testfile0808.wav,2.507755102040816,,,44100,1,PCM_16,110592,1.1554470768681279e-05,0.0011448979899482566,1.3107914073875583e-06,0.03063006398587605,0.0031811309046374525,-0.00439453125,0.00439453125,0.00439453125,0.001144956293131883,3.8381650691480247,11.682472972754713,0.16946976273148148,0.07200405096255573,629.7282326455121,2402.951442952948,428.27148437500006,0.03836829893562399,27.913411458333336,0.613578179556975,0.9488378599683384
test,809,nips4b_birds_testfile0809.wav,5.00390022675737,,,44100,1,PCM_16,220672,5.39235338534114e-06,0.003069085246420855,9.419284249798162e-06,0.12130246076080838,2.0088670832097417,-0.01611328125,0.01611328125,0.01611328125,0.003069089983573827,5.250182085321837,14.403487314897049,0.0798923288863109,0.07610877732008284,417.8305819669528,1680.8166682126648,88.53094185034801,0.01330334224207355,29.57692865429234,0.5453555690343702,0.9483651634513071
test,810,nips4b_birds_testfile0810.wav,5.00390022675737,,,44100,1,PCM_16,220672,1.2800477773573448e-05,0.00207640006351761,4.311437223775935e-06,-0.06507114757322847,1.8606656513373903,-0.01171875,0.01171875,0.01171875,0.0020764395189860857,5.6436750952044115,15.031240071804039,0.10745812790023201,0.10880904151429051,1109.143928124746,2759.7699855719266,988.4289805684454,0.03888500872455548,25.38020229118329,0.6288030454656056,0.8583671556516491
test,811,nips4b_birds_testfile0811.wav,1.7473015873015874,,,44100,1,PCM_16,77056,1.3357777136108804e-05,0.0013971855288287492,1.9521274019684717e-06,0.022417227462936503,-0.09316049180442887,-0.00537109375,0.005859375,0.005859375,0.0013972493808116322,4.193506957645896,12.451547358252164,0.13954786129568106,0.11515151515151516,1264.2279733160103,3047.3134189646353,2093.513808139535,0.055854721514071025,57.23110465116279,0.6235297685427781,0.8491647441580439
test,812,nips4b_birds_testfile0812.wav,4.539501133786848,,,44100,1,PCM_16,200192,1.1202624386838635e-05,0.002648655546723298,7.015376205188091e-06,0.24879471109525242,4.058472880762227,-0.01416015625,0.02099609375,0.02099609375,0.002648679237654353,7.927005071627305,17.982182721024664,0.09180187020460358,0.08140226084089694,517.1163683711148,1933.9072571112993,122.70070732097187,0.02019594900862603,35.68674072890026,0.5690891605924457,0.9387654290348425
test,813,nips4b_birds_testfile0813.wav,2.786394557823129,,,44100,1,PCM_16,122880,9.520848592122395e-06,0.0016094245172916855,2.5902472768595747e-06,-0.5858486367493815,20.679364774481726,-0.01953125,0.01513671875,0.01953125,0.001609452678216259,12.135336605016743,21.681036542364286,0.14542643229166666,0.1384532751731378,1510.6447745159987,3051.8957144299607,5663.232421874999,0.05350209342255164,50.24414062499999,0.679446020811716,0.8002642263675394
test,814,nips4b_birds_testfile0814.wav,4.435011337868481,,,44100,1,PCM_16,195584,4.39888519766443e-06,0.0023185201190013822,5.375535542214184e-06,-0.10290894371541694,1.7595420001266477,-0.01416015625,0.0107421875,0.01416015625,0.002318524291959255,6.1074004266886694,15.717127901801263,0.09574402814136125,0.0639268239059632,272.7589191742195,1473.1431846929265,97.1812622709424,0.013392538794857991,25.479078043193716,0.547330405697408,0.975324622205644
test,815,nips4b_birds_testfile0815.wav,5.00390022675737,,,44100,1,PCM_16,220672,1.2827030190735572e-05,0.0023467591479237,5.5072784983635714e-06,-0.3887645390433858,2.591653859820788,-0.01611328125,0.01025390625,0.01611328125,0.002346794202964351,6.866081921306317,16.73417961639712,0.10086463167053364,0.07341698727970598,354.10333769465103,1676.18357682832,101.52080916473317,0.016586270446699275,37.57069315545243,0.5529494229481206,0.9640873094336818
test,816,nips4b_birds_testfile0816.wav,5.00390022675737,,,44100,1,PCM_16,220672,9.711546577046477e-06,0.0018864058572297035,3.5585270581905324e-06,-0.01931379430912348,1.1156283456961074,-0.0087890625,0.01025390625,0.01025390625,0.001886430855432409,5.435612029177498,14.704969021546198,0.10862728393271462,0.07189435856999787,326.58944661784824,1645.6054836705548,123.10397331786542,0.018092048518206255,25.18035817865429,0.5652775638950381,0.9699823038864754
test,817,nips4b_birds_testfile0817.wav,1.5441269841269842,,,44100,1,PCM_16,68096,1.3709964608787594e-05,0.001503885786569001,2.261672459044263e-06,0.09067653439854753,0.36986765347621686,-0.00634765625,0.00634765625,0.00634765625,0.0015039482777588586,4.220661271316524,12.507609985987923,0.13278312969924813,0.0975255158234819,945.9893574903131,2771.933572625057,497.36842105263156,0.04821878722776004,20.723684210526315,0.5857823963326239,0.892614802277286
test,818,nips4b_birds_testfile0818.wav,5.00390022675737,,,44100,1,PCM_16,220672,2.4295461703342517e-06,0.0040395163826206625,1.6317692605460726e-05,0.046045046170593365,2.0111632676378752,-0.02783203125,0.02099609375,0.02783203125,0.0040395171132395664,6.889940175963156,16.764309020556347,0.17592626160092809,0.04256562937585818,157.03610845294446,940.520382077458,121.5052204176334,0.006187073612211066,53.95791038283062,0.5577130722755295,0.9912816525627463
test,819,nips4b_birds_testfile0819.wav,3.430748299319728,,,44100,1,PCM_16,151296,2.1884485751440884e-05,0.001877640001279903,3.525531974406394e-06,-0.1342945548074775,0.6905207213004974,-0.009765625,0.00830078125,0.009765625,0.0018777675322368846,5.200657074077072,14.32116435584237,0.10945431472081218,0.07588486070260088,533.1621781247862,2184.740472376298,238.7234295685279,0.033232548466191204,53.924095812182735,0.5578485503580919,0.9522643689665009
test,820,nips4b_birds_testfile0820.wav,3.732607709750567,,,44100,1,PCM_16,164608,-3.731640093434098e-06,0.0022602600760408703,5.108775611344281e-06,0.01564015197987696,0.591494800126104,-0.0107421875,0.009765625,0.0107421875,0.0022602631564669785,4.752626909510454,13.538674453365928,0.09179991251944013,0.06486965924899914,446.08784101514425,1953.9502935203564,208.7012781881804,0.026961937572963668,41.79383748055987,0.5604202857318709,0.9605520976594666
test,821,nips4b_birds_testfile0821.wav,5.00390022675737,,,44100,1,PCM_16,220672,9.91732781005293e-06,0.00319547637949298,1.0211069291897564e-05,0.02084685394288455,2.9698739303454182,-0.01953125,0.021484375,0.021484375,0.0031954917689282904,6.723339177057391,16.55170041937919,0.08317321635730858,0.06049276977944542,257.8691560281444,1061.3173102901542,352.3251703886311,0.008273593827927393,61.352142546403705,0.598341570182931,0.9885323213131012
test,822,nips4b_birds_testfile0822.wav,2.6760997732426306,,,44100,1,PCM_16,118016,-3.640925806670282e-06,0.0022213473955153087,4.9343842515626445e-06,0.4414926441639041,6.75775131455493,-0.013671875,0.01953125,0.01953125,0.0022213503793646274,8.792512059977915,18.882259453520334,0.09751220173535792,0.06960132186586451,512.8277400722371,2107.0594610698363,311.64757321041213,0.03143405774625042,39.983561550976134,0.4297174475352381,0.9547442747043628
test,823,nips4b_birds_testfile0823.wav,5.00390022675737,,,44100,1,PCM_16,220672,1.614165693314059e-05,0.004853925405110752,2.3560591838379575e-05,-0.17759162193619724,3.659317627534607,-0.03955078125,0.0244140625,0.03955078125,0.004853952244456895,8.148160356370648,18.221191347165444,0.15185433584686775,0.04453235812589783,240.0272060424044,985.8169809361814,137.8924376450116,0.007420817085142338,43.765860643851504,0.5809492048908501,0.9798810778797542
test,824,nips4b_birds_testfile0824.wav,1.207437641723356,,,44100,1,PCM_16,53248,6.052163931039663e-06,0.0016931225018366964,2.866663806225754e-06,-0.07695804115012855,-0.040868397944832324,-0.00634765625,0.0068359375,0.0068359375,0.0016931333187064752,4.037447863362903,12.122138544306452,0.1158916766826923,0.09070933573722463,683.8862335753695,2405.6786089674356,667.5292968749999,0.04186432902590501,53.004807692307686,0.5542173058075592,0.9374308539148581
test,825,nips4b_birds_testfile0825.wav,5.00390022675737,,,44100,1,PCM_16,220672,9.908477004332222e-06,0.0005441618326929097,2.9611210015970617e-07,-0.013373174622731054,1.0094489443799084,-0.00341796875,0.00341796875,0.00341796875,0.0005442520354360207,6.2801212075610096,15.959360515721404,0.39761727813225056,0.18201304203995994,3202.766297656129,3892.3488143812083,5494.713873984919,0.1747592589770243,1242.8305358178654,0.8585372199317718,0.582643532405861
test,826,nips4b_birds_testfile0826.wav,5.00390022675737,,,44100,1,PCM_16,220672,9.702695771325768e-06,0.0007127158834766606,5.079639305599168e-07,0.034870080598064096,1.88775091847286,-0.00537109375,0.00439453125,0.00537109375,0.0007127819251812911,7.535395554024325,17.542121091662494,0.3362864341647332,0.1550090406079639,2413.7268733327305,2838.0727904336636,2856.3719003770298,0.09481843048044758,1131.9170533642691,0.8203516673646968,0.6649960844989824
test,827,nips4b_birds_testfile0827.wav,5.00390022675737,,,44100,1,PCM_16,220672,8.88399624216031e-06,0.00030631708162987497,9.383015449824347e-08,-0.0018843988069116527,0.07825731391667734,-0.00146484375,0.0009765625,0.00146484375,0.0003064458841092081,4.78010580647242,13.58875019441208,0.626980314675174,0.19973625895563984,6691.2869668106905,6283.517543303932,14499.289896316704,0.4144958445669231,11.790802639211137,0.9240018275308973,0.3554450205812871
test,828,nips4b_birds_testfile0828.wav,2.5309750566893423,,,44100,1,PCM_16,111616,9.615486914958428e-06,0.00030972895634816966,9.593202640052639e-08,0.00020824543676312601,0.07620666733815495,-0.0009765625,0.00146484375,0.00146484375,0.00030987817604526157,4.7271601010909565,13.492006227750199,0.6212102207568807,0.1975540921919097,6710.036185778009,6263.1066073254,14446.606221330276,0.4178784639409387,24.891592603211013,0.9200837586333096,0.3499834101547528
test,829,nips4b_birds_testfile0829.wav,2.507755102040816,,,44100,1,PCM_16,110592,9.408703556767216e-06,0.00030614183499850606,9.372282313625251e-08,0.0033425124098259806,0.11106316782856407,-0.00146484375,0.00146484375,0.00146484375,0.0003062863804332012,4.782595125281686,13.593272337077412,0.6283094618055556,0.19771048276984565,6670.362857642331,6283.571057598052,14487.858072916668,0.4124364934307799,35.091145833333336,0.9183070852241894,0.35499052374910295
test,830,nips4b_birds_testfile0830.wav,1.5209070294784581,,,44100,1,PCM_16,67072,9.97354056088979e-06,0.0010628507355966317,1.129651686158301e-06,0.017838614395809464,0.34026331129578447,-0.00537109375,0.0048828125,0.00537109375,0.0010628975292424105,5.0532564073493464,14.07142670678609,0.18760436545801526,0.1779010302515245,3082.715773735446,3459.701709956057,6502.041090171755,0.13943570234604896,645.0098401717556,0.848348699699556,0.5854464375033881
test,831,nips4b_birds_testfile0831.wav,5.00390022675737,,,44100,1,PCM_16,220672,9.368577855369055e-06,0.0006953462004719995,4.83506338510846e-07,-0.0008455526386718094,2.8730524462704787,-0.0146484375,0.01318359375,0.0146484375,0.0006954093102352586,21.06448286555784,26.47101603271193,0.3033189530162413,0.1556797223015258,2845.133615238815,3402.7247569384776,4417.154419228538,0.14331870830180965,577.9491734338746,0.8548718122629564,0.581699481602859
test,832,nips4b_birds_testfile0832.wav,5.00390022675737,,,44100,1,PCM_16,220672,1.0185064683104337e-05,0.00036063823795657923,1.3005993867642627e-07,0.00818843689372503,0.16104937956105214,-0.001953125,0.00146484375,0.001953125,0.00036078203145254513,5.413587234753683,14.669702788192412,0.546884063225058,0.19236329195952345,5322.503487056245,5701.503881358169,12945.70176551624,0.3447497657204893,18.98519069025522,0.9132836683625174,0.4196097748367395
test,833,nips4b_birds_testfile0833.wav,5.00390022675737,,,44100,1,PCM_16,220672,8.928250270763848e-06,0.00034166082968589207,1.1673212254165214e-07,-0.0005169067487674961,0.3566409985364922,-0.00146484375,0.00146484375,0.00146484375,0.00034177746589637755,4.285957665927927,12.640957540627173,0.5837170098607889,0.20160329177825814,5940.20620234862,5327.294386605964,12864.764899941994,0.3417083298750849,21.183475928074245,0.9118866826452462,0.2501007749206616
test,834,nips4b_birds_testfile0834.wav,5.00390022675737,,,44100,1,PCM_16,220672,1.0169575773093097e-05,0.00031084825535206254,9.662663785542108e-08,0.0002456315426853296,0.0952890846922192,-0.00146484375,0.00146484375,0.00146484375,0.00031101456256391876,4.709887980563449,13.460211560829764,0.6199517836426914,0.19792813736286147,6631.105472368326,6208.593180194571,14362.996211571925,0.4138950111883983,32.77443445475638,0.9241461517382378,0.3461037726295922
test,835,nips4b_birds_testfile0835.wav,1.7531065759637188,,,44100,1,PCM_16,77312,9.227272690526697e-06,0.00031228477492156986,9.752178064781556e-08,-0.006048272905371831,0.09456146822631117,-0.0009765625,0.0009765625,0.0009765625,0.0003124210671659658,3.1257895277632666,9.899194636757795,0.6178859685430463,0.19981632626663734,6664.375964098061,6243.695153476994,14396.158423013245,0.41558537880786867,26.809550910596027,0.9196260019427537,0.3513859590115851
test,836,nips4b_birds_testfile0836.wav,5.00390022675737,,,44100,1,PCM_16,220672,9.519041552621085e-06,0.0004424153066716114,1.9573130357733594e-07,-0.0008096547724843825,0.8131213276105993,-0.00244140625,0.00244140625,0.00244140625,0.00044251770103512976,5.517081563718479,14.83418809101275,0.47544772331786544,0.19273035423775667,3876.6329434451777,4574.888333306364,8868.282337587007,0.237613770741449,942.8645229118329,0.8797047046242907,0.5501304631704032
test,837,nips4b_birds_testfile0837.wav,5.00390022675737,,,44100,1,PCM_16,220672,8.806551692104118e-06,0.00030937792047233,9.571469767578334e-08,0.001733690078706611,0.08982632687712266,-0.0009765625,0.0009765625,0.0009765625,0.00030950323589340554,3.1552578026561666,9.98069698758968,0.6224713602088167,0.19772421387495412,6545.856086737558,6240.728144952138,14304.242042488399,0.4078441753002462,13.989087877030162,0.9225617394168791,0.3618493704779595
test,838,nips4b_birds_testfile0838.wav,2.815419501133787,,,44100,1,PCM_16,124160,9.580002617590206e-06,0.00031181801178058795,9.72304724707989e-08,0.014682353758505039,0.10013576903320853,-0.00146484375,0.0009765625,0.00146484375,0.00031196514055412014,4.695536646812873,13.433704687871495,0.618798324742268,0.2007506503757279,6595.960729075899,6245.619715001376,14377.963917525774,0.4109292101689887,23.797519329896907,0.9189309062056321,0.3622897667520462
test,839,nips4b_birds_testfile0839.wav,5.00390022675737,,,44100,1,PCM_16,220672,9.563295581224623e-06,0.00030790616774041183,9.480620813258662e-08,0.004526388804742055,0.10342515466094504,-0.0009765625,0.0009765625,0.0009765625,0.00030805464572857927,3.170095025479439,10.02144561295328,0.6253942502900232,0.19726198730236416,6624.65853876265,6260.243311957247,14345.609773781902,0.41149222021345805,17.98597012761021,0.9231433151135522,0.35769696953709046
test,840,nips4b_birds_testfile0840.wav,1.787936507936508,,,44100,1,PCM_16,78848,7.96999250139509e-06,0.0003094753866492902,9.577501494172768e-08,-0.006891273638683465,0.08284983063330431,-0.0009765625,0.0009765625,0.0009765625,0.0003095779961854524,3.1544958363739495,9.978599170322616,0.6220322646103896,0.20163100688675537,6674.232314495165,6200.219387836293,14239.879261363636,0.4171448538608119,20.134943181818183,0.9205520041931547,0.3466442447570203
test,841,nips4b_birds_testfile0841.wav,3.825487528344671,,,44100,1,PCM_16,168704,1.0080872971298842e-05,0.0003194901111414391,1.0207393111716911e-07,0.005289844238078861,0.2235926691877923,-0.00146484375,0.00146484375,0.00146484375,0.000319649112492171,4.582661714838572,13.22235598931502,0.6101337253414264,0.19857382500607576,6415.6351079495425,6031.475322600418,13997.431596168437,0.4007549485698618,42.60894821699545,0.9245017582468376,0.32275928003528986
test,842,nips4b_birds_testfile0842.wav,5.00390022675737,,,44100,1,PCM_16,220672,9.21368875525667e-06,0.00038771182916963015,1.5032046247806047e-07,0.04926396824424352,3.8100272119981504,-0.0029296875,0.0029296875,0.0029296875,0.00038782129201287953,7.554220359574031,17.563792984336892,0.580005619199536,0.2040141205686293,6046.21460145401,5198.132800356119,12699.893507105568,0.32680987260817634,17.786126015081205,0.904580113348094,0.23814659816116596
test,843,nips4b_birds_testfile0843.wav,5.00390022675737,,,44100,1,PCM_16,220672,1.0266934636020882e-05,0.00032597521266344913,1.0625983927098087e-07,-0.004203592970576246,0.4639842377285244,-0.001953125,0.001953125,0.001953125,0.0003261368565768076,5.988666906587495,15.546603160485336,0.6059037848027842,0.20071962333065968,6251.241139530592,5570.703993193162,13364.774869489558,0.36304886749768883,26.97895519141531,0.9156613257177413,0.2757726769307547
test,844,nips4b_birds_testfile0844.wav,5.00390022675737,,,44100,1,PCM_16,220672,9.273431693871447e-06,0.00045713235651276003,2.0896999137090915e-07,-0.008330941879216389,0.5626686713613203,-0.00244140625,0.00244140625,0.00244140625,0.0004572264077087959,5.3396002698840475,14.550174926782962,0.4547020011600928,0.17777143349148733,3989.6468550275317,4839.164645578697,9402.665494489558,0.24049586704509773,1210.2559454756379,0.8790234617838142,0.5417202514672843
test,845,nips4b_birds_testfile0845.wav,5.00390022675737,,,44100,1,PCM_16,220672,9.550019372643562e-06,0.0006703991966698656,4.494350828956012e-07,0.01953045841275919,1.4610747620346078,-0.00439453125,0.00439453125,0.00439453125,0.000670467214534476,6.554431230543084,16.330700223637965,0.355418902262181,0.1821671175641566,3436.3562655288165,3602.6653859911885,5509.702182424594,0.17574866040215545,1393.912684889791,0.8772014017462276,0.4709993741718524
test,846,nips4b_birds_testfile0846.wav,4.498866213151928,,,44100,1,PCM_16,198400,9.773008285030242e-06,0.0004258508638814366,1.8134895826856588e-07,-0.0028568840154662525,0.38952428969969377,-0.001953125,0.001953125,0.001953125,0.0004259629913026543,4.58519880806328,13.227163416796886,0.47908266129032256,0.18647271407617982,4384.5723869133835,5209.003978499691,11059.008568548386,0.28168499291418886,17.559979838709676,0.8942814063825445,0.5177384274339568
test,847,nips4b_birds_testfile0847.wav,2.5193650793650795,,,44100,1,PCM_16,111104,8.855547223772322e-06,0.0003076146693184879,9.462678477992266e-08,0.016598525894742026,0.10100341661644707,-0.0009765625,0.0009765625,0.0009765625,0.00030774210874782006,3.1733145131602587,10.030262359504942,0.6258640552995391,0.20058864297093687,6643.927879207083,6200.719081794071,14246.049647177419,0.4139570823812272,31.357106854838708,0.9212300686023545,0.3496313159056214
test,848,nips4b_birds_testfile0848.wav,1.5151020408163265,,,44100,1,PCM_16,66816,9.032501571479885e-06,0.0005304773338567177,2.814062017357315e-07,0.024195309741379283,-0.013413315178118168,-0.001953125,0.001953125,0.001953125,0.0005305542270309136,3.6812919405619926,11.32000520059098,0.3661847461685824,0.1841203322607199,3765.5300479008306,4565.031494532988,9211.920797413793,0.22450523041608145,1008.5129310344827,0.8629621677275106,0.5663914384982636
test,849,nips4b_birds_testfile0849.wav,4.458231292517007,,,44100,1,PCM_16,196608,9.201467037200928e-06,0.00044591344621634343,1.988388015165358e-07,-0.0005484030063481408,1.280316452105617,-0.0029296875,0.00244140625,0.0029296875,0.00044600837269290417,6.568682740889295,16.349565729946264,0.4919840494791667,0.1833454556551903,4759.5231717474835,5464.702381270977,12099.192810058594,0.3004736096003974,12.78533935546875,0.8968891497056836,0.5205685623086633
test,850,nips4b_birds_testfile0850.wav,4.6788208616780045,,,44100,1,PCM_16,206336,1.0561410605759538e-05,0.0005957108487898595,3.548714153659349e-07,-0.0108244122083486,0.9197506020632589,-0.00390625,0.00390625,0.00390625,0.0005958044635280257,6.55626172531394,16.33312564473806,0.36711480303970223,0.21549906705115468,4105.086277075132,4962.187134669278,9727.450856854839,0.25679371138870744,1063.9432769851117,0.8821476395628643,0.5652986915720668
test,851,nips4b_birds_testfile0851.wav,4.963265306122449,,,44100,1,PCM_16,218880,9.478741919088085e-06,0.001182710234575381,1.3988034989693528e-06,0.023680605722559436,3.6672813872492362,-0.0078125,0.0078125,0.0078125,0.0011827482172963619,6.605378799774101,16.397954564474773,0.27324104532163745,0.19762974063295247,3141.040441182334,3478.4848496748755,4613.293585526316,0.15368899737020728,2303.7253289473683,0.8661084417004822,0.46494099459302063
test,852,nips4b_birds_testfile0852.wav,4.487256235827664,,,44100,1,PCM_16,197888,9.087664960735366e-06,0.0009901223433723722,9.803422548451976e-07,-0.018608917088884194,2.858025955876677,-0.00634765625,0.00634765625,0.00634765625,0.0009901640472667326,6.41071170734,16.138124937997183,0.28291760996119014,0.19652630036333868,3441.8286877434357,3947.4718613604477,6467.426524094437,0.19373603014116092,142.40327862225095,0.8776864879621612,0.4696557273900197
test,853,nips4b_birds_testfile0853.wav,5.00390022675737,,,44100,1,PCM_16,220672,1.0182851981674158e-05,0.0014140184008937763,1.999448038066192e-06,-0.008939936341211676,1.255698039532164,-0.00830078125,0.0087890625,0.0087890625,0.0014140550655970484,6.215502291128277,15.869524617560533,0.1656259063225058,0.15672199790638552,2576.532912812312,2947.967363942937,3479.685687354988,0.10994584615277146,1356.3419917343385,0.8460091025061525,0.6130137512280792
test,854,nips4b_birds_testfile0854.wav,5.00390022675737,,,44100,1,PCM_16,220672,9.647378235571345e-06,0.0009447317248228538,8.925180318867644e-07,-0.009825703380441109,1.8434894910774027,-0.00634765625,0.00537109375,0.00634765625,0.0009447809819178117,6.71865371074139,16.545645149850095,0.2712849840487239,0.19461551359263338,3722.859922141999,3713.705886087772,7396.430448810905,0.14213409484643943,7392.633410672854,0.8586342684983722,0.49932084223014794
test,855,nips4b_birds_testfile0855.wav,5.00390022675737,,,44100,1,PCM_16,220672,9.946092928645228e-06,0.0010335190183826492,1.068161561358635e-06,-0.018428618568566434,1.3949410290321582,-0.0078125,0.00634765625,0.0078125,0.0010335668754962982,7.558775523111258,17.569028961276597,0.2312481873549884,0.16219167901536677,2476.1896373475665,2567.1908109486003,3125.961608178654,0.08577015027846308,1842.3628734048723,0.8315896587685595,0.5522791830744733
test,856,nips4b_birds_testfile0856.wav,2.6644897959183673,,,44100,1,PCM_16,117504,9.0671780322372e-06,0.0004287476809306865,1.8382457390344177e-07,-0.0029895650980467903,0.19240425110060633,-0.001953125,0.001953125,0.001953125,0.0004288435467870656,4.554399884603576,13.1686231959924,0.4609034586056645,0.25330417095733726,6320.315414278522,5732.6802679258,13652.895220588236,0.3929893440489631,15.762867647058824,0.9214980581624892,0.25177920434056883
test,857,nips4b_birds_testfile0857.wav,5.00390022675737,,,44100,1,PCM_16,220672,9.521254254051262e-06,0.001044889615759474,1.0917943091219813e-06,-0.0238076141846606,2.615610499882732,-0.00732421875,0.00732421875,0.00732421875,0.001044932994696096,7.0092712041599805,16.913457282397346,0.2529500797563805,0.17251927076960724,2277.8081959106444,2869.038146565457,3020.6437608758697,0.09594919319246693,1126.920950551044,0.8196970350469086,0.7147699177040318
test,858,nips4b_birds_testfile0858.wav,2.6296598639455784,,,44100,1,PCM_16,115968,8.930433664890315e-06,0.00039454916383893456,1.5566904268600244e-07,-0.0047114386282992825,0.061562987795686475,-0.001953125,0.001953125,0.001953125,0.0003946502189679432,4.949002701956309,13.89035381837061,0.49642142660044153,0.26131571912699303,7057.5716193223725,6019.231826739231,14456.242239238409,0.4456548858630522,26.619412251655625,0.9353230358900354,0.27618403455703583
test,859,nips4b_birds_testfile0859.wav,5.00390022675737,,,44100,1,PCM_16,220672,1.024702032314929e-05,0.0011429894862830766,1.3064249657536515e-06,0.007348395247374058,3.470563667113969,-0.01025390625,0.0078125,0.01025390625,0.0011430354181647892,8.970768610532867,19.056593095023885,0.27748422998839906,0.21284174177848472,3369.5588354581623,3551.661652541865,6200.1635912122965,0.16216729148850612,142.08916400812063,0.874305636437995,0.44252727007205217
test,860,nips4b_birds_testfile0860.wav,5.00390022675737,,,44100,1,PCM_16,220672,9.576571789805685e-06,0.0011358138603299775,1.2900731253176856e-06,0.0012026680484985386,1.0601062316100363,-0.005859375,0.005859375,0.005859375,0.0011358542318646928,5.158562459533972,14.25057386636935,0.20452979988399073,0.1644393690154121,2538.736707416955,2780.953681472588,3561.222085266821,0.10292690487615147,1551.9893779002318,0.8463206737224548,0.5947766206801879
test,861,nips4b_birds_testfile0861.wav,5.00390022675737,,,44100,1,PCM_16,220672,9.634102026990285e-06,0.0008520852302158465,7.260492395519921e-07,-0.01085277483202338,1.7905899126773592,-0.0048828125,0.0048828125,0.0048828125,0.0008521396924647148,5.730061095824598,15.163185051696962,0.29185850493039445,0.19466536155634406,2869.312316886148,3660.513690564339,4335.218333091647,0.15331348481683238,1173.6844728828305,0.8500813520395323,0.6374195158631674
test,862,nips4b_birds_testfile0862.wav,5.00390022675737,,,44100,1,PCM_16,220672,9.220326859547202e-06,0.000495453392917125,2.4547406455309103e-07,0.0038543225218704486,0.8739953621109366,-0.0029296875,0.0029296875,0.0029296875,0.0004955391800660043,5.912120812747388,15.434866003586002,0.4269866589327146,0.24775344290822082,6033.289394486011,5227.082081504474,12716.480568445475,0.3478957015427215,35.37240791763341,0.9137798194053888,0.17779278951915625
test,863,nips4b_birds_testfile0863.wav,5.00390022675737,,,44100,1,PCM_16,220672,9.499127239749492e-06,0.001129955518799821,1.2767994744661728e-06,-0.012915644012682914,1.4480731811897423,-0.005859375,0.0068359375,0.0068359375,0.0011299954459574118,6.049526592744904,15.634427803122307,0.21968351218097448,0.15968568593063884,2183.697891527352,2695.204079142271,2951.297853828306,0.08656763930849964,1119.9264066125288,0.8227929431360826,0.7138391347098667
test,864,nips4b_birds_testfile0864.wav,5.00390022675737,,,44100,1,PCM_16,220672,9.167222025222955e-06,0.001771947717794036,3.1397987145954927e-06,0.02778904871835585,2.6128593075488693,-0.01123046875,0.01171875,0.01171875,0.0017719714310775873,6.613396691657432,16.408491475796758,0.16300210266821347,0.2635869688359594,4714.56071724419,4269.007243113762,10043.765407482599,0.1811968934638182,453.2464472157772,0.8669945101801911,0.4099828393322049
test,865,nips4b_birds_testfile0865.wav,5.00390022675737,,,44100,1,PCM_16,220672,9.855372170007975e-06,0.0009402588444653884,8.840866945953873e-07,0.015417813015629354,2.319396938083786,-0.0068359375,0.00732421875,0.00732421875,0.0009403104928458454,7.789149228605634,17.829800487213152,0.28054760005800466,0.20555487581059587,4816.748960159125,3556.36415674392,5841.243565110209,0.1853721022790302,4782.669301044083,0.8704114017265213,0.1865818184857776
test,866,nips4b_birds_testfile0866.wav,4.899410430839002,,,44100,1,PCM_16,216064,9.387590308889959e-06,0.0007956791385107248,6.331052914611692e-07,0.011922003247831436,2.3329625186934004,-0.005859375,0.00537109375,0.005859375,0.000795734514969017,7.363479765896724,17.34166195519094,0.32517679946682465,0.20041839648621004,3009.5078735014645,3895.3177360519344,4480.539099526066,0.16501645943507323,945.0116632109005,0.8540106485996135,0.6164692783751231
test,867,nips4b_birds_testfile0867.wav,3.889342403628118,,,44100,1,PCM_16,171520,9.761639495394122e-06,0.0007848670553114741,6.160162945133046e-07,0.013547421383462358,3.893050955987123,-0.00634765625,0.0048828125,0.00634765625,0.0007849277572611015,8.086930537594036,18.155674255388607,0.35455340485074627,0.2262664777663116,4945.908945329455,5240.118491030672,11426.867420708955,0.3173922891104716,440.9485774253731,0.9087523325721083,0.39354142964756883
test,868,nips4b_birds_testfile0868.wav,4.197006802721089,,,44100,1,PCM_16,185088,9.906077615782763e-06,0.000641835033753813,4.119522105537582e-07,-0.02691113505420066,1.4031133469274062,-0.00439453125,0.00390625,0.00439453125,0.0006419114743697047,6.846008251083231,16.708748364625414,0.35735974239280777,0.21758956598788678,4272.757799582782,4919.355565545925,9866.793633298754,0.2743049946272771,509.1723936721991,0.894691640732974,0.46587525871952795
test,869,nips4b_birds_testfile0869.wav,4.330521541950113,,,44100,1,PCM_16,190976,9.022832875596933e-06,0.0009267006149450332,8.587740297395027e-07,-0.0348763591796158,4.634481325616748,-0.00830078125,0.0078125,0.00830078125,0.0009267445393702645,8.95692491011654,19.0431786669202,0.3328533428284182,0.2043304097394947,3203.2361467671244,4102.350555802929,5929.539837466488,0.1871916922312147,749.3323768431635,0.8668570082353277,0.5842506570796672
test,870,nips4b_birds_testfile0870.wav,1.1900226757369614,,,44100,1,PCM_16,52480,9.99264600800305e-06,0.0004222727721513529,1.7831429410038839e-07,-0.004719469719846716,0.017464994081031193,-0.001953125,0.00146484375,0.001953125,0.00042239098839183303,4.6239741227343,13.300307899317156,0.46038490853658537,0.26225728386592734,6712.76207156128,5855.887110260524,13749.317835365853,0.4176672251887483,394.9504573170732,0.9200688500512867,0.2958213965819867
test,871,nips4b_birds_testfile0871.wav,4.899410430839002,,,44100,1,PCM_16,216064,9.421488685065536e-06,0.0010141284948674083,1.0284566041020352e-06,0.02681042111522039,3.534354551918649,-0.0068359375,0.0087890625,0.0087890625,0.0010141722578295455,8.666242279994608,18.756616526632484,0.29396382553317535,0.18282167701087182,2435.031429336026,3277.0764619619194,3271.209919283175,0.12031185918151233,667.6313499703791,0.8403199840588434,0.6784725912919733
test,872,nips4b_birds_testfile0872.wav,5.00390022675737,,,44100,1,PCM_16,220672,9.189349039524725e-06,0.0009146198878951209,8.365295393332836e-07,0.020880550984660143,2.7089039194663904,-0.0068359375,0.0068359375,0.0068359375,0.0009146660502440515,7.473697638800558,17.470710474883866,0.28862293358468677,0.20101417947985917,3297.2727548915427,4049.6322712899046,5873.6183113399065,0.19094648954947507,1174.8835375580045,0.8698167406813847,0.5791752543068648
test,873,nips4b_birds_testfile0873.wav,1.1668027210884353,,,44100,1,PCM_16,51456,7.819180464863184e-06,0.00040070174337197037,1.6056188714133639e-07,0.012414355906018667,-0.0013817997205136656,-0.00146484375,0.00146484375,0.00146484375,0.00040077802674857126,3.6550001552828943,11.25774799489812,0.4854050062189055,0.257448255757458,6519.390971517809,6023.237848940944,13979.226912313434,0.4177649920847319,17.140858208955226,0.9215262781560648,0.33949668896394897
test,874,nips4b_birds_testfile0874.wav,2.6064399092970523,,,44100,1,PCM_16,114944,9.009992093976196e-06,0.00039417637963236085,1.5537501826007507e-07,-0.013269576503577858,0.09134273630728718,-0.00244140625,0.001953125,0.00244140625,0.00039427934033830456,6.192072473047139,15.836720615190089,0.4962851475501114,0.2609467301184065,7127.005232351681,6011.380187101138,14388.20817093541,0.4479183898163016,17.648594097995545,0.9357188504350543,0.26888492646594137
test,875,nips4b_birds_testfile0875.wav,5.00390022675737,,,44100,1,PCM_16,220672,9.742524397068953e-06,0.0008486656558002779,7.202333953349158e-07,0.019228191252282745,2.208064292190575,-0.005859375,0.00634765625,0.00634765625,0.0008487215751449607,7.479079636824157,17.476963151831075,0.2783407047563805,0.2172555523834124,4775.499503544908,4326.931542266216,9028.357471722737,0.2575239234219544,2390.5352740719254,0.8903869831490453,0.21671377200851094
test,876,nips4b_birds_testfile0876.wav,5.00390022675737,,,44100,1,PCM_16,220672,9.864222975728683e-06,0.0011769693757581086,1.3852569114724317e-06,-0.02843439802372064,2.4502192763459716,-0.0068359375,0.00634765625,0.0068359375,0.001177010711237305,5.807880450649324,15.280353365419028,0.23168775377030162,0.20453525837105918,3797.857363391523,3145.135101287713,6357.041219547564,0.13310455803504614,3302.823647766821,0.8352222784929354,0.12623381564180286
test,877,nips4b_birds_testfile0877.wav,5.00390022675737,,,44100,1,PCM_16,220672,9.552232074073738e-06,0.0020053923319413346,4.0215984050091045e-06,-0.0027963854367248652,5.804122816098351,-0.0126953125,0.0126953125,0.0126953125,0.002005415081759061,6.330516118819769,16.02878237860288,0.2179705626450116,0.1975384169193052,3970.886087180649,3212.730445867664,7463.178382395591,0.1317634245203118,2571.1943517981435,0.8311570649813931,0.10446121102236139
test,878,nips4b_birds_testfile0878.wav,2.995374149659864,,,44100,1,PCM_16,132096,9.436940037926963e-06,0.0006316693208781709,3.9900613093868955e-07,-0.010342003379773675,0.4551071334820813,-0.00439453125,0.00390625,0.00439453125,0.0006317398093962173,6.956236071619508,16.84748624194988,0.3186924660852713,0.24093266209924674,5130.015940055623,4547.11876996889,9782.417332848836,0.2937462870196323,1632.5172601744184,0.9049709717134781,0.23128425419357848
test,879,nips4b_birds_testfile0879.wav,4.684625850340136,,,44100,1,PCM_16,206592,9.924358003940132e-06,0.0006553587614182305,4.2949510616763715e-07,-0.003982708469744671,0.6824235555019067,-0.005859375,0.00634765625,0.00634765625,0.000655433901358045,9.684662689628645,19.721689982601717,0.3139134138785626,0.23648174412244483,5187.984737349913,4378.245119096729,9279.716542750928,0.28278004499197373,3291.404797862453,0.9047480417104394,0.21341574108049213
test,880,nips4b_birds_testfile0880.wav,5.00390022675737,,,44100,1,PCM_16,220672,8.886208943590487e-06,0.0007429283300645238,5.51942503612462e-07,-0.0009605624876282358,1.0100788160206662,-0.00439453125,0.00537109375,0.00537109375,0.0007429814723947369,7.229108597672277,17.181694977760152,0.2848345055104408,0.25736503663825333,5995.751116213311,3753.0825432409656,8254.161379785382,0.23708047906932103,5304.262434744779,0.902340458057723,0.1393319796408133
test,881,nips4b_birds_testfile0881.wav,2.8328344671201813,,,44100,1,PCM_16,124928,9.313958590147925e-06,0.0006112756835774751,3.7365796133310946e-07,-0.0066175625768695265,0.3609407784383283,-0.00341796875,0.00341796875,0.00341796875,0.0006113466374796941,5.590885007711404,14.949611197239355,0.32859727202868855,0.2407405925060235,5116.977425302507,4662.955067727064,9979.404136782787,0.2983728790365452,27.534259733606557,0.904509523443962,0.25068706773005084
test,882,nips4b_birds_testfile0882.wav,5.00390022675737,,,44100,1,PCM_16,220672,9.817756245694968e-06,0.0006997334825507446,4.896269466025932e-07,0.0019511564694099802,0.6279053017081426,-0.0048828125,0.00537109375,0.00537109375,0.0006998023541974498,7.675158161134939,17.701746673995356,0.2946001305104408,0.23029306071028816,4962.55197288308,4466.685543190872,9290.353103248259,0.2818485814902543,2055.1968532482597,0.9060584788191871,0.24282253667586687
test,883,nips4b_birds_testfile0883.wav,2.594829931972789,,,44100,1,PCM_16,114432,9.494073172276985e-06,0.0006058559152455771,3.670613900380559e-07,-0.0036526076660335087,0.3781466501190627,-0.00390625,0.00390625,0.00390625,0.0006059302991792508,6.4466985811587945,16.186747300298784,0.330292225950783,0.24134194405362183,5203.079425902558,4698.225748919084,10076.575608221478,0.30480281105709506,28.132864932885905,0.905600516896245,0.24314259236713695
test,884,nips4b_birds_testfile0884.wav,4.527891156462585,,,44100,1,PCM_16,199680,9.348453619541267e-06,0.0006078461368350179,3.694769260652554e-07,0.0027363955692887637,0.4219124094564348,-0.0048828125,0.00439453125,0.0048828125,0.000607918020501393,8.03202460748375,18.096500606770963,0.33043870192307695,0.2437462126713375,5149.019597722783,4665.14334809885,9974.179687499998,0.30044371292229743,9.49669471153846,0.9094562448009199,0.2542287698059811
test,885,nips4b_birds_testfile0885.wav,5.00390022675737,,,44100,1,PCM_16,220672,9.598698804107453e-06,0.0006998916805236521,4.898483644662219e-07,0.002043642154232706,1.0446582635468182,-0.0048828125,0.0048828125,0.0048828125,0.0006999574983418307,6.975869980059038,16.871967547810385,0.30033715197215777,0.2549768660132052,5771.339390175059,3785.4880308083752,8466.195983178653,0.24100459174781041,5420.971396461717,0.8972291649894804,0.14122806830782156
test,886,nips4b_birds_testfile0886.wav,5.00390022675737,,,44100,1,PCM_16,220672,9.627463922699753e-06,0.0007267391573530408,5.281498028302078e-07,-0.007655613638104688,1.0053898012444682,-0.0068359375,0.005859375,0.0068359375,0.0007268029243830756,9.405489811151318,19.46762834592808,0.2971106438515081,0.2316389557304766,4755.165807371085,3885.801607101501,7865.464580916473,0.21148538796273023,3613.3813986368905,0.8399896248131604,0.15689317785639642
test,887,nips4b_birds_testfile0887.wav,3.8951473922902493,,,44100,1,PCM_16,171776,1.0434987825714885e-05,0.0013653165896081144,1.8640893898591324e-06,0.03480393024476881,8.685331130734953,-0.01025390625,0.0107421875,0.0107421875,0.0013653564658469431,7.867679810148717,17.916933543717917,0.26852412444113266,0.21414641245815746,3357.184787467924,2732.9951944582976,3561.8677812965725,0.09576530488727932,2585.524753166915,0.7679826579632851,0.07326531401258682
test,888,nips4b_birds_testfile0888.wav,4.173786848072562,,,44100,1,PCM_16,184064,9.038020573007215e-06,0.0006893586567145016,4.7521535758722214e-07,0.009721561976590406,2.350014994177177,-0.00537109375,0.005859375,0.005859375,0.0006894179018585899,8.499017771664779,18.58737474723964,0.3203125,0.24413923493586434,5255.2157706136895,4720.052837337994,10156.244567107095,0.3085818236942365,12.937891168289292,0.9100914976449539,0.24925139970619495
test,889,nips4b_birds_testfile0889.wav,5.00390022675737,,,44100,1,PCM_16,220672,9.589847998386747e-06,0.0017695259171404316,3.1312219714316856e-06,0.041689302265781984,5.343734887850719,-0.01318359375,0.01416015625,0.01416015625,0.0017695519027754788,8.00211411023904,18.064094802628617,0.2257966574825986,0.19744778425801307,3786.326676189927,2935.81119185305,6173.38448013341,0.11935162226126372,2413.5173470127606,0.8331461233341958,0.08832296270015103
test,890,nips4b_birds_testfile0890.wav,2.153650793650794,,,44100,1,PCM_16,94976,9.3105347008718e-06,0.0005864878275970641,3.4396797191952364e-07,-0.011798912360652556,0.35274966478437797,-0.0029296875,0.0029296875,0.0029296875,0.0005865617256316165,4.994678943371694,13.97015154251803,0.3431287904312669,0.24183206106870228,5376.5148932531865,4727.722500331401,10368.904775943396,0.3156366323052396,2272.884728773585,0.9085589379150426,0.2283146564884928
test,891,nips4b_birds_testfile0891.wav,5.00390022675737,,,44100,1,PCM_16,220672,9.494701836889138e-06,0.0009134749375148992,8.344364614678489e-07,0.0016980281197919943,1.4190597836122327,-0.00537109375,0.0048828125,0.00537109375,0.0009135242803728976,5.8795303697976555,15.386852759785326,0.2629332221577726,0.2274154737142624,4939.140093424592,3449.3954993708044,7052.298887035962,0.18630570955039838,3777.0537267981435,0.8413105422375564,0.1219167085408428
test,892,nips4b_birds_testfile0892.wav,5.00390022675737,,,44100,1,PCM_16,220672,9.127393399479772e-06,0.0008929023862350846,7.972746713443082e-07,-0.02103012421376401,1.4193287188520172,-0.0068359375,0.0048828125,0.0068359375,0.0008929490358663125,7.655462098537323,17.679428213651786,0.2671793430974478,0.2269759053069955,4466.101106862197,3387.5159481930978,6394.811756815545,0.16494547450615205,3809.228628915313,0.7934358384357876,0.1158576733848588
test,893,nips4b_birds_testfile0893.wav,5.00390022675737,,,44100,1,PCM_16,220672,8.82646600497571e-06,0.0009760683298698538,9.527093845749259e-07,-0.00552895276108042,1.4273808668395738,-0.005859375,0.005859375,0.005859375,0.0009761082373779369,6.002792288424591,15.567066318885859,0.25304977523201855,0.21184025087120645,4554.142356846379,3562.1154448881266,6783.708399796983,0.1799493984217341,3787.0459324245935,0.842481169219965,0.12858578389045897
test,894,nips4b_birds_testfile0894.wav,5.00390022675737,,,44100,1,PCM_16,220672,8.917186763612963e-06,0.0009189141258171077,8.444031706262192e-07,0.0005178724414302905,5.809253983580666,-0.0078125,0.00830078125,0.00830078125,0.0009189573912026587,9.032824948648157,19.11647187834975,0.27163391821345706,0.22962237901672625,5225.361940135487,3973.3923554143603,8195.806898926914,0.2454362856202012,3801.83439675174,0.8967503920463051,0.17506811983230963
test,895,nips4b_birds_testfile0895.wav,5.00390022675737,,,44100,1,PCM_16,220672,9.634102026990285e-06,0.0009250345451766754,8.556889097702187e-07,-0.0018151441285864124,1.2839403958753408,-0.00537109375,0.00634765625,0.00634765625,0.0009250847127112658,6.861702677364649,16.728637916555844,0.2507885005800464,0.21608185941967906,3822.385546648493,3188.1181226412964,6143.008175029002,0.1341271232648499,2442.894431554524,0.819874833996579,0.14087084990362106
test,896,nips4b_birds_testfile0896.wav,5.00390022675737,,,44100,1,PCM_16,220672,9.162796622362602e-06,0.0014121946173770014,1.9942936373485755e-06,0.01399586811893445,7.744064830452086,-0.01171875,0.01220703125,0.01220703125,0.0014122243427269329,8.643832910023947,18.734127262891477,0.24898038718097448,0.23396821512568483,6021.138937565261,1844.654719255969,6985.950641676333,0.06351068028512924,5579.2479335846865,0.8097680381182245,0.02876885217339547
test,897,nips4b_birds_testfile0897.wav,2.5309750566893423,,,44100,1,PCM_16,111616,9.786098375232942e-06,0.0005778341582034917,3.338923143867379e-07,-0.001839603585230416,0.33334450993156706,-0.00390625,0.0029296875,0.00390625,0.0005779170200886523,6.759188368255329,16.597890994719613,0.3466886467889908,0.24024548671773507,5231.431136009901,4772.208945933749,10396.3885106078,0.31177097546889615,13.038453268348626,0.9070010787106119,0.253358086125262
test,898,nips4b_birds_testfile0898.wav,5.00390022675737,,,44100,1,PCM_16,220672,9.238028470988617e-06,0.0005675151089985621,3.220733989416498e-07,0.018315459661384148,0.4574475853562041,-0.00341796875,0.00390625,0.00390625,0.0005675902924748455,6.882164920347219,16.75450151198874,0.3544672636310905,0.24189404135568335,5231.261545718762,4775.2618148074125,10443.85332076566,0.31214029133075744,1590.7591357308584,0.9120702122845772,0.24780389289472057
test,899,nips4b_birds_testfile0899.wav,2.5658049886621317,,,44100,1,PCM_16,113152,1.1789313268877263e-05,0.0006991582226384541,4.888222202829621e-07,0.011404536392263902,2.0385795939133198,-0.00537109375,0.0048828125,0.00537109375,0.0006992576121790264,7.681137332581334,17.708510600354572,0.2992169824660634,0.4024091700471052,9791.706975383253,4060.381720429187,12935.511524321266,0.30110087913774014,18.317837952488688,0.9132826439314929,0.07655891991029658
test,900,nips4b_birds_testfile0900.wav,1.5151020408163265,,,44100,1,PCM_16,66816,2.852253530217313e-05,0.00038765756473588915,1.502783874969601e-07,-0.015571678850157792,0.2917502578537472,-0.00146484375,0.001953125,0.001953125,0.0003887054444139209,5.024691647797387,14.022188307844479,0.5210278975095786,0.23261243732694753,6780.867696646024,5433.811409549221,13655.185883620688,0.3683501187617681,0.6600215517241379,0.9069312730043749,0.08121328155945258
test,901,nips4b_birds_testfile0901.wav,2.507755102040816,,,44100,1,PCM_16,110592,2.8733853940610533e-05,0.00038127477160103173,1.453704514594189e-07,0.013885787138018947,0.2890406574452573,-0.001953125,0.00146484375,0.001953125,0.00038235596742001977,5.108132647121689,14.16524332846423,0.5298755787037037,0.23535369062581946,7176.131383494623,5440.604867926462,13957.104492187502,0.39553206909517125,0.39876302083333337,0.9211079456203907,0.08035823146335204
test,902,nips4b_birds_testfile0902.wav,5.00390022675737,,,44100,1,PCM_16,220672,2.853942304642184e-05,0.00033725411613666283,1.1374033885112165e-07,0.029768172828993727,0.3213475347788508,-0.00146484375,0.00146484375,0.00146484375,0.0003384595064685645,4.32797342667062,12.72569171162948,0.5886791255800464,0.235259730549098,8397.777615813686,5547.481230027627,14933.351308729698,0.45957282890679585,0.1998441125290023,0.9417025668801273,0.057610958026236773
test,903,nips4b_birds_testfile0903.wav,5.00390022675737,,,44100,1,PCM_16,220672,2.7424221525612673e-05,0.00034310085094659286,1.1771819392027612e-07,0.026129062661237996,0.3361669416862214,-0.00146484375,0.00146484375,0.00146484375,0.0003441951217646206,4.255852734024917,12.579731831666097,0.5816505945475638,0.23537755300877777,8304.23568978981,5519.398186330486,14809.447958961715,0.45376142096599287,0.1998441125290023,0.9415863408485264,0.057444847788913
test,904,nips4b_birds_testfile0904.wav,5.00390022675737,,,44100,1,PCM_16,220672,2.815220029614088e-05,0.0003416137508997021,1.1669995480376374e-07,0.028714613434913504,0.2885596111761033,-0.00146484375,0.00146484375,0.00146484375,0.0003427717917000723,4.273524792500278,12.615724556518959,0.5816732526102089,0.2352733254482918,8094.827274248529,5498.73356926736,14673.753806554523,0.4402805579152206,0.1998441125290023,0.93678231202526,0.05822628539242566
test,905,nips4b_birds_testfile0905.wav,5.00390022675737,,,44100,1,PCM_16,220672,2.8504019823539007e-05,0.0008399414843343447,7.055016971057822e-07,-0.01992827689729464,3.9082269704361483,-0.005859375,0.00537109375,0.005859375,0.0008404249973982703,6.971918991152154,16.867046645351202,0.38309799158932717,0.21883256068989582,5038.388712345304,4277.340713670956,9245.388177929233,0.24326085294934158,2091.768325841067,0.8824411463619378,0.11983329647897988
test,906,nips4b_birds_testfile0906.wav,5.00390022675737,,,44100,1,PCM_16,220672,2.9917936037422057e-05,0.001013673821622131,1.027534616642016e-06,0.008735948634107475,1.4428403426493803,-0.005859375,0.00634765625,0.00634765625,0.0010141152299116484,6.259304724723461,15.930521900675938,0.24975529292343387,0.2107843803671529,4421.5700932192085,3537.141590270435,7517.935669228537,0.17622455205619858,2037.0110390081204,0.8716001487834922,0.1659660023865608
test,907,nips4b_birds_testfile0907.wav,5.00390022675737,,,44100,1,PCM_16,220672,2.9462119542805613e-05,0.0010796428270991362,1.1656286341066152e-06,0.005710940476330862,1.1931772230555415,-0.00634765625,0.0078125,0.0078125,0.0010800447447187407,7.233496610396903,17.18696564578679,0.21552802349187936,0.19578467492330212,3718.2592332046006,2856.2646086997147,5260.2967299883985,0.11374436465854458,2025.8197687064965,0.8438669870198996,0.20501458304472744
test,908,nips4b_birds_testfile0908.wav,5.00390022675737,,,44100,1,PCM_16,220672,2.843100067634317e-05,0.0004965713952221724,2.4658315055289495e-07,0.025947046574158885,1.9066395922777764,-0.0029296875,0.0029296875,0.0029296875,0.000497384632203643,5.8901850003288905,15.402578708510227,0.47045388631090485,0.23010273212157464,6673.938720667367,5236.797905363156,13351.585158062644,0.35969838634338946,0.1998441125290023,0.9162353126771766,0.07310335382407393
test,909,nips4b_birds_testfile0909.wav,5.00390022675737,,,44100,1,PCM_16,220672,2.7926504750262833e-05,0.0009056276896632602,8.201615122848142e-07,-0.0032325507133833128,6.7480063855432935,-0.0078125,0.0078125,0.0078125,0.0009060581669806749,8.62251485027079,18.712679020220527,0.3251567937935035,0.21412872556883325,4881.602914481342,4111.8240944115505,8645.456152117169,0.22386178699082718,0.1998441125290023,0.8790355597024532,0.12842826455109252
test,910,nips4b_birds_testfile0910.wav,5.00390022675737,,,44100,1,PCM_16,220672,2.8112371670397693e-05,0.00044593427733761705,1.9885737970462277e-07,0.011924186005994385,0.868018325062287,-0.00244140625,0.00244140625,0.00244140625,0.00044681952189397155,5.463965047121052,14.75015825017887,0.4794944533062645,0.23268576296840093,6951.543231441232,5360.05936796546,13695.516875725058,0.37801647350408135,0.1998441125290023,0.9218814852126918,0.07164844669144724
test,911,nips4b_birds_testfile0911.wav,2.1130158730158732,,,44100,1,PCM_16,93184,3.0129820435911746e-05,0.0007807883389933428,6.096304303079831e-07,0.013675084449790159,1.0834854956053857,-0.00390625,0.00439453125,0.00439453125,0.0007813694621544173,5.624140003991524,15.001122464289978,0.3203125,0.22494446411899166,4548.28964394805,3536.494469611678,7710.306490384615,0.17909856508019104,2056.3025841346152,0.8641016650097069,0.1540317462576283
test,912,nips4b_birds_testfile0912.wav,5.00390022675737,,,44100,1,PCM_16,220672,2.905498247965306e-05,0.0005677222340858028,3.223085350753751e-07,0.008893365041912201,0.5998588097743323,-0.00341796875,0.00341796875,0.00341796875,0.0005684652382356093,6.012625786246176,15.58128350140471,0.3844529437354988,0.2200379750850814,5111.548900946743,4493.376353351671,9826.135168938514,0.25845845630738895,2108.9549195185614,0.8873088791124217,0.15493836104156475
test,913,nips4b_birds_testfile0913.wav,4.347936507936508,,,44100,1,PCM_16,191744,2.8230796987128673e-05,0.0003446633119126515,1.1879279857859769e-07,0.00886816004595539,0.32495764356772616,-0.00146484375,0.00146484375,0.00146484375,0.00034581754796008567,4.235886115788064,12.538885506755765,0.5792306408544726,0.2343449304537845,8349.708360384759,5611.480897068507,15014.018691588786,0.4561818097111925,0.2299941588785047,0.9401932210021663,0.05821781070041164
test,914,nips4b_birds_testfile0914.wav,5.00390022675737,,,44100,1,PCM_16,220672,2.838895934916981e-05,0.00033234238485807695,1.1045146077315414e-07,0.03856600310555301,0.3487458730806856,-0.001953125,0.001953125,0.001953125,0.0003335526851729468,5.8555217416022485,15.351311957095703,0.5961834759280742,0.2350195539966738,8551.524111394461,5616.285408081467,15196.94569315545,0.46468872084928853,0.1998441125290023,0.942382270834884,0.056598410951772135
test,915,nips4b_birds_testfile0915.wav,5.00390022675737,,,44100,1,PCM_16,220672,2.7718510815826203e-05,0.00034265021817684536,1.1740917201663974e-07,0.012482183574411833,0.35590463294112284,-0.001953125,0.00146484375,0.001953125,0.0003437695272395255,5.681495435862577,15.089253242611203,0.5815554306844548,0.23731256032736517,8035.682366141536,5538.099165088364,14672.35489776682,0.43671091138658386,0.1998441125290023,0.936696750078959,0.05595815865628137
test,916,nips4b_birds_testfile0916.wav,5.00390022675737,,,44100,1,PCM_16,220672,2.999316788604807e-05,0.0008093173648507747,6.54994597049002e-07,0.005607977227012477,7.2185177846380455,-0.00927734375,0.00927734375,0.00927734375,0.0008098729450777096,11.455307658301653,21.1801351529325,0.3271416400812065,0.20616664627431788,5030.916132517361,4411.00003268796,9595.515063080045,0.24998437437856183,0.1998441125290023,0.88351479610545,0.14906048552862242
test,917,nips4b_birds_testfile0917.wav,5.00390022675737,,,44100,1,PCM_16,220672,2.7545920104272403e-05,0.0003963044055497296,1.5705718185812452e-07,0.022369183610048794,0.8427805210121062,-0.00244140625,0.00244140625,0.00244140625,0.0003972605688619441,6.145604274277815,15.771291837474557,0.5284721215197216,0.2970757371834088,11056.489183526177,6254.397982945226,17505.944569315543,0.4709195471479449,0.1998441125290023,0.9453374337019982,0.042120789792753785
test,918,nips4b_birds_testfile0918.wav,5.00390022675737,,,44100,1,PCM_16,220672,2.799288579316814e-05,0.0003978295603735336,1.58268359106999e-07,0.01254484235134327,0.8587170473152397,-0.00244140625,0.00244140625,0.00244140625,0.00039881319030597316,6.12167879434211,15.737410766890958,0.5279827073665894,0.30780664428039933,11009.955306444419,6304.066298151871,18536.740501740136,0.49914394129894973,0.1998441125290023,0.9512262337065432,0.04116532536064892
test,919,nips4b_birds_testfile0919.wav,5.00390022675737,,,44100,1,PCM_16,220672,3.0174609403322577e-05,0.0007877627323766182,6.205701225214755e-07,0.012040284222017538,0.6827817287909941,-0.00390625,0.00439453125,0.00439453125,0.0007883404274639977,5.574408081717579,14.923975172550602,0.2898011528422274,0.2866439178686823,5843.934060025382,5279.643543454347,11974.45937862529,0.28942620570579236,2116.3491516821346,0.8954113165361911,0.1425109330643075
test,920,nips4b_birds_testfile0920.wav,5.00390022675737,,,44100,1,PCM_16,220672,2.994448845458418e-05,0.0015399031956086265,2.3713018518456596e-06,0.4242860990321788,45.76191801370513,-0.033203125,0.03955078125,0.03955078125,0.0015401943137911094,25.67908535686499,28.191591017577615,0.5288029292343387,0.28418324111460047,8569.124102614145,6806.828651414532,18069.305122534803,0.34033463460931723,1970.2631054234337,0.9213986656728377,0.08731459316518526
test,921,nips4b_birds_testfile0921.wav,1.0042630385487528,,,44100,1,PCM_16,44288,3.092550817941655e-05,0.0005246613973610114,2.752695818808091e-07,0.008883541639168512,0.5396257301138965,-0.00244140625,0.00244140625,0.00244140625,0.0005255720397214489,4.645236172179052,13.340155984103305,0.41135296242774566,0.3855759026350848,11004.421304742375,6138.183801591887,17437.662572254336,0.45670419708893323,16883.027005057804,0.9368125925046706,0.04811628240427186
test,922,nips4b_birds_testfile0922.wav,5.00390022675737,,,44100,1,PCM_16,220672,2.957054191288428e-05,0.0020780195752273956,4.318165355028246e-06,0.018334387928206894,11.938847081963015,-0.02587890625,0.021484375,0.02587890625,0.0020782299612837046,12.452378577977399,21.90504631317335,0.6879848825406032,0.49529843069546975,16484.49473246033,3799.564119093376,20535.18162703016,0.16577093712766436,16712.363598462875,0.8942848679272744,0.002902325521675877
test,923,nips4b_birds_testfile0923.wav,1.9620861678004535,,,44100,1,PCM_16,86528,2.765655517578125e-05,0.0004524156443028522,2.0467991520996487e-07,-0.014603241732510552,0.6710723019874343,-0.00244140625,0.0029296875,0.0029296875,0.0004532601904581472,6.463588820890545,16.209474422848803,0.4710036057692308,0.3710980387624672,11652.708409606736,5868.412600820371,18481.349389792897,0.4801414086030139,0.5096616124260355,0.9459055190139822,0.030368755112588828
test,924,nips4b_birds_testfile0924.wav,5.00390022675737,,,44100,1,PCM_16,220672,2.9734281818717373e-05,0.002010685949597898,4.042857987910401e-06,0.0005102696049987494,11.330239171245728,-0.01953125,0.01953125,0.01953125,0.0020109057947665463,9.712662846181443,19.74676626831349,0.337890625,0.4973331339414785,16516.300537996303,3978.6100085618154,20818.16089037123,0.18649914807011347,16715.36126015081,0.895337364003372,0.0036288917998321276
test,925,nips4b_birds_testfile0925.wav,5.00390022675737,,,44100,1,PCM_16,220672,-5.799490448493692e-06,0.004333059249496027,1.8775402459643078e-05,0.036451393955475385,1.5764518170671504,-0.0361328125,0.033203125,0.0361328125,0.004333063130596246,8.338861311496283,18.422135017799114,0.1534675899071926,0.057442980726964576,1385.9496966221498,2192.449383973774,3898.159258990719,0.020212069870595633,44.36539298143851,0.6384793412693555,0.6813300380129829
test,926,nips4b_birds_testfile0926.wav,5.00390022675737,,,44100,1,PCM_16,220672,1.771046224713602e-05,0.0052275562351626935,2.7327344191788353e-05,0.029952436146852716,2.4413740927570897,-0.03564453125,0.03564453125,0.03564453125,0.005227586235755596,6.818544858466201,16.673834040440973,0.12766005655452436,0.06018461873105211,1273.1936531711306,1926.5446972342484,3839.8047781322502,0.010594097902950947,10.192049738979117,0.6258523505864279,0.686647985715675
test,927,nips4b_birds_testfile0927.wav,1.2132426303854875,,,44100,1,PCM_16,53504,1.2959019419108852e-05,0.003257143915827885,1.0608986488414608e-05,0.016634399630096126,0.3775664112746995,-0.01318359375,0.013671875,0.013671875,0.0032571696953949012,4.197470896075746,12.459753871222453,0.06633148923444976,0.05418387753957722,257.06469311026996,1182.9706898120305,133.52646531100478,0.01099326674619146,46.98153409090909,0.4648093804535587,0.9728316252447
test,928,nips4b_birds_testfile0928.wav,2.9257142857142857,,,44100,1,PCM_16,129024,4.363438439747644e-06,0.0037194135039754824,1.3834036813555175e-05,-0.027859625334312372,0.21892818618142762,-0.0166015625,0.017578125,0.017578125,0.0037194160634634833,4.72604427686195,13.48995572174903,0.05457899305555555,0.06208195438022678,382.71111340115397,1266.4664150087176,194.140625,0.00955307388684737,35.546875,0.5202177909583348,0.9352959084714177
test,929,nips4b_birds_testfile0929.wav,3.9706122448979593,,,44100,1,PCM_16,175104,1.8850404616684942e-05,0.0037618913379033367,1.4151826438192156e-05,-0.07272282012446844,0.284495897443525,-0.015625,0.01416015625,0.015625,0.0037619385662110917,4.15344369000077,12.3681665385304,0.05220326206140351,0.034248413790740305,159.24973402811767,911.7175622348476,86.63651315789474,0.0064355541463765415,47.0960115131579,0.5161931362382737,0.9899311981864971
test,930,nips4b_birds_testfile0930.wav,5.00390022675737,,,44100,1,PCM_16,220672,1.1607831702708092e-05,0.00668619720718345,4.4705233093347764e-05,-0.0128375148009377,-0.355710689793836,-0.02392578125,0.025390625,0.025390625,0.00668620728328883,3.79746303460559,11.589871100624329,0.08114305394431555,0.02188325606898958,202.89363020937472,652.040090925122,360.31893488979114,0.003157412325524867,39.56913428074245,0.45219938222841954,0.9858457554818697
test,931,nips4b_birds_testfile0931.wav,5.00390022675737,,,44100,1,PCM_16,220672,2.3007669470979553e-05,0.016397869983773995,0.0002688901400047562,0.010951863382308332,4.4070952239884695,-0.08642578125,0.0888671875,0.0888671875,0.016397886124668956,5.419429481603018,14.679071391162385,0.11915875145011601,0.01444231457690408,40.932112729881034,324.70936945343084,45.564457656612525,0.0007688623650572273,19.384878915313223,0.4628853296608873,0.9987925857117078
test,932,nips4b_birds_testfile0932.wav,5.00390022675737,,,44100,1,PCM_16,220672,2.6295743796222447e-05,0.006733233303414819,4.533643071821444e-05,-0.04020410711248037,0.6242330160124592,-0.03564453125,0.03076171875,0.03564453125,0.006733284650477524,5.293780539557628,14.475318662107119,0.0810478900812065,0.022005610161733986,154.8080269752948,629.592456337445,46.56367821925754,0.002305474433835978,38.969601943155446,0.4430414091825776,0.9966894688384679
test,933,nips4b_birds_testfile0933.wav,5.00390022675737,,,44100,1,PCM_16,220672,-2.25430021706424e-05,0.027653491748649856,0.0007647156058926457,0.7993868842373519,21.661839922290756,-0.26708984375,0.2685546875,0.2685546875,0.02765350093712535,9.711417303385996,19.745652326526567,0.31267673288863107,0.01973526199636563,59.57692601474942,377.70977821176257,76.54029509860788,0.000967442352232291,39.96882250580046,0.5044402126934996,0.9986440947275916
test,934,nips4b_birds_testfile0934.wav,3.5062131519274375,,,44100,1,PCM_16,154624,1.1453565382799565e-05,0.007356391534713927,5.411649641201072e-05,-0.2529898664190926,1.123830899690395,-0.06689453125,0.0341796875,0.06689453125,0.007356400451047421,9.093378167100107,19.17450505009656,0.13675108650662252,0.023069013018761762,194.55075146646055,590.4340695370886,260.6801014072848,0.0026001852144862786,36.50662251655629,0.5184376495187162,0.9906036117535577
test,935,nips4b_birds_testfile0935.wav,2.507755102040816,,,44100,1,PCM_16,110592,1.438017244692202e-05,0.0024994092969139953,6.247046833500113e-06,0.03591345852217913,0.13596722713014175,-0.01171875,0.01416015625,0.01416015625,0.002499450664217983,5.665307362420121,15.0644695361751,0.07902018229166667,0.0778906059263412,941.2052297258117,2120.3408864489893,1142.8548177083335,0.027387892581791962,67.39095052083334,0.6701935987304556,0.8918051802289915
test,936,nips4b_birds_testfile0936.wav,2.5541950113378684,,,44100,1,PCM_16,112640,8.578733964399859e-06,0.0027659395768554404,7.650421742815253e-06,-0.010021564214597715,-0.07513840337423039,-0.01171875,0.01123046875,0.01171875,0.002765952880562445,4.2367858405516445,12.54073024005141,0.0711026278409091,0.04467369206047639,361.5612736702983,1278.2976695533966,465.90021306818187,0.013236085337749743,86.91583806818183,0.5641365128959649,0.9807919845397038
test,937,nips4b_birds_testfile0937.wav,4.713650793650793,,,44100,1,PCM_16,207872,5.985128468480603e-06,0.0032176138838782052,1.035303910572579e-05,0.06970300888781442,-0.251948900097835,-0.0126953125,0.01220703125,0.0126953125,0.0032176194503838657,3.9455605909161924,11.922174342264956,0.05848310498768473,0.035488355759100594,262.14047170193874,1045.340868281553,294.46390086206895,0.008638905133267864,82.73841594827586,0.4624655626483059,0.98706341387726
test,938,nips4b_birds_testfile0938.wav,2.5658049886621317,,,44100,1,PCM_16,113152,1.3722553512089933e-05,0.0023753470816263045,5.642273758190601e-06,0.06914227874535235,-0.07914671706775689,-0.00830078125,0.0087890625,0.0087890625,0.002375386719392338,3.7000554176072784,11.364164575290195,0.07976880656108597,0.04699030499067618,378.48083660776723,1462.9894730332603,418.1923430429864,0.016809531911016518,87.69177743212668,0.5246744034378301,0.9742847301163766
test,939,nips4b_birds_testfile0939.wav,2.5541950113378684,,,44100,1,PCM_16,112640,1.0369040749289773e-05,0.003196293081415444,1.0216289462304234e-05,0.017386382442558614,-0.5979228882513108,-0.01025390625,0.01025390625,0.01025390625,0.003196309900386741,3.2080450799715376,10.124809248634826,0.049254261363636365,0.02967888564351601,195.9239879424321,1096.6421821863055,80.65163352272728,0.0082488320512427,67.73171164772728,0.3400048821728364,0.9878770922122652
test,940,nips4b_birds_testfile0940.wav,2.693514739229025,,,44100,1,PCM_16,118784,1.1008361290241109e-05,0.0026534630491458723,7.0408661531825095e-06,-0.03498359753723039,0.3385318400875632,-0.01220703125,0.01220703125,0.01220703125,0.002653485884115611,4.600375424295321,13.255865494704652,0.07634024784482758,0.11414933113324298,2301.3151733050763,2448.54012324059,4949.666621767241,0.021108776011410105,54.57553205818965,0.7060094576248643,0.5224284201778298
test,941,nips4b_birds_testfile0941.wav,3.355283446712018,,,44100,1,PCM_16,147968,7.731691776262434e-06,0.0022252104628921296,4.951561604164607e-06,0.009939275204177426,1.213676495322563,-0.01220703125,0.01318359375,0.01318359375,0.0022252238950771514,5.924614497968488,15.45320193971268,0.09766976643598616,0.09631877378064027,1437.0838506087289,2439.3040423769294,4560.270463884083,0.02907653501339813,53.64673442906575,0.6913434728046213,0.7435698835348507
test,942,nips4b_birds_testfile0942.wav,2.5425850340136056,,,44100,1,PCM_16,112128,1.4026415402486444e-05,0.0018818810524933588,3.5414762957335115e-06,-0.009284365065144847,0.030033449842854942,-0.0068359375,0.0087890625,0.0087890625,0.0018819333240214847,4.670230548454682,13.386766405541746,0.10357805365296803,0.05943260766809065,422.0410709914203,1748.891891936681,305.98779965753425,0.022655350717033482,62.92808219178082,0.5876584652984373,0.9663558198745273
test,943,nips4b_birds_testfile0943.wav,2.5251700680272107,,,44100,1,PCM_16,111360,7.072536424658764e-06,0.002358448063362138,5.56227726757662e-06,-0.052749983192506227,-0.03693161367638398,-0.009765625,0.009765625,0.009765625,0.002358458667932957,4.140681001867616,12.341435474741969,0.08372844827586207,0.0481415960991029,315.6070060432887,1438.3131692097572,218.99515086206893,0.01569913558352332,53.06573275862068,0.5211708991481273,0.9764394142566439
test,944,nips4b_birds_testfile0944.wav,2.589024943310658,,,44100,1,PCM_16,114176,2.6651562062079597e-05,0.002185973005873259,4.77847798240657e-06,0.24245375216439186,1.085424034733676,-0.00732421875,0.013671875,0.013671875,0.0021861354688506654,6.253901093873119,15.923020170933961,0.08773297365470852,0.05403109262097657,388.2409445769556,1584.9163857658905,308.22414517937216,0.01980185331005917,62.18557315022421,0.5408802703325415,0.9661267838351502
test,945,nips4b_birds_testfile0945.wav,2.6006349206349206,,,44100,1,PCM_16,114688,3.4302473068237305e-05,0.0021437430066044076,4.595634078365306e-06,0.9022031280317164,6.9242141260126875,-0.0078125,0.0205078125,0.0205078125,0.002144017429505624,9.565133294988545,19.6138205303915,0.10137067522321429,0.06117519858397203,435.9222076400627,1750.7954433135524,321.075439453125,0.023616338998709276,55.37109375,0.5930090238314601,0.962331844498983
test,946,nips4b_birds_testfile0946.wav,2.5193650793650795,,,44100,1,PCM_16,111104,3.109329856485815e-05,0.002056382172689514,4.2287076401552455e-06,0.5733820437287648,3.483484696842493,-0.00732421875,0.01611328125,0.01611328125,0.002056617230641348,7.834846956414507,17.880610350147496,0.09988839285714286,0.05898130563531138,458.89361809696925,1807.2325296837264,365.96522177419354,0.025160094676764933,61.92036290322581,0.5886322021224472,0.9601727571084511
test,947,nips4b_birds_testfile0947.wav,2.9895691609977324,,,44100,1,PCM_16,131840,1.1210765653443568e-05,0.0031198260558800554,9.733314618948102e-06,-0.02059291060863437,-0.21315794592781456,-0.01123046875,0.01025390625,0.01123046875,0.003119846198166608,3.59968666295141,11.12529397938121,0.06184769417475728,0.05879898967680277,499.9753204593366,1509.512390675632,185.64547936893203,0.011131973515218099,63.21981189320388,0.46118409339211175,0.9188215643064471
test,948,nips4b_birds_testfile0948.wav,4.057687074829932,,,44100,1,PCM_16,178944,7.814944898962803e-06,0.002786021240861455,7.761914354531201e-06,1.1269906158276564,12.715438153845584,-0.01904296875,0.03173828125,0.03173828125,0.0027860322015179533,11.39192907846061,21.131945451190802,0.21359196173104436,0.04642819221763355,243.67656246140146,1232.3220153569061,120.5120037553648,0.011419874120931107,63.33657457081544,0.5175826446768685,0.9785052392743957
test,949,nips4b_birds_testfile0949.wav,3.7209977324263037,,,44100,1,PCM_16,164096,1.882651294821324e-05,0.002173070879228742,4.722237046151977e-06,0.17873567262642445,0.37348796537265727,-0.0078125,0.01220703125,0.01220703125,0.002173152429937156,5.6171997333629315,14.990397331199802,0.09254948322932917,0.055736006581553366,403.07470493962046,1629.102605508151,291.05097016380654,0.02076921768366254,61.542633580343214,0.571576116361283,0.9616962499349692
test,950,nips4b_birds_testfile0950.wav,3.111473922902494,,,44100,1,PCM_16,137216,5.5227706681436566e-06,0.0029061091147964996,8.445470187103295e-06,2.151279387047749,48.082801600694175,-0.0322265625,0.04052734375,0.04052734375,0.002906114362529312,13.94554332498029,22.888708785012536,0.2564715485074627,0.05065043909193601,375.13195394797265,1589.3022702883156,293.1086753731343,0.019387098470766327,51.74396571828358,0.5509844881597713,0.9696519237491488
test,951,nips4b_birds_testfile0951.wav,2.6877097505668934,,,44100,1,PCM_16,118528,1.119691918787122e-05,0.0007375037900083821,5.439118402767277e-07,-0.01685877617428519,0.6443026232009048,-0.0048828125,0.0048828125,0.0048828125,0.0007375887819618921,6.619965785016878,16.41711489629621,0.27629758369330454,0.2181022045609861,4487.83742965477,4500.683170422585,9220.117609341252,0.26634674926964896,1372.5440402267818,0.8980064596871067,0.41358907505208237
test,952,nips4b_birds_testfile0952.wav,5.00390022675737,,,44100,1,PCM_16,220672,9.29334600674304e-06,0.0007507425983293147,5.636144489462508e-07,0.010954770680033506,0.8582093408877189,-0.00439453125,0.0048828125,0.0048828125,0.0007508001166930195,6.503478610934262,16.26291432493449,0.2731157555104408,0.2124746795002515,4385.548469710344,4180.797924684523,8149.043376595127,0.24646557974554376,949.259534512761,0.9026815957641335,0.3743872727410341
test,953,nips4b_birds_testfile0953.wav,2.972154195011338,,,44100,1,PCM_16,131072,9.778887033462524e-06,0.0007397961283662223,5.47298311545652e-07,0.06018146667205639,0.8279096390097131,-0.00439453125,0.00537109375,0.00537109375,0.0007398607559380787,7.259600819332447,17.218254819711504,0.27631378173828125,0.21510479053337503,4299.61035794579,4297.255778122303,8469.950866699219,0.2503250608979955,1606.5788269042969,0.8959635701512955,0.41197029776163585
test,954,nips4b_birds_testfile0954.wav,5.00390022675737,,,44100,1,PCM_16,220672,9.074288565155525e-06,0.0008646699252876232,7.476540796969038e-07,-0.0024475123201592405,2.9847793272140226,-0.00634765625,0.00634765625,0.00634765625,0.000864717539090001,7.340727998509265,17.314782642619537,0.2633682569605568,0.20195222752423292,3615.237684248112,3823.2906442650724,6581.6660020301615,0.18686690296096417,1663.7022368039443,0.8586626788105132,0.5405838853103853
test,955,nips4b_birds_testfile0955.wav,5.00390022675737,,,44100,1,PCM_16,220672,9.700483069895592e-06,0.0015304443688258628,2.3422599660707936e-06,0.0198665136696417,8.784299013638831,-0.013671875,0.0146484375,0.0146484375,0.0015304751110170277,9.57117002070413,19.619300620690566,0.23327834976798145,0.2165168961938814,4534.548537636486,1912.643752454539,5598.6328125,0.06530050212277695,4252.283026392111,0.8077041618653354,0.0571041949907297
test,956,nips4b_birds_testfile0956.wav,2.5483900226757368,,,44100,1,PCM_16,112384,9.80611814181734e-06,0.0006826916685130974,4.660679142571969e-07,-0.0061142487064656794,0.41694280029777486,-0.00439453125,0.00439453125,0.00439453125,0.0006827620919545902,6.436401935291211,16.172863134980496,0.2933513667425968,0.22430438767429237,4532.568834213433,4485.731975274873,9292.926039293849,0.26957997832456254,1591.5931093394076,0.8986807706919241,0.40427274066829116
test,957,nips4b_birds_testfile0957.wav,5.00390022675737,,,44100,1,PCM_16,220672,9.280069798161978e-06,0.001372622239545956,1.8840918124961557e-06,0.014173625330039928,7.225314912417357,-0.01513671875,0.015625,0.015625,0.0013726536096887714,11.383061166861124,21.125181390742377,0.23370432134570765,0.2186558270003761,4629.339558800411,2138.406562799463,5743.120105858468,0.08087029955815446,4899.777950986078,0.8255809439910061,0.07152426053746923
test,958,nips4b_birds_testfile0958.wav,5.00390022675737,,,44100,1,PCM_16,220672,9.260155485290385e-06,0.0013256789764569533,1.7574247486199556e-06,0.0075526796207338225,6.207284707050626,-0.01220703125,0.01171875,0.01220703125,0.0013257113181607705,9.207910563014172,19.283221846279062,0.23038264936194897,0.22091711189961527,4647.365282333191,2208.7419788902594,6145.006616154292,0.08783115186417531,4477.5073412122965,0.8377634965882778,0.07296748571187378
test,959,nips4b_birds_testfile0959.wav,5.00390022675737,,,44100,1,PCM_16,220672,9.782353022812137e-06,0.0013672435863030978,1.8693550242869563e-06,-0.01973610138301707,7.261650389079916,-0.01220703125,0.01318359375,0.01318359375,0.0013672785812399823,9.642214784088715,19.683536026668456,0.2353674231438515,0.2198385832302387,4672.455717119889,2216.282068796647,6479.545660527841,0.08461540989639518,4491.496429089327,0.8361379495745517,0.06973832506040666
test,960,nips4b_birds_testfile0960.wav,5.00390022675737,,,44100,1,PCM_16,220672,1.0041239090142837e-05,0.0014579195814283595,2.125529505912243e-06,0.01678495140939535,8.043180451910203,-0.01318359375,0.01318359375,0.01318359375,0.0014579541599085714,9.042529671047234,19.125798849532302,0.22414715052204176,0.21727367891567084,4646.518167830073,2071.7698245609627,6024.500616299303,0.0738293984184599,4607.406014356148,0.829304180157634,0.06518466703525062
test,961,nips4b_birds_testfile0961.wav,2.513560090702948,,,44100,1,PCM_16,110848,9.752586311886547e-06,0.0006979413283309999,4.871220977924405e-07,0.19655835352209924,11.145219443496494,-0.009765625,0.0166015625,0.0166015625,0.0006980094632110736,23.7841510394821,27.525753083208855,0.2930950490762125,0.21615379757684014,4357.334324529808,4436.883623291123,8908.877922921478,0.2590796367619221,899.123123556582,0.8939842809717459,0.42763835513175796
test,962,nips4b_birds_testfile0962.wav,2.571609977324263,,,44100,1,PCM_16,113408,9.450632616305728e-06,0.0006677579457678091,4.459006741360443e-07,0.019156693793323236,0.11399015001181523,-0.0029296875,0.00341796875,0.00341796875,0.000667824818790746,5.118061883637444,14.182110654703603,0.2962489418735892,0.21384041549463437,4322.309005117126,4416.298538440101,8752.104789785553,0.25601907117166595,1562.0564686794582,0.894096430037415,0.43210918753301164
test,963,nips4b_birds_testfile0963.wav,4.040272108843538,,,44100,1,PCM_16,178176,8.805044766130118e-06,0.002165347284877006,4.688728864124222e-06,-0.0053092495947851745,21.759320195820422,-0.0263671875,0.02734375,0.02734375,0.002165365186969061,12.627777598232298,22.026538488934744,0.5740447647270115,0.21530517749403677,4696.336619564878,2549.2554615014114,6558.221646012931,0.10859507955918034,4350.944571659483,0.8355759147474436,0.11295884016414881
test,964,nips4b_birds_testfile0964.wav,3.546848072562358,,,44100,1,PCM_16,156416,8.915528142900982e-06,0.0022456279235390265,5.0428447709782e-06,0.03144867664953401,18.59749423984606,-0.02490234375,0.0263671875,0.0263671875,0.002245645621557477,11.741473029797518,21.394451697316054,0.5860653641571195,0.21135440974331107,4481.247339160564,2499.2502044244175,6107.676324672668,0.10285724721894936,4413.778002250409,0.8256939100391767,0.14822284729679414
test,965,nips4b_birds_testfile0965.wav,5.00390022675737,,,44100,1,PCM_16,220672,8.948164583635442e-06,0.0010685197105700032,1.1417343718766034e-06,-0.011203750547569339,5.966234307830183,-0.009765625,0.0107421875,0.0107421875,0.0010685571774715751,10.052983337230689,20.045899254292227,0.23461064385150812,0.20613945647593024,4014.697258778583,3724.5929682373308,6670.19694388051,0.19180757579678778,1772.0177457946634,0.880679306561726,0.3633051845355285
test,966,nips4b_birds_testfile0966.wav,4.916825396825397,,,44100,1,PCM_16,216832,9.775443229089802e-06,0.0006750241798204377,4.5565764334225464e-07,-0.002356235187821577,0.599655557644676,-0.0078125,0.00830078125,0.00830078125,0.0006750949582337138,12.295723955216266,21.795082089716573,0.2939372417355372,0.22245896573829388,4811.9647981302605,4363.454353247586,9123.163094008263,0.27371094613381874,1622.7950671487604,0.9103396543184358,0.33693681404825265
test,967,nips4b_birds_testfile0967.wav,2.6006349206349206,,,44100,1,PCM_16,114688,1.0102987289428711e-05,0.0006585376321822102,4.336718130001519e-07,0.030733303599821724,0.5214973637661546,-0.00439453125,0.00634765625,0.00634765625,0.0006586151253595093,9.637884108013903,19.679633995326483,0.3002842494419643,0.22304184432411694,4651.669132165567,4519.153995497888,9388.4765625,0.2766658376986535,1613.067626953125,0.9014848624647066,0.39256477330626516
test,968,nips4b_birds_testfile0968.wav,5.00390022675737,,,44100,1,PCM_16,220672,9.647378235571345e-06,0.0019270714344051467,3.7136043133003094e-06,0.001668695118322713,9.920912238230036,-0.02001953125,0.0205078125,0.0205078125,0.0019270955827895848,10.641824247406415,20.54032164315189,0.22288283062645012,0.22749704310942534,4675.433058942443,1789.2828368358264,6087.051823520881,0.051513872949965386,4435.340233468677,0.809722024472972,0.03205459774171374
test,969,nips4b_birds_testfile0969.wav,5.00390022675737,,,44100,1,PCM_16,220672,9.53010505977197e-06,0.0014120475814552536,1.9938783722936307e-06,-0.020132112456307062,8.770280779078336,-0.01318359375,0.01416015625,0.01416015625,0.0014120797410897448,10.027872957848809,20.02417646572612,0.2419745142111369,0.22544874496422276,4734.900275724022,2068.6264494592388,5981.733976218097,0.07724238918211765,4470.113109048723,0.8192787760249473,0.058734547595289587
test,970,nips4b_birds_testfile0970.wav,4.858775510204081,,,44100,1,PCM_16,214272,9.550415914118504e-06,0.0006735501792485413,4.536698439657422e-07,-0.011917797352351144,0.7728828384200885,-0.0068359375,0.00732421875,0.00732421875,0.0006736178845680055,10.872957677923083,20.726953951604777,0.2960676149940263,0.2228673035548441,4587.287104342716,4448.5872273478235,9206.846438172042,0.26982334270032426,2041.8724798387093,0.9022852384704247,0.35897148613399
test,971,nips4b_birds_testfile0971.wav,5.00390022675737,,,44100,1,PCM_16,220672,9.862010274298507e-06,0.0007770530286669484,6.038114093604772e-07,0.045771264771060964,9.44759538862227,-0.009765625,0.0107421875,0.0107421875,0.0007771156082637433,13.823152418725112,22.81214193447351,0.29408805829466356,0.22565720008519471,4702.884493485262,4460.957409965066,9443.433693445475,0.2761517039559139,1499.4303763051043,0.9089799432992133,0.34944005686158486
test,972,nips4b_birds_testfile0972.wav,3.4191383219954647,,,44100,1,PCM_16,150784,1.018763802857067e-05,0.0006462735437921655,4.176694934056841e-07,0.018645565361138164,0.4612589101689859,-0.0048828125,0.00634765625,0.00634765625,0.0006463538360482479,9.82071412898085,19.84286138710199,0.30795707767402375,0.22364590172632193,4718.566121942127,4539.611058928007,9575.219519312393,0.28083706780509793,1560.6271222410867,0.9054986129788676,0.36877058374610133
test,973,nips4b_birds_testfile0973.wav,3.0243990929705213,,,44100,1,PCM_16,133376,9.426915027816098e-06,0.0007145098851800858,5.105243760200595e-07,-0.01612144192582936,1.7226467007730166,-0.00927734375,0.00537109375,0.00927734375,0.0007145720696661752,12.983076366718437,22.267552232627274,0.29529300623800386,0.22462980318650422,4837.673656453422,4590.129094585622,9846.253448896354,0.2894011059767278,1621.1484824856045,0.9077414233640488,0.36727111565649356
test,974,nips4b_birds_testfile0974.wav,5.00390022675737,,,44100,1,PCM_16,220672,9.127393399479772e-06,0.0012626700029415166,1.5943355363283295e-06,-0.005597414152027474,0.35311633763256856,-0.00634765625,0.005859375,0.00634765625,0.001262702991854616,5.027038259152911,14.026243810293604,0.16805485063805103,0.394342709282144,8847.208478008799,3661.7097910410253,11327.563986368908,0.15759207474802428,10429.86423288863,0.8693168260097299,0.10737318127389622
test,975,nips4b_birds_testfile0975.wav,2.82702947845805,,,44100,1,PCM_16,124672,8.43619908640272e-06,0.0007991065847531043,6.385713337957703e-07,0.0002118653930527994,0.19042827099452753,-0.00439453125,0.00439453125,0.00439453125,0.0007991511141522583,5.498999090630976,14.80567295725285,0.24712044404517453,0.24243809707149216,5106.077028042048,3891.438542241819,8390.432494866529,0.24560443450478223,6290.348273870636,0.9036597311278937,0.26153097377415413
test,976,nips4b_birds_testfile0976.wav,5.00390022675737,,,44100,1,PCM_16,220672,9.806692738544083e-06,0.003070796866206213,9.429793393501898e-06,0.0036641257439468024,1.9716999983067902,-0.0224609375,0.021484375,0.0224609375,0.0030708125251672994,7.314330430763212,17.28349152095822,0.072270156612529,0.43068187482723147,7644.573019891876,3434.9085487385146,11427.28619852088,0.10684532257818842,4284.258084396752,0.8690364930856119,0.014075381991688805
test,977,nips4b_birds_testfile0977.wav,5.00390022675737,,,44100,1,PCM_16,220672,1.0450588854725565e-05,0.0005459960861059718,2.9811172604303984e-07,-0.053613450362886096,3.3716581150532274,-0.01123046875,0.0078125,0.01123046875,0.000546096091224292,20.56500482327648,26.262576314075883,0.38270374129930396,0.222929156980301,5251.229871109075,5173.395183555646,11449.4688950116,0.3205321770616005,1695.8771389211136,0.900799004307664,0.3864222853893382
test,978,nips4b_birds_testfile0978.wav,5.00390022675737,,,44100,1,PCM_16,220672,8.846380317847303e-06,0.00043325970414444904,1.8771397123533551e-07,-0.003571152149639517,0.7213889990974272,-0.00244140625,0.00244140625,0.00244140625,0.00043335000828437003,5.633797630846973,15.016024856598435,0.46922581931554525,0.25937708171893903,6827.581386288684,5622.148173633891,13695.516875725058,0.4147397883693124,22.982072940835266,0.9334553097696972,0.25283051219922714
test,979,nips4b_birds_testfile0979.wav,1.6428117913832199,,,44100,1,PCM_16,72448,1.1808038179107773e-05,0.0004054934525731171,1.6442494007966677e-07,0.007620313844923279,0.04341866479252099,-0.001953125,0.001953125,0.001953125,0.0004056653421791244,4.814621307081205,13.651242669448875,0.48143496024734983,0.25019669551534224,6570.313744479781,5909.167662556515,13990.647084805654,0.4187266257190155,9.13068683745583,0.9267501883766994,0.3087852962591763
test,980,nips4b_birds_testfile0980.wav,2.681904761904762,,,44100,1,PCM_16,118272,1.0325279070701434e-05,0.0004146420387526881,1.7192802030098566e-07,-0.0018318063362270385,0.22611796373269177,-0.00244140625,0.001953125,0.00244140625,0.0004147705771735424,5.886160649670436,15.396642220556526,0.47617356601731603,0.2509913672836114,6477.576916955044,5725.55396786423,13694.744318181818,0.4088657821904495,17.151988636363637,0.9290068521045872,0.2610068664593182
test,981,nips4b_birds_testfile0981.wav,3.9183673469387754,,,44100,1,PCM_16,172800,8.087158203125e-06,0.0007421609882402833,5.508029324657939e-07,-0.002364074627640342,0.1403164091457758,-0.00390625,0.00390625,0.00390625,0.0007422050488871631,5.263033451277241,14.424722607105764,0.2670138888888889,0.16553915242565062,2958.235614520555,4012.7297901499196,5063.84375,0.16675824384716856,992.7604166666666,0.8414037848892993,0.6703738150530948
test,982,nips4b_birds_testfile0982.wav,5.00390022675737,,,44100,1,PCM_16,220672,9.373003258229408e-06,0.0007304178822537555,5.335102827160611e-07,0.0028939697976258947,0.118158048611118,-0.00390625,0.00439453125,0.00439453125,0.0007304780187699968,6.0159664453690995,15.586108105422774,0.26906449390951276,0.17604488129387189,3318.364005590817,3918.671157765367,6032.294536687935,0.18518259113733584,1049.181590777262,0.8672517532924745,0.5467333982023335
test,983,nips4b_birds_testfile0983.wav,3.0360090702947846,,,44100,1,PCM_16,133888,9.259575867516134e-06,0.0004481035595296716,2.0079680006316193e-07,-0.0024445881415416817,1.8190889681498774,-0.0029296875,0.00341796875,0.00341796875,0.0004481992188842014,7.626003361873508,17.645939847871293,0.4729251314531549,0.23914196299864812,6377.325505742271,5916.9858206032595,13879.075794694072,0.4084287987164556,29.314800430210322,0.9280976379500342,0.34240871907375353
test,984,nips4b_birds_testfile0984.wav,2.5774149659863945,,,44100,1,PCM_16,113664,1.0404500875387106e-05,0.0003828457348812174,1.465708567167394e-07,0.008980719688969664,0.11610274464711523,-0.001953125,0.001953125,0.001953125,0.0003829870890189451,5.099714993012167,14.150918108543797,0.5120090793918919,0.2513922736510562,7145.388337453924,6103.373736296303,14568.86085304054,0.44521439528042694,32.202808277027025,0.9349289704907061,0.2861236594847419
test,985,nips4b_birds_testfile0985.wav,3.442358276643991,,,44100,1,PCM_16,151808,1.0086754321247891e-05,0.002054746693033373,4.221983972531583e-06,-0.009314182012132858,0.25098859637575055,-0.01123046875,0.0107421875,0.01123046875,0.0020547714508295854,5.465556154902704,14.752687214885718,0.09780116989881957,0.14507236161705322,2668.330522238779,2557.6132422547266,4514.056571458685,0.07666857131163071,616.4378688870152,0.8409396939290754,0.5422236800888437
test,986,nips4b_birds_testfile0986.wav,5.00390022675737,,,44100,1,PCM_16,220672,9.578784491235862e-06,0.0011545455839161419,1.332975505340265e-06,0.0033395600475562533,1.7534600590917506,-0.0078125,0.0068359375,0.0078125,0.0011545853188277577,6.76649864899718,16.607279988838535,0.2072034512761021,0.13918004631328992,2272.6251158572513,2951.699139417565,2443.493963892111,0.09048400602953256,1673.2947542053364,0.8109428511575588,0.7491200591597276
test,987,nips4b_birds_testfile0987.wav,1.7763265306122449,,,44100,1,PCM_16,78336,1.0721044602736927e-05,0.001350370274909385,1.8234998793588481e-06,0.061652898294394944,0.28893634764839415,-0.0068359375,0.00634765625,0.0068359375,0.001350412833231461,5.062109402235159,14.086630537794417,0.14981617647058823,0.129967447501117,2319.1930000315,2555.3445487426306,2903.745404411765,0.08420131727695107,80.50321691176471,0.80309976611965,0.6480850864834458
test,988,nips4b_birds_testfile0988.wav,3.0243990929705213,,,44100,1,PCM_16,133376,1.0049274466545706e-05,0.00044360282287663925,1.9678346446412295e-07,0.014907448599495476,1.255169612326859,-0.00244140625,0.00244140625,0.00244140625,0.00044371663523179623,5.502174262014353,14.810686820429023,0.48453244961612285,0.23862043111527648,7044.552528745476,6063.0990284488325,14444.522252879078,0.43873636032581936,20.830584213051825,0.9341665219891296,0.29257630183886657
test,989,nips4b_birds_testfile0989.wav,2.5309750566893423,,,44100,1,PCM_16,111616,9.379255662270642e-06,0.00037748956298317956,1.424983701612319e-07,-0.0016884150598645605,0.027676900424819184,-0.00146484375,0.00146484375,0.00146484375,0.000377606065361787,3.8792908387118277,11.775046816093422,0.5165119696100917,0.2506025175827622,7103.792181036454,6093.822670429255,14521.676103784404,0.44870377638216674,19.755232224770644,0.9355440044211896,0.2861268121880457
test,990,nips4b_birds_testfile0990.wav,3.0476190476190474,,,44100,1,PCM_16,134400,9.96180943080357e-06,0.00039112889238136094,1.5298181045547025e-07,0.0022673537521622046,0.19245197533471847,-0.001953125,0.001953125,0.001953125,0.00039125573235750284,4.991939640683315,13.965386509943091,0.504188988095238,0.252323305976979,7230.099257461656,6044.557167614243,14481.796874999998,0.44900535466642433,15.093749999999998,0.93879013530657,0.2750590495292963
test,991,nips4b_birds_testfile0991.wav,5.00390022675737,,,44100,1,PCM_16,220672,9.77350221709143e-06,0.00040119224514416704,1.6095521756381744e-07,-0.00500356448758505,0.15465369544623675,-0.001953125,0.001953125,0.001953125,0.000401311274336275,4.86685803490135,13.744973563217432,0.4925545606148492,0.2520313045212103,6391.743703587088,5626.48656136163,13448.50955263921,0.3848414569386297,23.981293503480277,0.9245084967779136,0.2848215938093343
test,992,nips4b_birds_testfile0992.wav,2.6006349206349206,,,44100,1,PCM_16,114688,9.566545486450195e-06,0.00039067463936004416,1.5262667383910055e-07,-0.014388168598360954,0.24493279737634976,-0.00244140625,0.001953125,0.00244140625,0.00039079175097696836,6.24733312281171,15.913893283772962,0.5059988839285714,0.24865067531629564,7008.374606725075,6047.383164780135,14414.17236328125,0.4385690051801809,18.45703125,0.9338339911436314,0.27071929452596627
test,993,nips4b_birds_testfile0993.wav,2.641269841269841,,,44100,1,PCM_16,116480,9.193001212654532e-06,0.0005725099511884227,3.2776764420977015e-07,0.010096671427529381,-0.003166081235134399,-0.00244140625,0.00244140625,0.00244140625,0.0005725837541190512,4.263841285116841,12.59602060760848,0.339792239010989,0.1916912061401626,3718.4410069348028,4893.406146792564,9022.17548076923,0.22958872680276868,823.0889423076923,0.8558541212476446,0.6385681442724805
test,994,nips4b_birds_testfile0994.wav,3.3436734693877552,,,44100,1,PCM_16,147456,1.0172526041666666e-05,0.0008385838779098355,7.032229202902979e-07,0.03773983826169372,6.857804959376109,-0.005859375,0.00634765625,0.00634765625,0.000838645575065156,7.5689378668776,17.58069880290049,0.4222615559895833,0.2337730154962531,5674.138863160402,5025.092175540615,12010.14404296875,0.310172435368168,3182.72705078125,0.8852616529412016,0.17230236088085016
test,995,nips4b_birds_testfile0995.wav,5.00390022675737,,,44100,1,PCM_16,220672,9.775714918521607e-06,0.0010536278753296058,1.1101316996715793e-06,-0.005660118673747357,1.0561543229927377,-0.00732421875,0.00634765625,0.00732421875,0.0010536732246165068,6.951129229525321,16.841107252419896,0.20191505945475638,0.1678970050437076,2935.021499458964,3512.1886082223186,4952.536796693735,0.13731123434036968,998.0214979698375,0.8454548229279095,0.5986737198747063
test,996,nips4b_birds_testfile0996.wav,5.00390022675737,,,44100,1,PCM_16,220672,9.598698804107453e-06,0.0008857277465765552,7.845136410555824e-07,-0.00024302049644774008,0.5516449077981092,-0.00537109375,0.00537109375,0.00537109375,0.0008857797559632497,6.063689888869894,15.654739647346583,0.23780089907192575,0.17162200742281497,2992.1169358637853,3855.248835037394,3867.5831097737814,0.15044941364319184,252.8028023491879,0.8466785352914087,0.6186615906498064
test,997,nips4b_birds_testfile0997.wav,2.380045351473923,,,44100,1,PCM_16,104960,9.964733588986281e-06,0.0013302067283507118,1.7694499401495043e-06,0.02786160904108862,0.22034676186710644,-0.00634765625,0.00634765625,0.00634765625,0.0013302440513172776,4.771798260412604,13.573641490235913,0.15231516768292683,0.13607218056574472,2421.508697786733,2793.9578323111214,4946.544397865854,0.08262600556607025,868.891006097561,0.7990330700390493,0.6770007726175531
test,998,nips4b_birds_testfile0998.wav,4.08671201814059,,,44100,1,PCM_16,180224,1.0094859383322976e-05,0.002444322688511284,5.9747134055710315e-06,-0.003366279307349499,0.39042932048041923,-0.01416015625,0.0126953125,0.01416015625,0.0024443435339078262,5.793030338645503,15.258116058922377,0.08341841264204546,0.22292382215366519,4113.830349853099,3260.084843463086,8118.996360085227,0.10763120431531528,3848.0812766335225,0.8850533335307663,0.36511102286946906
test,999,nips4b_birds_testfile0999.wav,5.00390022675737,,,44100,1,PCM_16,220672,9.538955865492677e-06,0.0013545619688230845,1.8348381273818707e-06,-0.0030950170877772623,1.8629791309764174,-0.0078125,0.0087890625,0.0087890625,0.0013545955555297215,6.488329645052609,16.24265812921154,0.1806935179814385,0.19713510157655514,3616.6881247888314,2403.5804826532485,4290.65309599768,0.0876798572339909,3360.778440400232,0.8108982612790339,0.1727768165686493
test,1000,nips4b_birds_testfile1000.wav,2.5541950113378684,,,44100,1,PCM_16,112640,1.0629133744673295e-05,0.0015983348131925607,2.554674175063298e-06,-0.0029010002897763704,0.43209744575612374,-0.0087890625,0.00830078125,0.0087890625,0.0015983701553605974,5.4987653958148135,14.805303819073,0.12657137784090908,0.23177585028276174,4565.112451619634,4133.220409092819,9318.004261363638,0.20338310799420392,1155.3542258522727,0.8913942353735796,0.3967880864811887
