file_number,start_s,duration_s,end_s,label,taxon,call_type
1,0.095782313,0.044988662,0.140770975,Unknown,Unknown,Unknown
1,0.220589569,0.243809524,0.46439909300000004,Butbut_call,bird,call
1,0.592108844,0.023219955,0.6153287989999999,Erirub_call,bird,call
1,0.825759637,0.026122449,0.851882086,Erirub_call,bird,call
1,1.584761905,0.400544218,1.985306123,Butbut_call,bird,call
1,2.265396825,0.02031746,2.2857142849999996,Erirub_call,bird,call
1,2.356825397,0.201723356,2.558548753,Parate_call,bird,call
1,2.478730159,0.046439909,2.525170068,Erirub_call,bird,call
1,3.601995465,0.236553288,3.838548753,Unknown,Unknown,Unknown
2,0.007256236,0.043537415,0.050793651,Sylmel_song,bird,song
2,0.06675737,0.027573696,0.09433106599999999,Sylmel_song,bird,song
2,0.110294785,0.024671202,0.134965987,Sylmel_song,bird,song
2,0.148027211,0.058049887,0.206077098,Sylmel_song,bird,song
2,0.255419501,0.140770975,0.396190476,Sylmel_song,bird,song
2,0.442630385,0.132063492,0.5746938770000001,Sylmel_song,bird,song
2,0.592108844,0.146575964,0.7386848079999999,Sylmel_song,bird,song
2,0.878004535,0.046439909,0.9244444439999999,Sylmel_song,bird,song
3,0.0,0.08707483,0.08707483,Sylcan_song,bird,song
3,0.177052154,0.052244898,0.229297052,Sylcan_song,bird,song
3,0.354104308,0.040634921,0.39473922899999997,Sylcan_song,bird,song
3,0.432471655,0.058049887,0.49052154200000003,Sylcan_song,bird,song
3,0.519546485,0.081269841,0.600816326,Sylcan_song,bird,song
3,0.62984127,0.043537415,0.673378685,Sylcan_song,bird,song
3,0.743038549,0.110294785,0.853333334,Sylcan_song,bird,song
3,0.856235828,0.081269841,0.937505669,Sylcan_song,bird,song
3,0.954920635,0.058049887,1.012970522,Sylcan_song,bird,song
3,1.012970522,0.206077098,1.21904762,Petpet_song,bird,song
3,1.050702948,0.06675737,1.117460318,Sylcan_song,bird,song
3,1.187120181,0.075464853,1.262585034,Sylcan_song,bird,song
3,1.320634921,0.055147392,1.375782313,Sylcan_song,bird,song
3,1.47446712,0.052244898,1.526712018,Sylcan_song,bird,song
3,1.54122449,0.133514739,1.674739229,Sylcan_song,bird,song
3,1.8430839,0.130612245,1.9736961450000001,Sylcan_song,bird,song
3,1.967891156,0.08707483,2.054965986,Sylcan_song,bird,song
3,2.510657596,0.249614512,2.760272108,Petpet_song,bird,song
3,2.975056689,0.197369615,3.172426304,Petpet_song,bird,song
3,3.181133787,0.203174603,3.3843083899999997,Petpet_song,bird,song
3,4.649795918,0.354104309,5.003900227,Petpet_song,bird,song
4,0.267029478,0.075464853,0.342494331,Erirub_call,bird,call
4,0.446984127,0.145124717,0.592108844,Erirub_call,bird,call
4,0.766258503,0.127709751,0.893968254,Erirub_call,bird,call
4,0.777868481,0.551473923,1.329342404,Turmer_call,bird,call
4,0.963628118,0.075464853,1.039092971,Erirub_call,bird,call
4,1.137777778,1.178412698,2.316190476,Prumod_song,bird,song
4,2.34521542,0.73723356,3.08244898,Turmer_call,bird,call
4,3.779047619,0.574693878,4.353741497,Turmer_call,bird,call
4,3.871927438,1.131972789,5.003900227,Prumod_song,bird,song
5,0.156734694,0.626938776,0.7836734700000001,Turmer_call,bird,call
5,0.404897959,0.065306122,0.470204081,Erirub_call,bird,call
5,0.570340136,0.065306122,0.635646258,Erirub_call,bird,call
5,0.674829932,0.074013605,0.748843537,Erirub_call,bird,call
5,0.853333333,0.069659864,0.922993197,Erirub_call,bird,call
5,1.345306122,0.531156463,1.876462585,Turmer_call,bird,call
5,1.80244898,1.354013605,3.156462585,Prumod_song,bird,song
5,3.731156463,0.774965986,4.506122449,Turmer_call,bird,call
5,4.854421769,0.149478458,5.003900227,Prumod_song,bird,song
6,0.0,2.687709751,2.687709751,Tetpyg_song,insect,song
6,0.255102041,0.034693878,0.289795919,Phofem_song,insect,song
6,0.302040816,0.040816327,0.342857143,Phofem_song,insect,song
6,1.481632653,0.046938776,1.5285714289999999,Phofem_song,insect,song
6,1.559183673,0.044897959,1.604081632,Phofem_song,insect,song
6,1.614285714,0.036734694,1.651020408,Phofem_song,insect,song
7,0.0,0.365714286,0.365714286,Parate_song,bird,song
7,0.272834467,0.429569161,0.702403628,Gargla_call,bird,call
7,0.743038549,0.5630839,1.306122449,Fricoe_song,bird,song
7,1.938866213,1.08553288,3.024399093,Turmer_song,bird,song
7,3.012789116,0.470204082,3.482993198,Gargla_call,bird,call
7,3.29723356,1.706666667,5.003900227,Human,Human,Human
7,3.825487528,1.178412699,5.003900227,Siteur_song,bird,song
8,0.853333333,0.152380952,1.005714285,Galthe_call,bird,call
8,1.056507937,0.147301587,1.203809524,Galthe_call,bird,call
8,4.896507937,0.096507937,4.993015874,Galthe_call,bird,call
10,0.26122449,0.075464853,0.336689343,Carcan_song,bird,song
10,0.400544218,0.08707483,0.487619048,Carcan_song,bird,song
10,0.690793651,0.040634921,0.731428572,Carcan_song,bird,song
10,0.830113379,0.023219955,0.853333334,Carcan_song,bird,song
10,0.963628118,0.255419501,1.219047619,Carcan_song,bird,song
10,1.329342404,0.058049887,1.3873922909999998,Carcan_song,bird,song
10,1.491882086,0.325079365,1.816961451,Carcan_song,bird,song
10,1.898231293,0.069659864,1.967891157,Carcan_song,bird,song
10,2.240725624,0.185759637,2.426485261,Carcan_song,bird,song
10,2.699319728,0.296054422,2.99537415,Carcan_song,bird,song
11,0.239455782,0.20462585,0.444081632,Cerbra_call,bird,call
11,0.770612245,0.20462585,0.975238095,Cerbra_call,bird,call
11,0.818503401,0.579047619,1.3975510199999999,Unknown,Unknown,Unknown
11,1.719727891,0.126258503,1.845986394,Unknown,Unknown,Unknown
11,2.03755102,0.043537415,2.081088435,Unknown,Unknown,Unknown
11,2.202993197,0.226394558,2.429387755,Pasdom_call,bird,call
11,2.777687075,0.039183673,2.816870748,Unknown,Unknown,Unknown
11,3.121632653,0.047891156,3.1695238089999997,Unknown,Unknown,Unknown
11,3.221768707,0.20462585,3.426394557,Unknown,Unknown,Unknown
12,0.34829932,0.313469388,0.6617687080000001,Turmer_song,bird,song
12,0.82430839,0.336689342,1.160997732,Turmer_song,bird,song
12,1.114557823,0.557278912,1.6718367349999999,Gargla_call,bird,call
12,1.880816327,1.857596372,3.738412699,Parate_song,bird,song
12,2.641269841,1.25968254,3.900952381,Siteur_song,bird,song
12,3.308843537,1.34675737,4.655600907,Embcir_song,bird,song
13,0.003265306,0.084897959,0.08816326499999999,Sylund_song,bird,song
13,0.111020408,0.013061224,0.124081632,Sylund_song,bird,song
13,0.143673469,0.02122449,0.16489795899999998,Sylund_song,bird,song
13,0.230204082,0.039183673,0.269387755,Sylund_song,bird,song
13,0.310204082,0.050612245,0.360816327,Sylund_song,bird,song
13,0.385306122,0.050612245,0.435918367,Sylund_song,bird,song
13,0.483265306,0.075102041,0.558367347,Sylund_song,bird,song
13,0.600816327,0.032653061,0.633469388,Sylund_song,bird,song
13,0.723265306,0.099591837,0.822857143,Sylund_song,bird,song
13,0.886530612,0.081632653,0.968163265,Sylund_song,bird,song
13,1.129795918,0.034285714,1.1640816319999998,Sylund_song,bird,song
13,1.239183673,0.094693878,1.333877551,Sylund_song,bird,song
13,4.199183673,0.084897959,4.284081632,Sylund_song,bird,song
13,4.293877551,0.115918367,4.4097959179999995,Sylund_song,bird,song
13,4.440816327,0.045714286,4.486530613,Sylund_song,bird,song
13,4.504489796,0.053877551,4.558367347,Sylund_song,bird,song
13,4.569795918,0.019591837,4.589387755,Sylund_song,bird,song
13,4.638367347,0.03755102,4.675918367,Sylund_song,bird,song
13,4.705306122,0.052244898,4.757551019999999,Sylund_song,bird,song
13,4.806530612,0.044081633,4.850612245000001,Sylund_song,bird,song
13,4.943673469,0.060226758,5.003900227,Sylund_song,bird,song
14,0.179591837,0.111020408,0.290612245,Unknown,Unknown,Unknown
14,0.685714286,0.091428571,0.777142857,Unknown,Unknown,Unknown
14,0.816326531,0.045714286,0.862040817,Carcan_call,bird,call
14,0.871836735,0.055510204,0.927346939,Carcan_call,bird,call
14,0.982857143,0.048979592,1.031836735,Carcan_call,bird,call
14,1.377959184,0.035918367,1.4138775510000001,Carcan_call,bird,call
14,1.462857143,0.045714286,1.5085714289999999,Carcan_call,bird,call
14,1.740408163,0.032653061,1.7730612239999999,Carcan_call,bird,call
14,2.093061224,0.107755102,2.200816326,Carcan_call,bird,call
14,2.285714286,0.535510204,2.82122449,Aegcau_call,bird,call
14,2.945306122,0.16,3.105306122,Carcan_call,bird,call
14,3.180408163,0.029387755,3.209795918,Carcan_call,bird,call
14,3.500408163,0.69877551,4.199183673,Carcan_call,bird,call
14,4.303673469,0.153469388,4.457142857,Carcan_call,bird,call
14,4.564897959,0.16,4.724897959,Carcan_call,bird,call
14,4.803265306,0.120816327,4.924081633,Carcan_call,bird,call
15,0.004353741,0.126258503,0.130612244,Pasdom_call,bird,call
15,0.474557823,0.08707483,0.561632653,Parcae_call,bird,call
15,0.592108844,0.256870748,0.848979592,Parcae_call,bird,call
15,0.84462585,0.269931973,1.114557823,Parcae_call,bird,call
15,1.140680272,0.422312925,1.562993197,Corcor_call,bird,call
15,1.201632653,0.104489796,1.306122449,Parcae_call,bird,call
15,1.789387755,0.43537415,2.224761905,Corcor_call,bird,call
15,2.477278912,0.391836735,2.869115647,Corcor_call,bird,call
15,2.808163265,0.335238095,3.1434013600000004,Pasdom_call,bird,call
16,0.0,0.157460317,0.157460317,Cetcet_song,bird,song
16,0.833015873,0.162539683,0.995555556,Cetcet_song,bird,song
16,1.081904762,0.071111111,1.153015873,Cetcet_song,bird,song
16,1.183492063,0.137142857,1.32063492,Cetcet_song,bird,song
16,1.828571429,0.137142857,1.9657142859999999,Cetcet_song,bird,song
16,1.970793651,0.091428571,2.062222222,Cetcet_song,bird,song
16,2.128253968,0.091428571,2.219682539,Cetcet_song,bird,song
16,2.306031746,0.142222222,2.448253968,Cetcet_song,bird,song
16,2.509206349,0.157460317,2.666666666,Cetcet_song,bird,song
16,2.737777778,0.152380952,2.89015873,Cetcet_song,bird,song
17,0.304761905,0.069659864,0.374421769,Parmaj_call,bird,call
17,0.65015873,0.084172336,0.734331066,Parmaj_call,bird,call
17,1.184217687,0.075464853,1.25968254,Hirrus_call,bird,call
17,2.290068027,0.058049887,2.348117914,Hirrus_call,bird,call
17,2.870566893,0.055147392,2.9257142849999997,Hirrus_call,bird,call
17,3.1230839,0.179954649,3.303038549,Hirrus_call,bird,call
17,3.532335601,0.072562358,3.604897959,Parmaj_call,bird,call
17,3.700680272,0.075464853,3.776145125,Parmaj_call,bird,call
17,4.043174603,0.055147392,4.098321995,Unknown,Unknown,Unknown
19,0.851882086,0.033378685,0.885260771,Phofem_song,insect,song
19,0.952018141,0.042086168,0.994104309,Phofem_song,insect,song
20,0.0,0.03047619,0.03047619,Carcan_call,bird,call
20,0.060952381,0.053696145,0.114648526,Carcan_call,bird,call
20,0.162539683,0.059501134,0.222040817,Carcan_call,bird,call
20,0.275736961,0.062403628,0.338140589,Carcan_call,bird,call
20,0.409251701,0.042086168,0.451337869,Carcan_call,bird,call
20,0.502131519,0.033378685,0.5355102039999999,Carcan_call,bird,call
20,1.137777778,0.044988662,1.18276644,Carcan_call,bird,call
20,1.240816327,0.039183673,1.28,Carcan_call,bird,call
20,1.287256236,0.046439909,1.333696145,Carcan_call,bird,call
20,1.333696145,0.042086168,1.375782313,Carcan_call,bird,call
20,2.715283447,0.040634921,2.755918368,Carcan_call,bird,call
20,2.790748299,0.042086168,2.832834467,Carcan_call,bird,call
21,0.0,1.004081633,1.004081633,Fricoe_song,bird,song
21,1.065306122,0.187755102,1.253061224,Fricoe_song,bird,song
22,0.004081633,0.293877551,0.297959184,Oriori_song,bird,song
22,0.146938776,0.675510204,0.8224489799999999,Carcar_song,bird,song
22,0.416326531,0.216326531,0.6326530619999999,Oriori_song,bird,song
22,1.583673469,0.069387755,1.653061224,Carcar_song,bird,song
22,1.87755102,0.085714286,1.963265306,Carcar_song,bird,song
22,2.142857143,0.457142857,2.6,Carcar_song,bird,song
22,2.869387755,0.071428571,2.940816326,Carcar_song,bird,song
23,0.02031746,0.325079365,0.345396825,Galthe_call,bird,call
23,2.986666667,0.076190476,3.062857143,Galthe_call,bird,call
23,3.159365079,0.33015873,3.489523809,Galthe_call,bird,call
24,0.0,0.026122449,0.026122449,Sylmel_song,bird,song
24,0.058049887,0.085623583,0.14367347,Sylmel_song,bird,song
24,0.190113379,0.075464853,0.26557823199999997,Sylmel_song,bird,song
24,0.306213152,0.046439909,0.352653061,Sylmel_song,bird,song
24,0.322176871,0.065306122,0.387482993,Sylmel_song,bird,song
24,0.429569161,0.081269841,0.510839002,Sylmel_song,bird,song
24,0.555827664,0.08707483,0.6429024940000001,Sylmel_song,bird,song
24,0.721269841,0.068208617,0.789478458,Sylmel_song,bird,song
24,0.818503401,0.079818594,0.898321995,Sylmel_song,bird,song
24,3.339319728,0.085623583,3.424943311,Sylmel_call,bird,call
25,0.0,0.185759637,0.185759637,Turmer_call,bird,call
26,0.121904762,0.08707483,0.208979592,Picpic_call,bird,call
26,2.020136054,0.255419501,2.275555555,Serser_song,bird,song
26,2.263945578,0.110294785,2.374240363,Picpic_call,bird,call
26,2.316190476,2.565804989,4.881995465,Serser_song,bird,song
26,3.448163265,0.922993197,4.371156462,Turmer_song,bird,song
26,4.5569161,0.121904762,4.678820861999999,Turphi_call,bird,call
27,0.0,0.096507937,0.096507937,Lusmeg_song,bird,song
27,0.152380952,0.147301587,0.29968253899999997,Lusmeg_song,bird,song
27,0.426666667,0.126984127,0.553650794,Lusmeg_song,bird,song
27,0.645079365,0.066031746,0.7111111109999999,Lusmeg_song,bird,song
27,0.802539683,0.045714286,0.848253969,Lusmeg_song,bird,song
27,0.904126984,0.091428571,0.995555555,Lusmeg_song,bird,song
27,1.041269841,0.147301587,1.1885714280000002,Lusmeg_song,bird,song
27,2.565079365,0.172698413,2.737777778,Cetcet_song,bird,song
27,3.479365079,0.162539683,3.641904762,Cetcet_song,bird,song
27,3.707936508,0.076190476,3.784126984,Cetcet_song,bird,song
27,3.834920635,0.172698413,4.0076190480000005,Cetcet_song,bird,song
27,4.383492063,0.071111111,4.454603174000001,Cetcet_song,bird,song
27,4.505396825,0.086349206,4.5917460310000004,Cetcet_song,bird,song
27,4.678095238,0.101587302,4.7796825400000005,Cetcet_song,bird,song
27,4.855873016,0.137142857,4.993015873,Cetcet_song,bird,song
28,0.0,0.05877551,0.05877551,Galthe_song,bird,song
28,0.102312925,0.039183673,0.141496598,Galthe_song,bird,song
28,0.154557823,0.076190476,0.230748299,Galthe_song,bird,song
28,0.287346939,0.08707483,0.374421769,Galthe_song,bird,song
28,0.463673469,0.054421769,0.518095238,Galthe_song,bird,song
28,0.574693878,0.043537415,0.618231293,Galthe_song,bird,song
28,0.685714286,0.050068027,0.735782313,Galthe_song,bird,song
28,0.868571429,0.02829932,0.896870749,Galthe_song,bird,song
28,0.973061224,0.082721088,1.0557823119999998,Galthe_song,bird,song
28,1.205986395,0.137142857,1.343129252,Galthe_song,bird,song
28,1.451972789,0.215510204,1.6674829930000001,Galthe_song,bird,song
28,1.734965986,0.100136054,1.83510204,Galthe_song,bird,song
28,1.896054422,0.056598639,1.952653061,Galthe_song,bird,song
28,2.165986395,0.097959184,2.263945579,Galthe_song,bird,song
29,0.0,0.043537415,0.043537415,Sylmel_call,bird,call
29,0.171247166,0.049342404,0.22058957,Sylmel_call,bird,call
29,0.335238095,0.053696145,0.38893424,Sylmel_call,bird,call
29,0.487619048,0.056598639,0.544217687,Sylmel_call,bird,call
29,0.645804989,0.052244898,0.698049887,Sylmel_call,bird,call
29,0.7938322,0.065306122,0.859138322,Sylmel_call,bird,call
29,0.946213152,0.062403628,1.00861678,Sylmel_call,bird,call
29,1.09569161,0.065306122,1.160997732,Sylmel_call,bird,call
29,1.264036281,0.056598639,1.32063492,Sylmel_call,bird,call
31,0.870748299,0.092879819,0.9636281179999999,Turphi_song,bird,song
31,1.062312925,0.119002268,1.181315193,Turphi_song,bird,song
31,1.314829932,0.139319728,1.4541496600000001,Turphi_song,bird,song
31,2.121723356,0.101587302,2.223310658,Turphi_song,bird,song
31,2.336507937,0.119002268,2.455510205,Turphi_song,bird,song
31,2.571609977,0.017414966,2.589024943,Erirub_call,bird,call
31,3.024399093,0.031927438,3.056326531,Erirub_call,bird,call
31,3.253696145,0.023219955,3.2769161,Erirub_call,bird,call
31,3.268208617,0.185759637,3.453968254,Turphi_song,bird,song
31,3.567165533,0.171247166,3.738412699,Turphi_song,bird,song
31,3.601995465,0.02031746,3.6223129249999997,Erirub_call,bird,call
31,3.854512472,0.177052154,4.031564626,Turphi_song,bird,song
31,4.072199546,0.177052154,4.2492517,Turphi_song,bird,song
31,4.812335601,0.191564626,5.003900227,Turphi_song,bird,song
33,0.0,0.111020408,0.111020408,Galthe_song,bird,song
33,0.215510204,0.171972789,0.387482993,Galthe_song,bird,song
33,0.459319728,0.11537415,0.5746938779999999,Galthe_song,bird,song
33,1.89170068,0.148027211,2.039727891,Galthe_song,bird,song
33,2.150748299,0.050068027,2.200816326,Galthe_song,bird,song
33,2.224761905,0.121904762,2.346666667,Galthe_song,bird,song
33,2.359727891,0.11537415,2.475102041,Galthe_song,bird,song
33,2.688435374,0.08707483,2.775510204,Galthe_song,bird,song
33,2.797278912,0.023945578,2.82122449,Galthe_song,bird,song
33,2.845170068,0.034829932,2.88,Galthe_song,bird,song
33,2.893061224,0.097959184,2.9910204080000002,Galthe_song,bird,song
33,3.036734694,0.176326531,3.213061225,Galthe_song,bird,song
33,3.469931973,0.113197279,3.583129252,Galthe_song,bird,song
33,3.66585034,0.076190476,3.742040816,Galthe_song,bird,song
33,3.890068027,0.034829932,3.924897959,Galthe_song,bird,song
34,0.005804989,0.031927438,0.037732427,Sylcan_song,bird,song
34,0.058049887,0.058049887,0.116099774,Sylcan_song,bird,song
34,0.191564626,0.072562358,0.264126984,Sylcan_song,bird,song
34,0.26122449,0.049342404,0.310566894,Sylcan_song,bird,song
34,0.322176871,0.063854875,0.386031746,Sylcan_song,bird,song
34,0.403446712,0.052244898,0.45569160999999997,Sylcan_song,bird,song
34,0.502131519,0.078367347,0.580498866,Sylcan_song,bird,song
34,0.615328798,0.063854875,0.6791836729999999,Sylcan_song,bird,song
34,0.702403628,0.052244898,0.754648526,Sylcan_song,bird,song
34,0.766258503,0.026122449,0.792380952,Sylcan_song,bird,song
34,0.864943311,0.031927438,0.896870749,Sylcan_song,bird,song
34,0.934603175,0.069659864,1.004263039,Sylcan_song,bird,song
34,1.010068027,0.058049887,1.068117914,Sylcan_song,bird,song
34,3.474285714,0.217687075,3.6919727890000003,Petpet_song,bird,song
34,3.935782313,0.182857143,4.1186394559999995,Petpet_song,bird,song
35,0.648707483,0.052244898,0.700952381,Regign_song,bird,song
35,0.781496599,0.076190476,0.857687075,Regign_song,bird,song
35,0.907755102,0.069659864,0.977414966,Regign_song,bird,song
35,1.01877551,0.091428571,1.110204081,Regign_song,bird,song
35,1.145034014,0.069659864,1.2146938779999998,Regign_song,bird,song
35,1.258231293,0.052244898,1.310476191,Regign_song,bird,song
35,1.364897959,0.065306122,1.430204081,Regign_song,bird,song
35,1.473741497,0.08707483,1.560816327,Regign_song,bird,song
35,1.608707483,0.222040816,1.8307482990000001,Regign_song,bird,song
35,1.86122449,0.239455782,2.100680272,Regign_song,bird,song
35,2.12462585,0.128435374,2.253061224,Regign_song,bird,song
35,2.274829932,0.111020408,2.3858503399999997,Regign_song,bird,song
35,2.403265306,0.185034014,2.5882993200000004,Regign_song,bird,song
37,0.983945578,0.246712018,1.2306575960000001,Sylund_call,bird,call
37,2.922811791,0.310566893,3.233378684,Sylund_call,bird,call
38,0.542040816,0.089251701,0.631292517,Galthe_song,bird,song
38,0.718367347,0.178503401,0.896870748,Galthe_song,bird,song
38,0.98829932,0.113197279,1.101496599,Galthe_song,bird,song
38,1.175510204,0.100136054,1.275646258,Galthe_song,bird,song
38,1.319183673,0.113197279,1.432380952,Galthe_song,bird,song
38,1.532517007,0.187210884,1.719727891,Galthe_song,bird,song
38,1.887346939,0.17414966,2.061496599,Galthe_song,bird,song
38,2.076734694,0.08707483,2.1638095240000004,Galthe_song,bird,song
38,2.372789116,0.121904762,2.4946938779999996,Galthe_song,bird,song
38,3.125986395,0.108843537,3.234829932,Galthe_song,bird,song
38,3.456870748,0.093605442,3.55047619,Galthe_song,bird,song
39,0.181405896,0.558730159,0.740136055,Turphi_song,bird,song
39,0.239455782,1.785034014,2.024489796,Serser_song,bird,song
39,2.220408163,2.783492064,5.003900227,Serser_song,bird,song
39,4.346485261,0.101587302,4.448072563,Parmaj_call,bird,call
40,0.011609977,0.220589569,0.232199546,Lopcri_call,bird,call
40,0.499229025,0.084172336,0.583401361,Lopcri_call,bird,call
40,0.626938776,0.255419501,0.882358277,Lopcri_call,bird,call
40,2.249433107,0.357006803,2.60643991,Lopcri_call,bird,call
40,2.566530612,1.488979592,4.055510204,Embcir_song,bird,song
40,3.099863946,0.429569161,3.529433107,Lopcri_call,bird,call
40,3.961904762,0.116099773,4.078004535,Lopcri_call,bird,call
40,4.16,0.843900227,5.003900227,Siteur_song,bird,song
41,3.306666667,0.055873016,3.362539683,Phycol_call,bird,call
41,4.388571429,0.055873016,4.444444444999999,Phycol_call,bird,call
42,0.594285714,0.081269841,0.675555555,Galthe_call,bird,call
42,0.741587302,0.198095238,0.93968254,Galthe_call,bird,call
42,1.005714286,0.446984127,1.4526984129999998,Galthe_call,bird,call
42,1.955555556,0.137142857,2.092698413,Galthe_call,bird,call
43,1.590566893,0.037732426,1.6282993190000001,Parcae_call,bird,call
43,1.651519274,0.060952381,1.7124716549999999,Parcae_call,bird,call
43,1.726984127,0.046439909,1.773424036,Parcae_call,bird,call
43,1.787936508,0.063854875,1.8517913830000001,Parcae_call,bird,call
43,2.693514739,0.113197279,2.806712018,Anttri_song,bird,song
43,2.914104308,0.10739229,3.021496598,Anttri_song,bird,song
43,3.131791383,0.139319728,3.2711111109999997,Anttri_song,bird,song
43,3.38430839,0.075464853,3.4597732430000003,Parcae_call,bird,call
43,3.526530612,0.113197279,3.639727891,Anttri_song,bird,song
43,3.758730159,0.089977324,3.848707483,Parcae_call,bird,call
43,3.915464853,0.110294785,4.025759638,Anttri_song,bird,song
43,4.124444444,0.104489796,4.22893424,Parcae_call,bird,call
43,4.284081633,0.136417234,4.420498866999999,Anttri_song,bird,song
43,4.408888889,0.043537415,4.452426304,Parcae_call,bird,call
43,4.527891156,0.124807256,4.652698412,Parcae_call,bird,call
43,4.681723356,0.119002268,4.800725624,Anttri_song,bird,song
43,4.948752834,0.055147393,5.003900227000001,Parcae_call,bird,call
44,0.0,0.091428571,0.091428571,Unknown,Unknown,Unknown
45,0.0,0.238004535,0.238004535,Petpet_song,bird,song
45,0.36861678,0.034829932,0.403446712,Sylcan_call,bird,call
45,0.711111111,0.21478458,0.925895691,Petpet_song,bird,song
45,0.731428571,0.060952381,0.792380952,Sylcan_call,bird,call
45,1.219047619,0.081269841,1.3003174599999998,Sylcan_song,bird,song
45,1.326439909,0.10739229,1.433832199,Sylcan_song,bird,song
45,1.45414966,0.084172336,1.5383219959999999,Sylcan_song,bird,song
45,1.570249433,0.156734694,1.7269841270000001,Sylcan_song,bird,song
45,1.790839002,0.092879819,1.883718821,Sylcan_song,bird,song
45,1.938866213,0.10739229,2.0462585030000002,Sylcan_song,bird,song
45,2.069478458,0.052244898,2.121723356,Sylcan_song,bird,song
45,2.12462585,0.055147392,2.179773242,Sylcan_song,bird,song
45,2.194285714,0.043537415,2.2378231289999997,Sylcan_song,bird,song
45,2.266848073,0.089977324,2.3568253969999997,Sylcan_song,bird,song
45,2.356825397,0.037732426,2.394557823,Sylcan_song,bird,song
45,2.464217687,0.089977324,2.554195011,Sylcan_song,bird,song
45,2.554195011,0.101587302,2.655782313,Sylcan_song,bird,song
45,2.684807256,0.043537415,2.728344671,Sylcan_song,bird,song
45,2.771882086,0.040634921,2.8125170070000003,Sylcan_song,bird,song
45,2.84154195,0.136417234,2.977959184,Sylcan_song,bird,song
45,2.99537415,0.040634921,3.036009071,Sylcan_song,bird,song
45,3.108571429,0.063854875,3.172426304,Sylcan_song,bird,song
45,3.198548753,0.034829932,3.233378685,Sylcan_song,bird,song
45,3.242086168,0.037732426,3.279818594,Sylcan_song,bird,song
45,3.361088435,0.043537415,3.40462585,Sylcan_song,bird,song
45,3.424943311,0.031927438,3.4568707489999997,Sylcan_song,bird,song
45,3.482993197,0.026122449,3.5091156459999997,Sylcan_song,bird,song
45,3.570068027,0.040634921,3.610702948,Sylcan_song,bird,song
45,3.64553288,0.037732426,3.683265306,Sylcan_song,bird,song
45,3.723900227,0.058049887,3.7819501140000003,Sylcan_song,bird,song
45,3.799365079,0.034829932,3.8341950110000003,Sylcan_song,bird,song
45,3.842902494,0.029024943,3.871927437,Sylcan_song,bird,song
45,3.863219955,0.168344671,4.031564626,Sylcan_song,bird,song
45,4.025759637,0.185759637,4.2115192740000005,Petpet_song,bird,song
45,4.104126984,0.031927438,4.136054422,Sylcan_song,bird,song
45,4.632380952,0.191564626,4.823945578,Petpet_song,bird,song
46,0.0,0.043537415,0.043537415,Sylatr_call,bird,call
46,0.30185941,0.034829932,0.336689342,Sylatr_call,bird,call
46,0.502131519,0.031927438,0.534058957,Sylatr_call,bird,call
46,0.641451247,0.031927438,0.673378685,Sylatr_call,bird,call
46,0.818503401,0.029024943,0.847528344,Sylatr_call,bird,call
46,0.981043084,0.043537415,1.024580499,Sylatr_call,bird,call
46,1.190022676,0.046439909,1.236462585,Sylatr_call,bird,call
46,1.332244898,0.034829932,1.36707483,Sylatr_call,bird,call
46,1.486077098,0.029024943,1.515102041,Sylatr_call,bird,call
46,1.689251701,0.026122449,1.7153741500000002,Sylatr_call,bird,call
46,2.194285714,0.046439909,2.240725623,Sylatr_call,bird,call
46,2.394557823,0.034829932,2.429387755,Sylatr_call,bird,call
46,2.638367347,0.029024943,2.66739229,Sylatr_call,bird,call
46,2.795102041,0.031927438,2.8270294789999997,Sylatr_call,bird,call
46,3.018594104,0.034829932,3.053424036,Sylatr_call,bird,call
46,3.288526077,0.043537415,3.332063492,Sylatr_call,bird,call
46,3.506213152,0.037732426,3.5439455779999998,Sylatr_call,bird,call
46,3.662947846,0.031927438,3.6948752839999996,Sylatr_call,bird,call
46,3.813877551,0.037732426,3.851609977,Sylatr_call,bird,call
46,4.043174603,0.026122449,4.069297052,Sylatr_call,bird,call
46,4.29569161,0.023219955,4.3189115650000005,Sylatr_call,bird,call
46,4.498866213,0.031927438,4.530793651000001,Sylatr_call,bird,call
46,4.655600907,0.034829932,4.690430839,Sylatr_call,bird,call
46,4.821043084,0.026122449,4.847165533,Sylatr_call,bird,call
47,0.755102041,0.497959184,1.253061225,Fricoe_song,bird,song
47,1.310204082,0.265306122,1.575510204,Fricoe_song,bird,song
47,1.726530612,0.236734694,1.9632653059999998,Fricoe_song,bird,song
47,2.47755102,0.473469388,2.9510204079999998,Erirub_song,bird,song
47,3.097959184,0.351020408,3.448979592,Erirub_song,bird,song
47,3.436734694,0.697959184,4.134693878,Erirub_song,bird,song
47,4.285714286,0.330612245,4.616326531,Erirub_song,bird,song
47,4.648979592,0.081632653,4.730612245,Erirub_song,bird,song
47,4.746938776,0.256961451,5.003900227000001,Erirub_song,bird,song
48,0.004353741,0.03047619,0.034829931,Carcan_song,bird,song
48,0.383129252,0.093605442,0.47673469399999996,Carcan_song,bird,song
48,1.210340136,0.052244898,1.262585034,Carcan_song,bird,song
48,1.332244898,0.039183673,1.3714285709999998,Carcan_song,bird,song
48,1.906938776,0.080544218,1.987482994,Carcan_song,bird,song
48,2.379319728,0.041360544,2.4206802720000002,Carcan_song,bird,song
48,2.464217687,0.208979592,2.673197279,Carcan_song,bird,song
48,2.958367347,0.047891156,3.0062585029999997,Carcan_song,bird,song
48,3.071564626,0.037006803,3.108571429,Carcan_song,bird,song
48,4.090340136,0.03047619,4.120816326,Carcan_song,bird,song
48,4.236190476,0.037006803,4.273197279,Carcan_song,bird,song
49,0.0,0.047891156,0.047891156,Pasdom_call,bird,call
49,0.169795918,0.148027211,0.317823129,Pasdom_call,bird,call
49,0.243809524,1.293061224,1.536870748,Tibtom_song,insect,song
49,1.062312925,0.134965986,1.1972789110000002,Pasdom_call,bird,call
49,1.288707483,0.091428571,1.380136054,Pasdom_call,bird,call
49,1.946122449,0.222040816,2.168163265,Pasdom_call,bird,call
49,2.411972789,0.104489796,2.516462585,Pasdom_call,bird,call
49,3.400272109,0.26122449,3.661496599,Pasdom_call,bird,call
49,3.770340136,0.213333333,3.983673469,Pasdom_call,bird,call
49,4.205714286,0.226394558,4.432108844,Pasdom_call,bird,call
49,4.776054422,0.152380952,4.928435373999999,Pasdom_call,bird,call
50,2.333605442,0.217687075,2.5512925170000003,Sylund_call,bird,call
50,4.313106576,0.240907029,4.554013605,Sylund_call,bird,call
51,3.283673469,0.157142857,3.440816326,Lusmeg_call,bird,call
52,0.014285714,0.208163265,0.222448979,Alaarv_song,bird,song
52,0.248979592,0.193877551,0.442857143,Alaarv_song,bird,song
52,0.516326531,0.220408163,0.736734694,Alaarv_song,bird,song
52,0.76122449,0.336734694,1.097959184,Alaarv_song,bird,song
52,1.085714286,0.120408163,1.206122449,Butbut_call,bird,call
52,1.334693878,0.310204082,1.64489796,Alaarv_song,bird,song
52,1.818367347,0.197959184,2.016326531,Alaarv_song,bird,song
52,2.089795918,0.119002268,2.208798186,Alaarv_song,bird,song
52,2.336507937,0.081269841,2.417777778,Alaarv_song,bird,song
52,2.513560091,0.055147392,2.568707483,Alaarv_song,bird,song
52,2.603537415,0.142222222,2.745759637,Alaarv_song,bird,song
53,0.017414966,1.039092971,1.0565079370000001,Siteur_song,bird,song
53,0.21478458,1.201632653,1.4164172330000002,Parate_song,bird,song
53,0.795283447,0.638548753,1.4338322,Gargla_call,bird,call
53,1.352562358,1.724081633,3.076643991,Siteur_song,bird,song
53,1.532517007,0.684988662,2.217505669,Turmer_song,bird,song
53,2.333605442,0.487619048,2.82122449,Gargla_call,bird,call
53,3.157913832,1.230657596,4.3885714280000006,Parate_song,bird,song
53,4.29569161,0.545668934,4.8413605440000005,Gargla_call,bird,call
53,4.371156463,0.626938776,4.998095239,Siteur_song,bird,song
54,0.006122449,0.479591837,0.485714286,Oriori_call,bird,call
54,1.791836735,0.087755102,1.879591837,Pelgra_call,amphibian,call
57,0.081269841,0.139319728,0.22058956899999999,Unknown,Unknown,Unknown
57,0.461496599,0.095782313,0.557278912,Unknown,Unknown,Unknown
57,0.972335601,0.127709751,1.100045352,Unknown,Unknown,Unknown
57,1.677641723,0.113197279,1.790839002,Unknown,Unknown,Unknown
57,1.976598639,0.098684807,2.0752834460000003,Unknown,Unknown,Unknown
57,2.25814059,0.121904762,2.380045352,Unknown,Unknown,Unknown
57,3.117278912,0.095782313,3.213061225,Unknown,Unknown,Unknown
57,3.62521542,0.098684807,3.723900227,Unknown,Unknown,Unknown
57,3.770340136,0.191564626,3.961904762,Unknown,Unknown,Unknown
57,4.057687075,0.08707483,4.144761904999999,Unknown,Unknown,Unknown
57,4.182494331,0.078367347,4.260861678,Unknown,Unknown,Unknown
58,0.006530612,0.114285714,0.120816326,Turphi_song,bird,song
58,0.267755102,0.133877551,0.40163265300000006,Turphi_song,bird,song
58,0.434285714,0.071836735,0.506122449,Trotro_song,bird,song
58,0.52244898,0.626938776,1.1493877559999999,Trotro_song,bird,song
58,0.84244898,0.182857143,1.025306123,Turphi_song,bird,song
58,1.394285714,0.130612245,1.524897959,Turphi_song,bird,song
58,2.742857143,0.137142857,2.8800000000000003,Cerbra_song,bird,song
58,3.085714286,0.323265306,3.408979592,Cerbra_song,bird,song
58,3.245714286,0.088163265,3.333877551,Regign_song,bird,song
58,3.363265306,0.104489796,3.4677551020000004,Regign_song,bird,song
58,3.503673469,0.097959184,3.6016326530000002,Regign_song,bird,song
58,3.650612245,0.081632653,3.7322448980000003,Regign_song,bird,song
58,3.777959184,0.091428571,3.869387755,Regign_song,bird,song
58,3.879183673,0.094693878,3.973877551,Parate_song,bird,song
58,3.918367347,0.982857143,4.90122449,Regign_song,bird,song
58,4.016326531,0.04244898,4.0587755109999994,Parate_song,bird,song
58,4.140408163,0.078367347,4.21877551,Parate_song,bird,song
58,4.303673469,0.084897959,4.388571428,Parate_song,bird,song
58,4.571428571,0.065306122,4.636734693,Parate_song,bird,song
58,4.708571429,0.107755102,4.816326531,Parate_song,bird,song
58,4.852244898,0.088163265,4.940408163000001,Pyrpyr_call,bird,call
58,4.924081633,0.079818594,5.003900227,Regign_song,bird,song
60,1.410612245,0.38893424,1.799546485,Petpet_song,bird,song
62,0.007256236,1.719727891,1.726984127,Siteur_song,bird,song
62,4.215873016,0.239455782,4.455328798,Regign_song,bird,song
62,4.767346939,0.188662132,4.956009071,Regign_song,bird,song
63,0.008707483,0.148027211,0.15673469399999998,Sylcan_song,bird,song
63,0.177052154,0.104489796,0.28154195,Sylcan_song,bird,song
63,0.327981859,0.098684807,0.42666666599999997,Sylcan_song,bird,song
63,0.490521542,0.124807256,0.615328798,Sylcan_song,bird,song
63,0.67047619,0.08707483,0.7575510200000001,Sylcan_song,bird,song
63,0.798185941,0.124807256,0.9229931969999999,Sylcan_song,bird,song
63,0.972335601,0.10739229,1.079727891,Sylcan_song,bird,song
63,1.091337868,0.130612245,1.2219501130000001,Sylcan_song,bird,song
63,1.137777778,0.17414966,1.3119274380000001,Sylcan_song,bird,song
63,1.320634921,0.095782313,1.4164172339999999,Sylcan_song,bird,song
63,1.422222222,0.046439909,1.468662131,Sylcan_song,bird,song
63,1.555736961,0.069659864,1.625396825,Sylcan_song,bird,song
63,1.683446712,0.156734694,1.8401814060000001,Sylcan_song,bird,song
63,1.854693878,0.116099773,1.970793651,Sylcan_song,bird,song
63,2.101405896,0.113197279,2.214603175,Sylcan_song,bird,song
63,2.321995465,0.046439909,2.368435374,Sylcan_song,bird,song
63,2.417777778,0.078367347,2.496145125,Sylcan_song,bird,song
63,2.562902494,0.026122449,2.5890249429999996,Sylcan_song,bird,song
63,2.574512472,0.124807256,2.699319728,Sylcan_song,bird,song
63,2.722539683,0.043537415,2.766077098,Sylcan_song,bird,song
63,2.777687075,0.031927438,2.8096145129999996,Sylcan_song,bird,song
63,2.827029478,0.116099773,2.9431292510000002,Sylcan_song,bird,song
63,3.03600907,0.069659864,3.105668934,Sylcan_song,bird,song
63,3.140498866,0.029024943,3.169523809,Sylcan_song,bird,song
63,3.236281179,0.058049887,3.2943310660000003,Sylcan_song,bird,song
63,3.326258503,0.034829932,3.361088435,Sylcan_song,bird,song
63,3.430748299,0.031927438,3.4626757369999996,Sylcan_song,bird,song
63,3.590385488,0.179954649,3.770340137,Sylcan_song,bird,song
63,3.796462585,0.037732426,3.834195011,Sylcan_song,bird,song
63,3.959002268,0.029024943,3.988027211,Sylcan_song,bird,song
63,3.996734694,0.043537415,4.040272109,Sylcan_song,bird,song
63,4.078004535,0.052244898,4.1302494329999995,Sylcan_song,bird,song
63,4.170884354,0.043537415,4.214421769,Sylcan_song,bird,song
63,4.246349206,0.040634921,4.286984126999999,Sylcan_song,bird,song
63,4.356643991,0.168344671,4.524988662,Sylcan_song,bird,song
63,4.562721088,0.060952381,4.623673469,Sylcan_song,bird,song
63,4.652698413,0.127709751,4.780408164000001,Sylcan_song,bird,song
63,4.835555556,0.046439909,4.881995465,Sylcan_song,bird,song
63,4.899410431,0.104489796,5.003900227,Sylcan_song,bird,song
64,0.534693878,0.181632653,0.716326531,Oriori_call,bird,call
66,0.0,0.391111111,0.391111111,Strdec_song,bird,song
66,0.0,3.041814059,3.041814059,Cicatr_song,insect,song
66,0.551111111,0.124444444,0.675555555,Strdec_song,bird,song
66,0.706031746,0.245079365,0.9511111109999999,Strdec_song,bird,song
66,1.198730159,0.101587302,1.300317461,Strdec_song,bird,song
66,2.915555556,0.126258503,3.041814059,Strdec_song,bird,song
67,0.0,5.003900227,5.003900227,Plasab_song,insect,song
67,1.676190476,0.345396825,2.021587301,Galcri_call,bird,call
67,2.768253968,0.401269841,3.1695238089999997,Galcri_call,bird,call
68,0.0,0.180680272,0.180680272,Carcan_song,bird,song
68,0.304761905,0.045714286,0.350476191,Carcan_song,bird,song
68,0.415782313,0.215510204,0.631292517,Carcan_song,bird,song
68,0.792380952,0.05877551,0.8511564620000001,Carcan_song,bird,song
68,4.16,0.041360544,4.201360544,Carcan_song,bird,song
68,4.255782313,0.17414966,4.429931973,Carcan_song,bird,song
68,4.601904762,0.108843537,4.7107482990000005,Carcan_song,bird,song
68,4.94585034,0.058049887,5.003900227,Carcan_song,bird,song
69,0.0,5.003174603,5.003174603,Plasab_song,insect,song
69,2.168888889,0.33015873,2.499047619,Galcri_call,bird,call
69,4.876190476,0.127709751,5.003900227,Galcri_call,bird,call
70,0.538412698,0.472380952,1.01079365,Galcri_call,bird,call
70,1.970793651,0.386031746,2.3568253969999997,Galcri_call,bird,call
70,3.2,0.452063492,3.6520634920000004,Galcri_call,bird,call
70,4.693333333,0.304761905,4.998095238,Galcri_call,bird,call
71,0.0,0.028571429,0.028571429,Phofem_song,insect,song
71,0.065306122,0.032653061,0.09795918299999999,Phofem_song,insect,song
71,0.12244898,0.03877551,0.16122449,Phofem_song,insect,song
71,0.255102041,0.108163265,0.363265306,Lularb_song,bird,song
71,0.504081633,0.073469388,0.577551021,Lularb_song,bird,song
71,0.640816327,0.059183673,0.7000000000000001,Lularb_song,bird,song
71,0.787755102,0.071428571,0.859183673,Lusmeg_song,bird,song
71,0.989795918,0.028571429,1.018367347,Lusmeg_song,bird,song
71,1.020408163,0.069387755,1.0897959179999999,Lusmeg_song,bird,song
71,1.193877551,0.097959184,1.291836735,Lularb_song,bird,song
71,1.336734694,0.073469388,1.410204082,Lularb_song,bird,song
71,1.455102041,0.046938776,1.502040817,Lularb_song,bird,song
71,1.526530612,0.1,1.626530612,Lularb_song,bird,song
71,1.671428571,0.081632653,1.753061224,Lularb_song,bird,song
71,1.783673469,0.026530612,1.810204081,Lularb_song,bird,song
71,1.889795918,0.042857143,1.932653061,Lularb_song,bird,song
71,2.004081633,0.142857143,2.1469387760000003,Lularb_song,bird,song
71,2.195918367,0.057142857,2.253061224,Lularb_song,bird,song
71,2.312244898,0.091836735,2.4040816329999997,Lularb_song,bird,song
71,2.430612245,0.040816327,2.4714285719999998,Lularb_song,bird,song
71,2.632653061,0.095918367,2.728571428,Lularb_song,bird,song
71,2.742857143,0.051020408,2.793877551,Lularb_song,bird,song
71,2.920408163,0.087755102,3.008163265,Lularb_song,bird,song
71,3.263265306,0.065306122,3.328571428,Lularb_song,bird,song
71,3.459183673,0.030612245,3.489795918,Phofem_song,insect,song
71,3.520408163,0.046938776,3.567346939,Phofem_song,insect,song
71,3.571428571,0.067346939,3.6387755100000003,Lularb_song,bird,song
73,0.0,0.130612245,0.130612245,Sylcan_song,bird,song
73,0.306938776,0.048979592,0.35591836800000004,Sylcan_song,bird,song
73,0.368979592,0.062040816,0.431020408,Sylcan_song,bird,song
73,0.457142857,0.045714286,0.5028571430000001,Sylcan_song,bird,song
73,0.525714286,0.029387755,0.555102041,Sylcan_song,bird,song
73,0.64,0.111020408,0.751020408,Sylcan_song,bird,song
73,0.839183673,0.045714286,0.884897959,Sylcan_song,bird,song
73,0.979591837,0.267755102,1.247346939,Sylcan_song,bird,song
73,1.33877551,0.065306122,1.404081632,Sylcan_song,bird,song
73,1.423673469,0.068571429,1.4922448979999998,Sylcan_song,bird,song
73,2.657959184,0.238367347,2.896326531,Petpet_call,bird,call
74,0.0,0.408163265,0.408163265,Oriori_call,bird,call
74,0.004081633,0.920408163,0.9244897959999999,Ptehey_song,insect,song
74,1.416326531,1.474557823,2.8908843539999998,Ptehey_song,insect,song
74,1.836734694,0.087755102,1.924489796,Oriori_song,bird,song
74,2.144897959,0.108163265,2.253061224,Oriori_song,bird,song
75,0.21877551,0.04244898,0.26122449000000003,Unknown,Unknown,Unknown
75,1.005714286,0.104489796,1.1102040819999999,Unknown,Unknown,Unknown
75,1.188571429,0.032653061,1.22122449,Unknown,Unknown,Unknown
75,1.296326531,0.091428571,1.387755102,Unknown,Unknown,Unknown
75,2.390204082,0.372244898,2.76244898,Lopcri_call,bird,call
75,2.844081633,0.146938776,2.991020409,Lopcri_call,bird,call
75,3.000816327,0.189387755,3.1902040819999997,Turphi_song,bird,song
75,3.066122449,0.555102041,3.62122449,Lopcri_call,bird,call
75,3.650612245,0.189387755,3.84,Turphi_song,bird,song
75,3.696326531,0.215510204,3.911836735,Lopcri_call,bird,call
75,3.990204082,0.535510204,4.525714286,Lopcri_call,bird,call
75,4.313469388,0.163265306,4.476734693999999,Turphi_song,bird,song
75,4.904489796,0.097959184,5.00244898,Phycol_song,bird,song
76,0.006530612,0.065306122,0.071836734,Anttri_song,bird,song
76,0.124081633,0.107755102,0.23183673500000002,Anttri_song,bird,song
76,0.659591837,0.11755102,0.7771428570000001,Phycol_song,bird,song
76,0.963265306,0.222040816,1.185306122,Phycol_song,bird,song
76,1.306122449,0.212244898,1.518367347,Phycol_song,bird,song
76,1.645714286,0.231836735,1.877551021,Phycol_song,bird,song
76,1.988571429,0.212244898,2.200816327,Phycol_song,bird,song
76,2.331428571,0.215510204,2.546938775,Phycol_song,bird,song
76,4.453877551,0.094693878,4.548571429,Anttri_song,bird,song
76,4.587755102,0.10122449,4.688979592,Anttri_song,bird,song
76,4.728163265,0.10122449,4.829387755,Anttri_song,bird,song
76,4.862040816,0.114285714,4.976326530000001,Anttri_song,bird,song
77,0.0,0.185034014,0.185034014,Carcan_song,bird,song
77,0.248163265,0.156734694,0.40489795900000003,Sylmel_call,bird,call
77,0.450612245,0.130612245,0.58122449,Sylmel_call,bird,call
77,0.642176871,0.195918367,0.838095238,Sylmel_call,bird,call
77,0.903401361,0.206802721,1.110204082,Sylmel_call,bird,call
77,2.932244898,0.11537415,3.047619048,Pyrpyr_call,bird,call
78,0.009795918,0.114285714,0.124081632,Anttri_song,bird,song
78,0.153469388,0.133877551,0.287346939,Anttri_song,bird,song
78,0.32,0.091428571,0.411428571,Anttri_song,bird,song
78,0.453877551,0.192653061,0.646530612,Anttri_song,bird,song
78,0.679183673,0.04244898,0.721632653,Anttri_song,bird,song
78,0.813061224,0.189387755,1.002448979,Anttri_song,bird,song
78,1.01877551,0.045714286,1.064489796,Anttri_song,bird,song
78,1.146122449,0.431020408,1.577142857,Anttri_song,bird,song
78,1.469387755,0.052244898,1.5216326530000002,Anttri_song,bird,song
78,1.524897959,0.032653061,1.55755102,Regign_song,bird,song
78,1.586938776,0.460408163,2.047346939,Regign_song,bird,song
78,1.639183673,0.048979592,1.688163265,Regign_song,bird,song
78,1.763265306,0.048979592,1.812244898,Anttri_song,bird,song
78,1.871020408,0.04244898,1.913469388,Regign_song,bird,song
78,1.936326531,0.065306122,2.001632653,Anttri_song,bird,song
78,1.991836735,0.039183673,2.031020408,Regign_song,bird,song
78,2.050612245,0.075102041,2.125714286,Anttri_song,bird,song
78,2.086530612,0.078367347,2.1648979589999997,Regign_song,bird,song
78,2.171428571,0.075102041,2.246530612,Anttri_song,bird,song
78,2.177959184,0.081632653,2.2595918370000003,Regign_song,bird,song
78,2.292244898,0.078367347,2.370612245,Anttri_song,bird,song
78,2.29877551,0.068571429,2.367346939,Regign_song,bird,song
78,2.4,0.088163265,2.488163265,Anttri_song,bird,song
78,2.403265306,0.084897959,2.4881632650000003,Regign_song,bird,song
78,2.514285714,0.071836735,2.5861224490000003,Regign_song,bird,song
78,2.530612245,0.081632653,2.612244898,Anttri_song,bird,song
78,2.651428571,0.071836735,2.723265306,Anttri_song,bird,song
78,2.652154195,0.097959184,2.750113379,Regign_song,bird,song
78,2.768979592,0.124081633,2.893061225,Anttri_song,bird,song
78,2.961632653,0.114285714,3.0759183670000003,Anttri_song,bird,song
78,3.088979592,0.173061224,3.262040816,Anttri_song,bird,song
78,3.31755102,0.124081633,3.4416326529999997,Anttri_song,bird,song
78,3.464489796,0.153469388,3.617959184,Anttri_song,bird,song
78,3.706122449,0.114285714,3.820408163,Anttri_song,bird,song
78,3.846530612,0.150204082,3.996734694,Anttri_song,bird,song
78,4.062040816,0.192653061,4.254693876999999,Anttri_song,bird,song
78,4.293877551,0.143673469,4.43755102,Anttri_song,bird,song
78,4.496326531,0.163265306,4.659591837000001,Anttri_song,bird,song
78,4.68244898,0.111020408,4.793469388,Anttri_song,bird,song
78,4.822857143,0.111020408,4.933877551,Anttri_song,bird,song
80,2.089795918,0.19446712,2.284263038,Petpet_song,bird,song
81,0.0,5.003900227,5.003900227,Plasab_song,insect,song
81,1.503492063,0.35047619,1.853968253,Galcri_call,bird,call
81,2.102857143,0.365714286,2.468571429,Galcri_call,bird,call
82,0.013061224,0.20244898,0.215510204,Erirub_song,bird,song
82,0.29170068,0.422312925,0.714013605,Erirub_song,bird,song
82,0.879455782,0.439727891,1.319183673,Erirub_song,bird,song
82,1.414965986,0.518095238,1.9330612239999998,Erirub_song,bird,song
82,1.967891156,0.243809524,2.21170068,Parcae_call,bird,call
82,3.291428571,0.187210884,3.478639455,Parcae_call,bird,call
82,4.601904762,0.335238095,4.937142857,Parcae_call,bird,call
83,0.0,0.073469388,0.073469388,Lusmeg_call,bird,call
83,0.3,0.044897959,0.344897959,Sylmel_call,bird,call
83,0.395918367,0.065306122,0.461224489,Sylmel_call,bird,call
83,0.579591837,0.055102041,0.6346938780000001,Sylmel_call,bird,call
83,0.665306122,0.067346939,0.732653061,Sylmel_call,bird,call
83,0.814285714,0.063265306,0.8775510200000001,Sylmel_call,bird,call
83,0.895918367,0.079591837,0.9755102040000001,Sylmel_call,bird,call
83,1.028571429,0.067346939,1.095918368,Sylmel_call,bird,call
83,1.126530612,0.046938776,1.173469388,Sylmel_call,bird,call
83,1.275510204,0.075510204,1.351020408,Sylmel_call,bird,call
83,1.387755102,0.055102041,1.4428571430000001,Sylmel_call,bird,call
83,1.581632653,0.053061224,1.634693877,Sylmel_call,bird,call
83,1.679591837,0.021269841,1.700861678,Sylmel_call,bird,call
84,0.0,2.589024943,2.589024943,Plaaff_song,insect,song
84,0.006530612,2.582494331,2.589024943,Lyrple_song,insect,song
84,0.48,0.081269841,0.561269841,Alaarv_song,bird,song
84,0.622222222,0.167619048,0.7898412699999999,Alaarv_song,bird,song
84,0.893968254,0.241269841,1.135238095,Alaarv_song,bird,song
84,1.351111111,0.096507937,1.447619048,Alaarv_song,bird,song
84,1.907301587,0.106666667,2.013968254,Alaarv_song,bird,song
84,2.097777778,0.091428571,2.189206349,Alaarv_song,bird,song
84,2.290793651,0.162539683,2.453333334,Alaarv_song,bird,song
85,0.0,0.28952381,0.28952381,Erirub_song,bird,song
85,0.467301587,0.441904762,0.909206349,Erirub_song,bird,song
85,1.031111111,0.416507937,1.447619048,Erirub_song,bird,song
85,1.518730159,0.294603175,1.813333334,Erirub_song,bird,song
85,1.808253968,0.441904762,2.25015873,Erirub_song,bird,song
85,1.970793651,0.116825397,2.087619048,Erirub_song,bird,song
85,2.072380952,0.452063492,2.5244444440000002,Colpal_song,bird,song
85,2.676825397,0.071111111,2.747936508,Phycol_call,bird,call
85,2.722539683,0.198095238,2.920634921,Colpal_song,bird,song
85,3.296507937,0.137142857,3.433650794,Colpal_song,bird,song
85,3.575873016,0.203174603,3.779047619,Colpal_song,bird,song
85,3.591111111,0.076190476,3.667301587,Phycol_call,bird,call
85,4.317460317,0.086349206,4.4038095230000005,Pyrpyr_call,bird,call
85,4.551111111,0.436825397,4.987936508,Colpal_song,bird,song
86,0.127709751,0.371519274,0.499229025,Turphi_song,bird,song
86,0.673378685,1.306122449,1.979501134,Cerbra_song,bird,song
86,0.893968254,0.208979592,1.102947846,Turphi_song,bird,song
86,1.532517007,0.243809524,1.776326531,Turphi_song,bird,song
86,2.217505669,0.284444444,2.501950113,Turphi_song,bird,song
86,2.513560091,1.700861678,4.214421769,Parate_song,bird,song
86,2.73414966,1.718276644,4.452426303999999,Siteur_song,bird,song
86,2.896689342,0.238004535,3.134693877,Turphi_song,bird,song
86,3.959002268,0.917188209,4.876190477,Unknown,Unknown,Unknown
87,0.0,2.728344671,2.728344671,Tibtom_song,insect,song
87,0.490521542,0.092879819,0.583401361,Cisjun_song,bird,song
87,1.326439909,0.037732426,1.3641723350000001,Cisjun_song,bird,song
87,2.144943311,0.095782313,2.240725624,Cisjun_song,bird,song
88,2.26031746,0.132063492,2.392380952,Picpic_call,bird,call
89,0.005079365,4.998820862,5.003900227,Plasab_song,insect,song
89,1.645714286,0.345396825,1.991111111,Galcri_call,bird,call
89,4.860952381,0.142947846,5.003900227,Galcri_call,bird,call
91,0.003265306,0.120816327,0.124081633,Aegcau_call,bird,call
91,0.156734694,0.404897959,0.561632653,Aegcau_call,bird,call
91,2.853877551,0.111020408,2.964897959,Unknown,Unknown,Unknown
92,0.002902494,0.084172336,0.08707483,Pelgra_call,amphibian,call
92,0.26122449,0.197369615,0.458594105,Pelgra_call,amphibian,call
92,0.647256236,0.171247166,0.818503402,Pelgra_call,amphibian,call
92,0.995555556,0.203174603,1.1987301590000001,Pelgra_call,amphibian,call
93,0.0,0.043537415,0.043537415,Sylmel_song,bird,song
93,0.092879819,0.062403628,0.15528344700000002,Sylmel_song,bird,song
93,0.181405896,0.060952381,0.242358277,Sylmel_song,bird,song
93,0.361360544,0.052244898,0.413605442,Sylmel_song,bird,song
93,0.545668934,0.040634921,0.586303855,Sylmel_song,bird,song
93,0.606621315,0.031927438,0.638548753,Sylmel_song,bird,song
93,0.684988662,0.027573696,0.712562358,Sylmel_song,bird,song
93,0.699501134,0.058049887,0.757551021,Sylmel_song,bird,song
93,0.792380952,0.129160998,0.92154195,Sylmel_song,bird,song
93,1.301768707,0.052244898,1.354013605,Sylmel_song,bird,song
93,1.39755102,0.050793651,1.448344671,Sylmel_song,bird,song
93,1.980952381,0.021768707,2.002721088,Sylmel_song,bird,song
93,2.018684807,0.023219955,2.041904762,Sylmel_song,bird,song
93,2.127528345,0.068208617,2.195736962,Sylmel_song,bird,song
93,2.227664399,0.029024943,2.256689342,Sylmel_song,bird,song
93,2.320544218,0.101587302,2.42213152,Sylmel_song,bird,song
93,2.480181406,0.026122449,2.5063038549999996,Sylmel_song,bird,song
93,2.528072562,0.033378685,2.5614512470000004,Sylmel_song,bird,song
93,2.574512472,0.018866213,2.593378685,Sylmel_song,bird,song
93,2.644172336,0.03047619,2.674648526,Sylmel_song,bird,song
93,2.716734694,0.043537415,2.7602721089999998,Sylmel_song,bird,song
93,2.867664399,0.033378685,2.9010430840000003,Sylmel_song,bird,song
94,0.0,2.681904762,2.681904762,Cicatr_song,insect,song
94,0.0,2.681904762,2.681904762,Tetpyg_song,insect,song
94,0.748979592,0.055102041,0.804081633,Embcir_song,bird,song
94,0.828571429,0.053061224,0.881632653,Embcir_song,bird,song
94,0.928571429,0.065306122,0.993877551,Embcir_song,bird,song
94,1.044897959,0.059183673,1.104081632,Embcir_song,bird,song
94,1.136734694,0.071428571,1.208163265,Embcir_song,bird,song
94,1.242857143,0.055102041,1.297959184,Embcir_song,bird,song
94,1.334693878,0.069387755,1.4040816329999999,Embcir_song,bird,song
94,1.436734694,0.067346939,1.5040816330000002,Embcir_song,bird,song
94,1.548979592,0.073469388,1.62244898,Embcir_song,bird,song
94,1.669387755,0.055102041,1.724489796,Embcir_song,bird,song
95,0.011609977,1.123265306,1.134875283,Unknown,Unknown,Unknown
95,0.325079365,0.400544218,0.725623583,Lusmeg_call,bird,call
95,1.268390023,0.571791383,1.8401814060000001,Unknown,Unknown,Unknown
95,1.291609977,0.403446712,1.695056689,Lusmeg_call,bird,call
95,1.372879819,0.078367347,1.451247166,Unknown,Unknown,Unknown
95,2.176870748,0.339591837,2.5164625849999998,Lusmeg_call,bird,call
95,2.240725624,0.063854875,2.304580499,Unknown,Unknown,Unknown
95,2.586122449,0.191564626,2.777687075,Parmaj_call,bird,call
95,3.1230839,0.327981859,3.451065759,Lusmeg_call,bird,call
95,3.343673469,1.660226758,5.003900227,Unknown,Unknown,Unknown
95,3.929977324,0.339591837,4.269569161000001,Lusmeg_call,bird,call
95,4.890702948,0.113197279,5.003900227000001,Lusmeg_call,bird,call
96,0.0,0.081632653,0.081632653,Unknown,Unknown,Unknown
96,0.171428571,0.046938776,0.218367347,Unknown,Unknown,Unknown
96,0.293877551,0.132653061,0.426530612,Unknown,Unknown,Unknown
96,0.465306122,0.110204082,0.575510204,Unknown,Unknown,Unknown
96,0.634693878,0.171428571,0.806122449,Unknown,Unknown,Unknown
96,0.846938776,0.055102041,0.902040817,Unknown,Unknown,Unknown
96,1.067346939,0.034693878,1.102040817,Unknown,Unknown,Unknown
96,1.118367347,0.091836735,1.210204082,Unknown,Unknown,Unknown
96,1.309024943,0.771428571,2.0804535140000002,Denmaj_drum,bird,drum
96,2.110204082,0.116326531,2.226530613,Unknown,Unknown,Unknown
96,2.22244898,0.240816327,2.463265307,Unknown,Unknown,Unknown
96,2.463265306,0.059183673,2.522448979,Unknown,Unknown,Unknown
96,2.604081633,0.087755102,2.691836735,Unknown,Unknown,Unknown
96,2.846938776,0.136734694,2.98367347,Unknown,Unknown,Unknown
96,3.475510204,0.034693878,3.510204082,Unknown,Unknown,Unknown
96,3.602040816,0.040816327,3.642857143,Unknown,Unknown,Unknown
96,3.63877551,0.134693878,3.7734693879999996,Unknown,Unknown,Unknown
96,3.797959184,0.169387755,3.967346939,Unknown,Unknown,Unknown
96,4.024489796,0.251020408,4.275510204,Unknown,Unknown,Unknown
96,4.281179138,0.057142857,4.338321994999999,Loxcur_call,bird,call
96,4.417596372,0.271428571,4.689024943000001,Unknown,Unknown,Unknown
96,4.487256236,0.063854875,4.551111111,Loxcur_call,bird,call
96,4.757142857,0.175510204,4.932653061,Unknown,Unknown,Unknown
96,4.757188209,0.063854875,4.821043083999999,Loxcur_call,bird,call
97,0.238367347,0.060408163,0.29877551,Sylund_song,bird,song
97,0.337959184,0.048979592,0.38693877600000004,Sylund_song,bird,song
97,0.43755102,0.034285714,0.47183673400000004,Sylund_song,bird,song
97,0.486530612,0.048979592,0.5355102039999999,Sylund_song,bird,song
97,0.568163265,0.112653061,0.680816326,Sylund_song,bird,song
97,0.768979592,0.065306122,0.834285714,Sylund_song,bird,song
97,0.964897959,0.065306122,1.030204081,Sylund_song,bird,song
97,1.067755102,0.192653061,1.260408163,Sylund_song,bird,song
98,0.11755102,0.150204082,0.26775510199999997,Petpet_call,bird,call
98,0.555102041,0.306938776,0.862040817,Petpet_call,bird,call
98,1.518367347,0.496326531,2.014693878,Petpet_call,bird,call
98,2.452244898,0.163265306,2.615510204,Petpet_call,bird,call
98,3.219591837,0.235102041,3.454693878,Petpet_call,bird,call
98,3.676734694,0.045714286,3.72244898,Sylcan_song,bird,song
98,3.768163265,0.062040816,3.830204081,Sylcan_song,bird,song
98,3.849795918,0.094693878,3.944489796,Sylcan_song,bird,song
98,3.95755102,0.146938776,4.104489796,Sylcan_song,bird,song
98,4.124081633,0.186122449,4.310204082,Sylcan_song,bird,song
98,4.336326531,0.052244898,4.388571429,Sylcan_song,bird,song
98,4.440816327,0.078367347,4.519183674000001,Sylcan_song,bird,song
98,4.548571429,0.04244898,4.5910204089999995,Sylcan_song,bird,song
98,4.604081633,0.039183673,4.643265306,Sylcan_song,bird,song
98,4.679183673,0.088163265,4.767346938,Sylcan_song,bird,song
98,4.783673469,0.052244898,4.835918367,Sylcan_song,bird,song
98,4.84244898,0.032653061,4.875102041000001,Sylcan_song,bird,song
98,4.894693878,0.109206349,5.003900227,Sylcan_song,bird,song
99,0.002176871,0.080544218,0.082721089,Galthe_song,bird,song
99,0.165442177,0.178503401,0.34394557800000003,Galthe_song,bird,song
99,0.439727891,0.158911565,0.598639456,Galthe_song,bird,song
99,0.922993197,0.126258503,1.0492517000000001,Galthe_song,bird,song
99,1.286530612,0.045714286,1.332244898,Galthe_song,bird,song
99,1.360544218,0.069659864,1.430204082,Galthe_song,bird,song
99,1.793741497,0.082721088,1.876462585,Galthe_song,bird,song
100,0.882358277,0.069659864,0.952018141,Embcir_call,bird,call
100,4.585941043,0.089977324,4.675918367,Embcir_call,bird,call
101,0.072562358,0.165306122,0.23786848,Parmaj_song,bird,song
101,0.264126984,0.030612245,0.294739229,Parmaj_song,bird,song
101,0.495918367,0.142857143,0.63877551,Parmaj_song,bird,song
101,0.689795918,0.040816327,0.730612245,Parmaj_song,bird,song
101,0.93877551,0.13877551,1.07755102,Parmaj_song,bird,song
101,0.992653061,0.116099773,1.108752834,Parcae_song,bird,song
101,1.134693878,0.032653061,1.167346939,Parmaj_song,bird,song
101,1.195827664,0.037732426,1.23356009,Parcae_song,bird,song
101,1.230657596,0.119002268,1.349659864,Parcae_song,bird,song
101,1.425124717,0.116099773,1.54122449,Parcae_song,bird,song
101,2.960544218,0.136417234,3.096961452,Parcae_song,bird,song
101,2.983764172,0.142222222,3.125986394,Parmaj_song,bird,song
101,3.198548753,0.171247166,3.369795919,Parcae_song,bird,song
101,3.422040816,0.101587302,3.523628118,Parcae_song,bird,song
101,3.593287982,0.142222222,3.735510204,Parcae_song,bird,song
101,4.112834467,0.159637188,4.2724716549999995,Parmaj_song,bird,song
101,4.292789116,0.046439909,4.339229025,Parmaj_song,bird,song
101,4.545306122,0.1538322,4.6991383220000005,Parmaj_song,bird,song
101,4.5569161,0.142222222,4.699138322,Parcae_song,bird,song
101,4.739773243,0.031927438,4.771700681,Parmaj_song,bird,song
101,4.777505669,0.162539683,4.940045352,Parcae_song,bird,song
101,4.971972789,0.031927438,5.003900227,Parmaj_song,bird,song
103,0.002902494,0.211882086,0.21478458,Lusmeg_song,bird,song
103,0.290249433,0.238004535,0.528253968,Lusmeg_song,bird,song
103,0.351201814,0.043537415,0.394739229,Hirrus_call,bird,call
103,0.45569161,0.037732426,0.493424036,Hirrus_call,bird,call
103,0.597913832,0.269931973,0.867845805,Lusmeg_song,bird,song
103,0.902675737,0.063854875,0.966530612,Lusmeg_song,bird,song
103,0.949115646,0.034829932,0.9839455779999999,Hirrus_call,bird,call
103,1.004263039,0.055147392,1.059410431,Lusmeg_song,bird,song
103,1.08553288,0.063854875,1.149387755,Lusmeg_song,bird,song
103,1.181315193,0.060952381,1.242267574,Lusmeg_song,bird,song
103,1.271292517,0.06675737,1.338049887,Lusmeg_song,bird,song
103,1.358367347,0.069659864,1.4280272109999999,Lusmeg_song,bird,song
103,1.465759637,0.063854875,1.529614512,Lusmeg_song,bird,song
103,1.56154195,0.127709751,1.689251701,Lusmeg_song,bird,song
103,2.359727891,0.031927438,2.3916553289999998,Hirrus_call,bird,call
103,2.470022676,0.034829932,2.504852608,Hirrus_call,bird,call
103,2.554195011,0.049342404,2.603537415,Hirrus_call,bird,call
103,3.520725624,0.371519274,3.8922448980000004,Lusmeg_song,bird,song
103,3.938684807,0.121904762,4.060589569,Lusmeg_song,bird,song
103,4.124444444,0.092879819,4.217324263,Lusmeg_song,bird,song
104,0.005804989,0.403446712,0.40925170099999997,Prumod_song,bird,song
104,1.933061224,0.031927438,1.964988662,Erirub_call,bird,call
104,3.802267574,0.037732426,3.84,Erirub_call,bird,call
105,0.830113379,0.026122449,0.8562358280000001,Erirub_call,bird,call
105,0.957823129,0.394739229,1.3525623580000001,Butbut_call,bird,call
105,1.073922902,0.055147392,1.1290702940000001,Erirub_call,bird,call
105,1.918548753,0.203174603,2.121723356,Parate_call,bird,call
105,3.729705215,0.040634921,3.770340136,Erirub_call,bird,call
105,4.107029478,0.031927438,4.138956916000001,Erirub_call,bird,call
105,4.716553288,0.182857143,4.899410431,Parate_call,bird,call
106,2.232018141,0.104489796,2.3365079370000004,Fricoe_call,bird,call
107,0.0,0.023219955,0.023219955,Turphi_call,bird,call
107,4.282630385,0.168344671,4.450975056,Unknown,Unknown,Unknown
108,1.504943311,0.02031746,1.525260771,Sylcan_call,bird,call
108,1.724081633,0.03047619,1.7545578229999998,Sylcan_call,bird,call
108,1.992562358,0.031927438,2.024489796,Sylcan_call,bird,call
108,2.282811791,0.033378685,2.316190476,Sylcan_call,bird,call
108,3.162267574,0.024671202,3.186938776,Sylcan_call,bird,call
108,3.709387755,0.036281179,3.745668934,Sylcan_call,bird,call
108,3.951746032,0.027573696,3.979319728,Sylcan_call,bird,call
108,4.210068027,0.023219955,4.233287982,Sylcan_call,bird,call
110,0.10739229,0.145124717,0.252517007,Turmer_song,bird,song
110,1.480272109,0.240907029,1.7211791379999999,Unknown,Unknown,Unknown
110,1.750204082,0.084172336,1.834376418,Unknown,Unknown,Unknown
110,1.918548753,0.110294785,2.0288435380000003,Jyntor_song,bird,song
110,2.113015873,0.110294785,2.223310658,Jyntor_song,bird,song
110,2.25814059,0.142222222,2.400362812,Jyntor_song,bird,song
110,2.484535147,0.110294785,2.5948299319999997,Jyntor_song,bird,song
110,2.669387755,0.148979592,2.8183673469999997,Jyntor_song,bird,song
110,2.865306122,0.118367347,2.9836734689999997,Jyntor_song,bird,song
110,3.063265306,0.114285714,3.17755102,Jyntor_song,bird,song
110,3.242857143,0.114285714,3.3571428570000004,Jyntor_song,bird,song
110,3.451020408,0.102040816,3.5530612240000004,Jyntor_song,bird,song
110,3.657142857,0.120408163,3.77755102,Jyntor_song,bird,song
111,0.740136054,0.211882086,0.9520181400000001,Petpet_song,bird,song
111,1.340952381,0.145124717,1.486077098,Petpet_song,bird,song
111,1.509297052,0.055147392,1.564444444,Petpet_song,bird,song
111,1.593469388,0.121904762,1.71537415,Petpet_song,bird,song
111,2.760272109,0.217687075,2.9779591840000004,Petpet_song,bird,song
113,2.339410431,0.08707483,2.4264852610000003,Oriori_song,bird,song
113,2.571428571,0.063854875,2.6352834460000003,Oriori_song,bird,song
113,2.648979592,0.118367347,2.767346939,Unknown,Unknown,Unknown
113,2.681632653,0.603718821,3.2853514739999996,Oriori_song,bird,song
113,3.689795918,0.044897959,3.734693877,Unknown,Unknown,Unknown
113,3.842902494,0.168344671,4.011247165,Unknown,Unknown,Unknown
113,4.736870748,0.185759637,4.922630385000001,Unknown,Unknown,Unknown
114,0.0,0.165442177,0.165442177,Pasdom_call,bird,call
114,0.417959184,0.230748299,0.6487074829999999,Pasdom_call,bird,call
114,1.07537415,0.29170068,1.36707483,Pasdom_call,bird,call
114,1.549931973,0.191564626,1.741496599,Pasdom_call,bird,call
114,1.697959184,0.191564626,1.8895238099999998,Cerbra_call,bird,call
114,1.972244898,0.069659864,2.041904762,Pasdom_call,bird,call
114,2.538231293,0.169795918,2.708027211,Cerbra_call,bird,call
114,2.668843537,0.161088435,2.829931972,Pasdom_call,bird,call
114,3.099863946,0.200272109,3.3001360550000003,Cerbra_call,bird,call
114,3.295782313,0.243809524,3.539591837,Pasdom_call,bird,call
114,3.557006803,0.217687075,3.7746938780000003,Cerbra_call,bird,call
114,4.048979592,0.248163265,4.297142857,Pasdom_call,bird,call
114,4.201360544,0.169795918,4.371156462,Cerbra_call,bird,call
114,4.732517007,0.222040816,4.954557823,Cerbra_call,bird,call
114,4.749931973,0.253968254,5.003900227,Pasdom_call,bird,call
115,1.49478458,0.084172336,1.5789569159999999,Sylatr_song,bird,song
115,1.834376417,0.116099773,1.95047619,Sylatr_song,bird,song
115,2.194285714,0.150929705,2.3452154189999996,Sylatr_song,bird,song
115,2.629659864,0.081269841,2.7109297050000003,Sylatr_song,bird,song
115,2.829931973,0.130612245,2.960544218,Sylatr_song,bird,song
115,3.085351474,0.223492063,3.308843537,Sylatr_song,bird,song
118,0.0,0.146938776,0.146938776,Oriori_call,bird,call
118,1.065306122,0.2,1.265306122,Oriori_song,bird,song
118,1.314285714,0.273469388,1.587755102,Oriori_song,bird,song
118,2.804081633,0.102040816,2.906122449,Oriori_song,bird,song
119,0.0,0.18031746,0.18031746,Cetcet_song,bird,song
119,0.688253968,0.18031746,0.8685714280000001,Cetcet_song,bird,song
119,0.919365079,0.073650794,0.9930158729999999,Cetcet_song,bird,song
119,1.041269841,0.175238095,1.2165079360000002,Cetcet_song,bird,song
119,1.660952381,0.208253968,1.869206349,Cetcet_song,bird,song
119,1.955555556,0.111746032,2.067301588,Cetcet_song,bird,song
119,2.087619048,0.022857143,2.110476191,Serser_call,bird,call
119,2.148571429,0.124444444,2.273015873,Cetcet_song,bird,song
119,2.298412698,0.040634921,2.339047619,Serser_call,bird,call
119,2.361904762,0.119365079,2.481269841,Cetcet_song,bird,song
119,2.483809524,0.02031746,2.504126984,Serser_call,bird,call
119,2.534603175,0.025396825,2.56,Serser_call,bird,call
119,2.59047619,0.134603175,2.725079365,Cetcet_song,bird,song
120,4.089795918,0.130612245,4.220408163,Sylund_song,bird,song
120,4.217142857,0.066938776,4.284081633,Sylund_song,bird,song
120,4.328163265,0.125714286,4.453877551,Sylund_song,bird,song
120,4.486530612,0.027755102,4.514285714000001,Sylund_song,bird,song
120,4.558367347,0.057142857,4.615510204,Sylund_song,bird,song
120,4.648163265,0.091428571,4.739591836,Sylund_song,bird,song
120,4.767346939,0.073469388,4.840816327000001,Sylund_song,bird,song
120,4.884897959,0.073469388,4.958367347,Sylund_song,bird,song
121,0.075464853,0.031927438,0.107392291,Parmaj_song,bird,song
121,0.229297052,0.116099773,0.345396825,Parcae_song,bird,song
121,0.322176871,0.1538322,0.476009071,Parmaj_song,bird,song
121,0.502131519,0.116099773,0.6182312919999999,Parcae_song,bird,song
121,0.505034014,0.049342404,0.554376418,Parmaj_song,bird,song
121,0.714013605,0.101587302,0.815600907,Parcae_song,bird,song
121,0.725623583,0.1538322,0.8794557829999999,Parmaj_song,bird,song
121,0.89106576,0.116099773,1.007165533,Parcae_song,bird,song
121,0.928798186,0.029024943,0.957823129,Parmaj_song,bird,song
121,1.146485261,0.110294785,1.256780046,Parcae_song,bird,song
121,1.149387755,0.145124717,1.294512472,Parmaj_song,bird,song
121,1.349659864,0.040634921,1.390294785,Parmaj_song,bird,song
121,1.375782313,0.104489796,1.480272109,Parcae_song,bird,song
121,1.564444444,0.104489796,1.66893424,Parcae_song,bird,song
121,1.75600907,0.121904762,1.877913832,Parcae_song,bird,song
121,2.905396825,0.113197279,3.018594104,Parmaj_song,bird,song
121,3.099863946,0.017414966,3.117278912,Parmaj_song,bird,song
121,3.308843537,0.116099773,3.42494331,Parcae_song,bird,song
121,3.349478458,0.148027211,3.497505669,Parmaj_song,bird,song
121,3.552653061,0.029024943,3.581678004,Parmaj_song,bird,song
121,3.561360544,0.104489796,3.66585034,Parcae_song,bird,song
121,3.770340136,0.116099773,3.8864399090000004,Parcae_song,bird,song
121,3.776145125,0.1538322,3.9299773250000003,Parmaj_song,bird,song
121,3.959002268,0.10739229,4.066394558,Parcae_song,bird,song
121,3.961904762,0.026122449,3.988027211,Parmaj_song,bird,song
121,4.18829932,0.162539683,4.350839003,Parmaj_song,bird,song
121,4.243446712,0.098684807,4.342131519,Parcae_song,bird,song
121,4.388571429,0.034829932,4.423401361,Parmaj_song,bird,song
121,4.481451247,0.113197279,4.594648526,Parcae_song,bird,song
121,4.641088435,0.136417234,4.777505669,Parmaj_song,bird,song
121,4.667210884,0.10739229,4.774603174,Parcae_song,bird,song
121,4.835555556,0.029024943,4.864580499,Parmaj_song,bird,song
122,0.267029478,0.058049887,0.325079365,Turphi_song,bird,song
122,0.534058957,0.06675737,0.600816327,Turphi_song,bird,song
122,0.699501134,0.060952381,0.760453515,Turphi_song,bird,song
122,0.97814059,0.095782313,1.073922903,Turphi_song,bird,song
122,1.102947846,0.089977324,1.1929251699999999,Turphi_song,bird,song
122,1.393197279,0.08707483,1.480272109,Turphi_song,bird,song
122,1.512199546,0.095782313,1.607981859,Turphi_song,bird,song
122,2.025941043,0.075464853,2.101405896,Turphi_song,bird,song
122,2.21170068,0.08707483,2.29877551,Turphi_song,bird,song
122,2.403265306,0.06675737,2.470022676,Turphi_song,bird,song
123,0.0,0.053061224,0.053061224,Fricoe_song,bird,song
123,0.089795918,0.142857143,0.232653061,Fricoe_song,bird,song
123,0.26122449,0.13877551,0.39999999999999997,Fricoe_song,bird,song
123,0.395918367,0.142857143,0.53877551,Fricoe_song,bird,song
123,0.583673469,0.404081633,0.9877551019999999,Fricoe_song,bird,song
123,1.024489796,0.204081633,1.2285714289999998,Fricoe_song,bird,song
123,1.351020408,0.069387755,1.4204081629999998,Fricoe_song,bird,song
125,0.0,0.175510204,0.175510204,Oriori_song,bird,song
125,1.032653061,0.07755102,1.110204081,Unknown,Unknown,Unknown
125,2.47755102,0.06122449,2.53877551,Unknown,Unknown,Unknown
125,2.975510204,0.07755102,3.053061224,Unknown,Unknown,Unknown
125,3.114285714,0.493877551,3.6081632650000004,Oriori_song,bird,song
125,3.212244898,0.171428571,3.3836734689999997,Unknown,Unknown,Unknown
125,3.991836735,0.342857143,4.334693878,Oriori_song,bird,song
126,0.004081633,0.108163265,0.112244898,Lusmeg_song,bird,song
126,0.23877551,0.116326531,0.355102041,Lusmeg_song,bird,song
126,0.471428571,0.124489796,0.595918367,Lusmeg_song,bird,song
126,0.7,0.126530612,0.826530612,Lusmeg_song,bird,song
126,1.165306122,0.071428571,1.236734693,Lusmeg_song,bird,song
126,1.536734694,0.053061224,1.5897959179999999,Lusmeg_song,bird,song
126,1.605079365,0.037732426,1.642811791,Phofem_song,insect,song
126,1.666031746,0.037732426,1.703764172,Phofem_song,insect,song
126,1.708163265,0.057142857,1.7653061220000001,Lusmeg_song,bird,song
126,1.863265306,0.079591837,1.942857143,Lusmeg_song,bird,song
126,1.967346939,0.046938776,2.014285715,Unknown,Unknown,Unknown
126,2.042857143,0.081632653,2.1244897959999998,Lusmeg_song,bird,song
127,0.0,0.047891156,0.047891156,Carcan_song,bird,song
127,0.185034014,0.041360544,0.226394558,Carcan_song,bird,song
127,0.313469388,0.171972789,0.48544217700000003,Carcan_song,bird,song
127,0.576870748,0.056598639,0.633469387,Carcan_song,bird,song
127,0.722721088,0.11755102,0.840272108,Carcan_song,bird,song
127,0.970884354,0.060952381,1.031836735,Carcan_song,bird,song
127,1.147210884,0.071836735,1.219047619,Carcan_song,bird,song
127,1.317006803,0.074013605,1.391020408,Carcan_song,bird,song
127,1.495510204,0.089251701,1.584761905,Carcan_song,bird,song
127,1.734965986,0.041360544,1.77632653,Carcan_song,bird,song
127,1.946122449,0.037006803,1.983129252,Carcan_song,bird,song
127,2.06585034,0.056598639,2.122448979,Carcan_song,bird,song
127,2.483809524,0.293877551,2.7776870750000002,Carcan_song,bird,song
127,2.838639456,0.023945578,2.8625850340000003,Carcan_song,bird,song
127,2.93877551,0.02829932,2.96707483,Carcan_song,bird,song
127,3.167346939,0.071836735,3.2391836740000004,Carcan_song,bird,song
127,3.31755102,0.076190476,3.3937414959999996,Carcan_song,bird,song
127,3.552653061,0.045714286,3.598367347,Carcan_song,bird,song
127,3.648435374,0.02829932,3.676734694,Carcan_song,bird,song
127,3.961904762,0.100136054,4.062040816,Carcan_song,bird,song
127,4.149115646,0.093605442,4.242721088000001,Carcan_song,bird,song
127,4.30585034,0.078367347,4.3842176870000005,Carcan_song,bird,song
127,4.412517007,0.278639456,4.6911564629999996,Carcan_song,bird,song
127,4.83047619,0.084897959,4.915374149,Carcan_song,bird,song
128,0.502857143,0.142222222,0.645079365,Galthe_call,bird,call
128,0.751746032,0.248888889,1.000634921,Galthe_call,bird,call
130,0.002176871,0.182857143,0.185034014,Carcan_song,bird,song
130,0.315646259,0.041360544,0.357006803,Carcan_song,bird,song
130,0.448435374,0.158911565,0.607346939,Carcan_song,bird,song
131,0.171247166,0.042086168,0.213333334,Carcan_call,bird,call
131,0.255419501,0.056598639,0.31201814,Carcan_call,bird,call
131,0.349750567,0.062403628,0.412154195,Carcan_call,bird,call
131,0.925895692,0.033378685,0.959274377,Carcan_call,bird,call
131,1.005714286,0.040634921,1.046349207,Carcan_call,bird,call
131,1.142131519,0.050793651,1.19292517,Carcan_call,bird,call
131,1.272743764,0.034829932,1.3075736960000002,Carcan_call,bird,call
131,1.576054422,0.034829932,1.610884354,Carcan_call,bird,call
131,1.670385488,0.069659864,1.7400453519999999,Carcan_call,bird,call
131,1.782131519,0.063854875,1.845986394,Carcan_call,bird,call
131,2.443900227,0.046439909,2.490340136,Carcan_call,bird,call
131,2.535328798,0.056598639,2.5919274370000003,Carcan_call,bird,call
132,0.0,4.998095238,4.998095238,Lyrple_song,insect,song
132,0.0,1.825668934,1.825668934,Plaaff_song,insect,song
132,2.725442177,1.253877551,3.979319728,Plaaff_song,insect,song
132,4.417596372,0.583401361,5.000997733,Plaaff_song,insect,song
133,0.108163265,0.091836735,0.2,Lusmeg_song,bird,song
133,0.293877551,0.116326531,0.410204082,Lusmeg_song,bird,song
133,2.0,0.22244898,2.22244898,Lularb_song,bird,song
133,2.348979592,0.087755102,2.436734694,Lularb_song,bird,song
133,2.459183673,0.136734694,2.595918367,Lularb_song,bird,song
133,2.679591837,0.048979592,2.7285714289999996,Lularb_song,bird,song
133,2.742857143,0.057142857,2.8000000000000003,Lularb_song,bird,song
133,2.820408163,0.116326531,2.936734694,Lularb_song,bird,song
133,2.885714286,0.112244898,2.997959184,Lularb_song,bird,song
133,3.048979592,0.063265306,3.1122448979999997,Lularb_song,bird,song
133,3.128571429,0.130612245,3.259183674,Lularb_song,bird,song
133,3.326530612,0.07755102,3.404081632,Lularb_song,bird,song
133,3.408163265,0.128571429,3.536734694,Lularb_song,bird,song
133,3.555102041,0.269387755,3.824489796,Lularb_song,bird,song
133,3.9,0.071428571,3.9714285709999997,Lularb_song,bird,song
133,3.979591837,0.126530612,4.106122449,Lularb_song,bird,song
133,4.167346939,0.071428571,4.23877551,Lularb_song,bird,song
133,4.246938776,0.134693878,4.381632654000001,Lularb_song,bird,song
133,4.43877551,0.079591837,4.518367347,Lularb_song,bird,song
133,4.516326531,0.157142857,4.673469388,Lularb_song,bird,song
133,4.657142857,0.253061224,4.910204081,Lusmeg_song,bird,song
133,4.710204082,0.079591837,4.7897959189999995,Lularb_song,bird,song
133,4.804081633,0.130612245,4.934693878,Lularb_song,bird,song
134,0.0,2.589024943,2.589024943,Tibtom_song,insect,song
134,0.34829932,0.095782313,0.44408163300000003,Cisjun_song,bird,song
134,0.626938776,0.19446712,0.821405896,Galcri_song,bird,song
134,1.361269841,0.089977324,1.4512471649999998,Cisjun_song,bird,song
134,2.243628118,0.095782313,2.339410431,Cisjun_song,bird,song
135,0.26122449,0.076734694,0.33795918399999997,Siteur_call,bird,call
135,1.377959184,0.096326531,1.4742857150000002,Siteur_call,bird,call
135,1.902040816,0.08,1.982040816,Siteur_call,bird,call
135,1.947755102,0.089795918,2.03755102,Trotro_song,bird,song
135,2.071836735,0.102857143,2.1746938780000002,Trotro_song,bird,song
135,2.186122449,0.146938776,2.333061225,Trotro_song,bird,song
135,2.316734694,0.124081633,2.440816327,Trotro_song,bird,song
135,2.424489796,0.081632653,2.5061224490000003,Siteur_call,bird,call
135,2.555102041,0.166530612,2.721632653,Trotro_song,bird,song
135,2.739591837,0.03755102,2.777142857,Trotro_song,bird,song
135,2.813061224,0.047346939,2.8604081630000002,Trotro_song,bird,song
135,2.899591837,0.03755102,2.937142857,Trotro_song,bird,song
135,2.977959184,0.040816327,3.018775511,Trotro_song,bird,song
135,3.056326531,0.048979592,3.1053061229999996,Trotro_song,bird,song
135,3.139591837,0.045714286,3.185306123,Trotro_song,bird,song
135,3.217959184,0.055510204,3.273469388,Trotro_song,bird,song
135,3.299591837,0.050612245,3.350204082,Trotro_song,bird,song
135,3.379591837,0.052244898,3.431836735,Trotro_song,bird,song
135,3.467755102,0.044081633,3.5118367349999997,Trotro_song,bird,song
135,3.551020408,0.326530612,3.87755102,Trotro_song,bird,song
135,3.773061224,0.053877551,3.826938775,Trotro_song,bird,song
135,3.880816327,0.096326531,3.9771428579999997,Trotro_song,bird,song
135,3.995102041,0.143673469,4.13877551,Trotro_song,bird,song
135,4.177959184,0.137142857,4.315102040999999,Trotro_song,bird,song
135,4.342857143,0.130612245,4.473469388,Trotro_song,bird,song
135,4.519183673,0.112653061,4.631836733999999,Trotro_song,bird,song
135,4.747755102,0.099591837,4.847346939,Trotro_song,bird,song
135,4.860408163,0.143492064,5.003900227,Trotro_song,bird,song
136,0.055510204,0.966530612,1.022040816,Prumod_song,bird,song
136,0.071836735,0.591020408,0.662857143,Turmer_call,bird,call
136,2.334693878,0.760816327,3.095510205,Turmer_call,bird,call
136,2.690612245,1.635918367,4.326530612,Prumod_song,bird,song
136,3.304489796,0.470204082,3.774693878,Turmer_call,bird,call
136,3.513469388,0.04244898,3.555918368,Erirub_call,bird,call
136,3.673469388,0.032653061,3.706122449,Erirub_call,bird,call
136,3.755102041,0.039183673,3.794285714,Erirub_call,bird,call
136,3.866122449,0.062040816,3.9281632650000002,Erirub_call,bird,call
136,4.016326531,0.045714286,4.062040817,Erirub_call,bird,call
136,4.613877551,0.390022676,5.003900227,Turmer_call,bird,call
137,0.0,0.034829932,0.034829932,Carcar_call,bird,call
137,0.655238095,0.021768707,0.677006802,Carcar_call,bird,call
137,1.388843537,0.019591837,1.4084353740000002,Carcar_call,bird,call
137,1.473741497,0.02829932,1.502040817,Carcar_call,bird,call
137,2.18122449,0.032653061,2.213877551,Carcar_call,bird,call
137,2.26829932,0.034829932,2.303129252,Carcar_call,bird,call
137,2.988843537,0.026122449,3.014965986,Carcar_call,bird,call
137,3.071564626,0.03047619,3.1020408159999997,Carcar_call,bird,call
138,0.0,1.647165533,1.647165533,Jyntor_song,bird,song
138,2.307482993,2.67755102,4.985034013,Serser_song,bird,song
139,0.098684807,0.156734694,0.255419501,Musstr_call,bird,call
139,0.516643991,0.162539683,0.679183674,Musstr_call,bird,call
139,3.140498866,0.145124717,3.285623583,Musstr_call,bird,call
139,3.526530612,0.188662132,3.7151927440000003,Musstr_call,bird,call
141,0.336689342,0.069659864,0.406349206,Parmaj_call,bird,call
141,0.484716553,0.142222222,0.626938775,Parmaj_call,bird,call
141,0.7169161,0.150929705,0.867845805,Parmaj_call,bird,call
141,0.922993197,0.075464853,0.99845805,Parmaj_call,bird,call
141,1.120362812,0.417959184,1.538321996,Corcor_call,bird,call
141,1.155192744,0.063854875,1.2190476190000001,Corcor_call,bird,call
141,1.787936508,0.458594104,2.246530612,Corcor_call,bird,call
141,2.45260771,0.113197279,2.565804989,Corcor_call,bird,call
142,0.0,0.93170068,0.93170068,Erirub_song,bird,song
142,1.854693878,0.078367347,1.9330612249999999,Pyrpyr_call,bird,call
142,3.40462585,0.091428571,3.4960544209999997,Pyrpyr_call,bird,call
142,4.527891156,0.474557823,5.0024489789999995,Erirub_song,bird,song
143,0.682086168,0.063854875,0.745941043,Embcir_call,bird,call
144,1.743673469,0.150204082,1.8938775509999999,Pyrpyr_call,bird,call
144,3.075918367,0.075102041,3.151020408,Regign_call,bird,call
144,3.186938776,0.166530612,3.3534693879999997,Regign_call,bird,call
144,3.376326531,0.156734694,3.533061225,Regign_call,bird,call
144,3.552653061,0.16,3.712653061,Regign_call,bird,call
144,3.73877551,0.133877551,3.872653061,Regign_call,bird,call
144,3.921632653,0.150204082,4.071836735,Regign_call,bird,call
144,4.163265306,0.094693878,4.257959184000001,Phycol_call,bird,call
144,4.728163265,0.137142857,4.865306122,Pyrpyr_call,bird,call
145,0.0,0.10739229,0.10739229,Sylcan_song,bird,song
145,0.104489796,0.08707483,0.19156462600000002,Sylcan_song,bird,song
145,0.226394558,0.124807256,0.351201814,Sylcan_song,bird,song
145,0.354104308,0.104489796,0.458594104,Sylcan_song,bird,song
145,0.458594104,0.098684807,0.557278911,Sylcan_song,bird,song
145,0.528253968,0.217687075,0.745941043,Petpet_song,bird,song
145,0.615328798,0.046439909,0.661768707,Sylcan_song,bird,song
145,0.769160998,0.058049887,0.8272108850000001,Sylcan_song,bird,song
145,0.841723356,0.049342404,0.89106576,Sylcan_song,bird,song
145,0.940408163,0.081269841,1.021678004,Sylcan_song,bird,song
145,1.047800454,0.026122449,1.0739229030000002,Sylcan_song,bird,song
145,1.076825397,0.1538322,1.230657597,Sylcan_song,bird,song
145,1.204535147,0.060952381,1.265487528,Sylcan_song,bird,song
145,1.294512472,0.026122449,1.3206349210000001,Sylcan_song,bird,song
145,1.372879819,0.095782313,1.468662132,Sylcan_song,bird,song
145,1.488979592,0.031927438,1.52090703,Sylcan_song,bird,song
145,1.538321995,0.023219955,1.56154195,Sylcan_song,bird,song
145,1.584761905,0.095782313,1.6805442179999999,Sylcan_song,bird,song
145,1.666031746,0.08707483,1.753106576,Sylcan_song,bird,song
145,1.782131519,0.092879819,1.875011338,Sylcan_song,bird,song
145,1.895328798,0.084172336,1.979501134,Sylcan_song,bird,song
145,2.612244898,0.197369615,2.809614513,Petpet_song,bird,song
145,3.500408163,0.052244898,3.552653061,Petpet_song,bird,song
145,3.671655329,0.235102041,3.9067573700000002,Petpet_song,bird,song
145,4.890702948,0.113197279,5.003900227000001,Petpet_song,bird,song
147,0.004081633,0.057142857,0.06122449,Unknown,Unknown,Unknown
147,0.52244898,0.240816327,0.763265307,Sylmel_song,bird,song
147,0.767346939,0.093877551,0.8612244899999999,Sylmel_song,bird,song
147,0.942857143,0.097959184,1.040816327,Sylmel_song,bird,song
147,1.126530612,0.151020408,1.27755102,Sylmel_song,bird,song
147,1.620408163,0.06122449,1.681632653,Unknown,Unknown,Unknown
147,2.293877551,0.167346939,2.46122449,Unknown,Unknown,Unknown
147,2.702040816,0.102040816,2.804081632,Pasdom_call,bird,call
148,0.232199546,0.049342404,0.28154195,Lusmeg_song,bird,song
148,0.862040816,0.357006803,1.219047619,Strtur_song,bird,song
148,4.426303855,0.063854875,4.490158729999999,Lusmeg_song,bird,song
148,4.478548753,0.063854875,4.542403628,Lusmeg_song,bird,song
148,4.66430839,0.058049887,4.7223582770000005,Lusmeg_song,bird,song
148,4.832653061,0.060952381,4.893605442,Lusmeg_song,bird,song
149,0.046439909,0.774965986,0.821405895,Strtur_song,bird,song
149,1.219047619,0.632743764,1.851791383,Strtur_song,bird,song
149,2.078185941,0.156734694,2.234920635,Lusmeg_song,bird,song
149,2.19138322,0.481814059,2.673197279,Strtur_song,bird,song
149,2.716734694,0.142222222,2.858956916,Lusmeg_song,bird,song
149,3.305941043,0.679183673,3.9851247159999996,Strtur_song,bird,song
149,4.913922902,0.084172336,4.998095238,Lusmeg_song,bird,song
150,0.072562358,0.034829932,0.10739229,Parmaj_song,bird,song
150,0.304761905,0.136417234,0.441179139,Parmaj_song,bird,song
150,0.502131519,0.029024943,0.531156462,Parmaj_song,bird,song
150,0.714013605,0.113197279,0.827210884,Parcae_song,bird,song
150,0.728526077,0.133514739,0.862040816,Parmaj_song,bird,song
150,0.928798186,0.026122449,0.954920635,Parmaj_song,bird,song
150,0.943310658,0.127709751,1.071020409,Parcae_song,bird,song
150,1.155192744,0.095782313,1.250975057,Parcae_song,bird,song
150,1.329342404,0.092879819,1.422222223,Parcae_song,bird,song
150,1.587664399,0.121904762,1.709569161,Parcae_song,bird,song
150,1.816961451,0.110294785,1.927256236,Parcae_song,bird,song
150,2.011428571,0.098684807,2.1101133780000003,Parcae_song,bird,song
150,3.596190476,0.113197279,3.709387755,Parcae_song,bird,song
150,3.62521542,0.10739229,3.73260771,Parmaj_song,bird,song
150,3.84,0.092879819,3.932879819,Parcae_song,bird,song
150,4.043174603,0.08707483,4.1302494329999995,Parcae_song,bird,song
150,4.057687075,0.119002268,4.176689343,Parmaj_song,bird,song
150,4.226031746,0.116099773,4.3421315190000005,Parcae_song,bird,song
150,4.464036281,0.148027211,4.612063492,Parmaj_song,bird,song
150,4.884897959,0.119002268,5.003900227,Parmaj_song,bird,song
151,0.0,0.063854875,0.063854875,Sylmel_call,bird,call
151,3.694875283,0.104489796,3.799365079,Sylmel_call,bird,call
151,3.863219955,0.0769161,3.940136055,Sylmel_call,bird,call
151,4.015600907,0.072562358,4.0881632649999995,Sylmel_call,bird,call
151,4.175238095,0.089977324,4.2652154190000005,Sylmel_call,bird,call
151,4.353741497,0.095782313,4.44952381,Sylmel_call,bird,call
152,0.130612245,0.098684807,0.229297052,Unknown,Unknown,Unknown
152,0.258321995,0.165442177,0.42376417200000005,Unknown,Unknown,Unknown
152,0.464399093,0.063854875,0.528253968,Unknown,Unknown,Unknown
152,0.545668934,0.095782313,0.641451247,Unknown,Unknown,Unknown
152,0.725623583,0.136417234,0.862040817,Poepal_call,bird,call
152,0.870748299,0.145124717,1.015873016,Poepal_call,bird,call
152,1.001360544,0.08707483,1.088435374,Poepal_call,bird,call
152,1.323537415,0.731428571,2.054965986,Denmaj_drum,bird,drum
152,1.448344671,0.055147392,1.5034920630000002,Unknown,Unknown,Unknown
152,1.544126984,0.101587302,1.645714286,Unknown,Unknown,Unknown
152,1.555736961,0.043537415,1.599274376,Unknown,Unknown,Unknown
152,1.666031746,0.040634921,1.7066666670000001,Unknown,Unknown,Unknown
152,1.770521542,0.043537415,1.814058957,Parate_song,bird,song
152,1.877913832,0.052244898,1.93015873,Unknown,Unknown,Unknown
152,1.988208617,0.098684807,2.086893424,Unknown,Unknown,Unknown
152,2.142040816,0.037732426,2.179773242,Parate_song,bird,song
152,2.275555556,0.049342404,2.32489796,Unknown,Unknown,Unknown
152,2.339410431,0.095782313,2.435192744,Parate_song,bird,song
152,2.432290249,0.052244898,2.484535147,Parate_song,bird,song
152,2.519365079,0.046439909,2.565804988,Parate_song,bird,song
152,2.745759637,0.052244898,2.798004535,Unknown,Unknown,Unknown
152,2.777687075,0.098684807,2.876371882,Unknown,Unknown,Unknown
152,2.885079365,0.06675737,2.951836735,Parate_song,bird,song
152,2.989569161,0.1538322,3.143401361,Parate_song,bird,song
152,3.181133787,0.072562358,3.2536961449999997,Parate_song,bird,song
152,3.268208617,0.052244898,3.320453515,Parate_song,bird,song
152,3.390113379,0.148027211,3.5381405900000003,Parate_song,bird,song
152,3.651337868,0.058049887,3.7093877550000003,Parate_song,bird,song
152,3.761632653,0.168344671,3.9299773239999998,Parate_song,bird,song
152,3.9938322,0.08707483,4.08090703,Parate_song,bird,song
152,4.138956916,0.08707483,4.226031745999999,Parate_song,bird,song
152,4.278276644,0.078367347,4.356643991,Parate_song,bird,song
152,4.333424036,0.049342404,4.38276644,Parate_song,bird,song
152,4.429206349,0.043537415,4.4727437640000005,Parate_song,bird,song
152,4.49015873,0.150929705,4.641088435,Poepal_call,bird,call
152,4.699138322,0.17414966,4.873287982,Poepal_call,bird,call
153,0.0,0.045714286,0.045714286,Trotro_song,bird,song
153,0.003265306,0.806530612,0.809795918,Siteur_song,bird,song
153,0.140408163,0.107755102,0.24816326500000002,Trotro_song,bird,song
153,0.662857143,0.228571429,0.8914285719999999,Fricoe_call,bird,call
153,0.852244898,0.104489796,0.956734694,Fricoe_call,bird,call
153,1.103673469,0.114285714,1.217959183,Fricoe_call,bird,call
153,1.854693878,1.133061224,2.987755102,Regign_song,bird,song
153,3.007346939,0.127346939,3.134693878,Fricoe_call,bird,call
153,3.121632653,0.780408163,3.902040816,Denmaj_drum,bird,drum
153,4.617142857,0.075102041,4.692244898,Phycol_song,bird,song
153,4.894693878,0.109206349,5.003900227,Phycol_song,bird,song
154,0.0,1.211791383,1.211791383,Embcir_song,bird,song
154,0.478911565,1.211791383,1.690702948,Serser_song,bird,song
154,1.893877551,1.603628118,3.497505669,Serser_song,bird,song
154,3.671655329,1.211791383,4.883446712,Serser_song,bird,song
155,0.0,0.161088435,0.161088435,Cetcet_song,bird,song
155,0.217687075,0.043537415,0.26122449000000003,Cetcet_song,bird,song
155,0.805442177,0.165442177,0.970884354,Cetcet_song,bird,song
155,1.014421769,0.102312925,1.1167346939999998,Cetcet_song,bird,song
155,1.145034014,0.17414966,1.319183674,Cetcet_song,bird,song
155,1.436734694,0.032653061,1.469387755,Carcar_call,bird,call
155,1.739319728,0.252517007,1.991836735,Cetcet_song,bird,song
155,2.041904762,0.154557823,2.1964625850000004,Cetcet_song,bird,song
155,2.24,0.121904762,2.361904762,Cetcet_song,bird,song
155,2.435918367,0.154557823,2.5904761900000004,Cetcet_song,bird,song
155,2.681904762,0.128435374,2.8103401359999998,Cetcet_song,bird,song
155,2.945306122,0.161088435,3.106394557,Cetcet_song,bird,song
156,2.829931973,0.071111111,2.901043084,Lopcri_call,bird,call
156,2.959092971,0.075464853,3.034557824,Lopcri_call,bird,call
156,3.18984127,0.052244898,3.242086168,Lopcri_call,bird,call
156,3.699229025,0.200272109,3.8995011340000003,Lopcri_call,bird,call
156,3.966258503,0.094331066,4.060589569,Lopcri_call,bird,call
156,4.179591837,0.08707483,4.266666667,Lopcri_call,bird,call
156,4.308752834,0.081269841,4.390022675,Lopcri_call,bird,call
156,4.458231293,0.079818594,4.538049887,Lopcri_call,bird,call
156,4.690430839,0.079818594,4.770249433,Lopcri_call,bird,call
157,1.908571429,0.035918367,1.944489796,Sylund_song,bird,song
157,1.982040816,0.065306122,2.047346938,Sylund_song,bird,song
157,2.076734694,0.088163265,2.164897959,Sylund_song,bird,song
157,2.318367347,0.071836735,2.3902040820000003,Sylund_song,bird,song
157,2.85877551,0.060408163,2.919183673,Sylund_song,bird,song
157,2.999183673,0.062040816,3.061224489,Sylund_song,bird,song
157,3.296326531,0.094693878,3.3910204090000002,Sylund_song,bird,song
157,3.846530612,0.048979592,3.895510204,Sylund_song,bird,song
157,3.906938776,0.086530612,3.9934693880000003,Sylund_song,bird,song
157,3.996734694,0.150204082,4.146938776,Sylund_song,bird,song
157,4.18122449,0.12244898,4.30367347,Sylund_song,bird,song
157,4.372244898,0.063673469,4.435918367,Sylund_song,bird,song
158,1.330793651,0.32,1.650793651,Galcri_call,bird,call
159,0.718367347,0.037732426,0.7560997730000001,Sylcan_call,bird,call
159,1.140680272,0.026122449,1.166802721,Sylcan_call,bird,call
159,1.506394558,0.024671202,1.53106576,Sylcan_call,bird,call
159,1.71537415,0.034829932,1.750204082,Sylcan_call,bird,call
159,1.902585034,0.027573696,1.9301587299999998,Sylcan_call,bird,call
159,2.062222222,0.033378685,2.095600907,Sylcan_call,bird,call
159,2.297324263,0.027573696,2.3248979590000003,Sylcan_call,bird,call
160,0.10122449,0.148571429,0.249795919,Alaarv_song,bird,song
160,0.326530612,1.095510204,1.422040816,Alaarv_song,bird,song
160,1.539591837,1.546122449,3.085714286,Alaarv_song,bird,song
160,3.260408163,0.094693878,3.3551020410000003,Parmaj_song,bird,song
160,3.382857143,0.068571429,3.4514285719999998,Parmaj_song,bird,song
160,3.487346939,0.04244898,3.529795919,Parmaj_song,bird,song
160,3.598367347,0.112653061,3.711020408,Parmaj_song,bird,song
160,3.746938776,0.078367347,3.825306123,Parmaj_song,bird,song
160,3.862857143,0.063673469,3.9265306119999996,Parmaj_song,bird,song
160,3.937959184,0.027755102,3.965714286,Parmaj_song,bird,song
160,3.985306122,0.150204082,4.135510204,Parmaj_song,bird,song
160,4.367346939,0.146938776,4.514285715,Parmaj_song,bird,song
160,4.666122449,0.124081633,4.790204082000001,Poepal_call,bird,call
160,4.770612245,0.150204082,4.920816327,Parmaj_song,bird,song
160,4.83755102,0.148571429,4.986122449000001,Poepal_call,bird,call
161,0.062403628,0.069659864,0.132063492,Sylmel_call,bird,call
161,0.181405896,0.072562358,0.253968254,Sylmel_call,bird,call
161,0.322176871,0.075464853,0.397641724,Sylmel_call,bird,call
162,0.975238095,0.08707483,1.062312925,Galcri_song,bird,song
162,1.136326531,0.282993197,1.4193197279999998,Galcri_song,bird,song
162,1.45414966,0.074013605,1.5281632649999999,Galcri_song,bird,song
162,1.602176871,0.082721088,1.684897959,Galcri_song,bird,song
162,1.732789116,0.282993197,2.015782313,Galcri_song,bird,song
162,2.054965986,0.126258503,2.181224489,Galcri_song,bird,song
162,2.194285714,0.256870748,2.4511564619999997,Galcri_song,bird,song
162,2.551292517,0.296054422,2.847346939,Galcri_song,bird,song
162,2.90829932,0.304761905,3.2130612249999997,Galcri_song,bird,song
162,3.308843537,0.065306122,3.374149659,Galcri_song,bird,song
162,3.46122449,0.047891156,3.509115646,Galcri_song,bird,song
162,4.175238095,0.195918367,4.371156462,Galcri_song,bird,song
162,4.458231293,0.239455782,4.697687075,Galcri_song,bird,song
162,4.780408163,0.078367347,4.85877551,Galcri_song,bird,song
162,4.932789116,0.069659864,5.0024489800000005,Galcri_song,bird,song
164,0.0,0.042086168,0.042086168,Carcan_call,bird,call
164,0.060952381,0.063854875,0.124807256,Carcan_call,bird,call
164,0.148027211,0.065306122,0.21333333299999999,Carcan_call,bird,call
164,0.528253968,0.044988662,0.57324263,Carcan_call,bird,call
164,0.625487528,0.082721088,0.708208616,Carcan_call,bird,call
164,0.72707483,0.065306122,0.7923809519999999,Carcan_call,bird,call
164,1.294512472,0.044988662,1.339501134,Carcan_call,bird,call
164,1.385941043,0.050793651,1.436734694,Carcan_call,bird,call
164,1.518004535,0.047891156,1.565895691,Carcan_call,bird,call
164,1.676190476,0.056598639,1.7327891149999999,Carcan_call,bird,call
164,1.763265306,0.047891156,1.811156462,Carcan_call,bird,call
164,2.272653061,0.059501134,2.332154195,Carcan_call,bird,call
164,2.352471655,0.059501134,2.411972789,Carcan_call,bird,call
164,2.449705215,0.050793651,2.500498866,Carcan_call,bird,call
164,2.506303855,0.040634921,2.546938776,Carcan_call,bird,call
164,2.599183673,0.042086168,2.641269841,Carcan_call,bird,call
164,2.961995465,0.027573696,2.9895691610000004,Carcan_call,bird,call
164,3.051972789,0.037732426,3.089705215,Carcan_call,bird,call
165,0.001451247,0.036281179,0.037732426,Sylcan_call,bird,call
165,0.262675737,0.042086168,0.304761905,Sylcan_call,bird,call
165,2.795102041,0.03047619,2.8255782309999997,Sylcan_call,bird,call
165,3.691972789,0.033378685,3.725351474,Sylcan_call,bird,call
165,3.951746032,0.039183673,3.990929705,Sylcan_call,bird,call
165,4.5569161,0.026122449,4.583038548999999,Sylcan_call,bird,call
165,4.83845805,0.031927438,4.870385488,Sylcan_call,bird,call
165,4.976326531,0.027573696,5.003900227,Sylcan_call,bird,call
166,0.357142857,0.053061224,0.410204081,Embcir_song,bird,song
166,0.428571429,0.03877551,0.467346939,Embcir_song,bird,song
166,0.485714286,0.057142857,0.542857143,Embcir_song,bird,song
166,0.548979592,0.044897959,0.5938775510000001,Embcir_song,bird,song
166,0.62244898,0.048979592,0.6714285720000001,Embcir_song,bird,song
166,0.706122449,0.051020408,0.757142857,Embcir_song,bird,song
166,0.769387755,0.024489796,0.793877551,Embcir_song,bird,song
166,0.804081633,0.751020408,1.555102041,Embcir_song,bird,song
166,1.585714286,0.03877551,1.624489796,Embcir_song,bird,song
166,1.636734694,0.059183673,1.695918367,Embcir_song,bird,song
166,1.714285714,0.059183673,1.773469387,Embcir_song,bird,song
167,0.0,0.082721088,0.082721088,Cisjun_song,bird,song
167,0.005079365,4.987936508,4.993015873,Tibtom_song,insect,song
167,1.166802721,0.121904762,1.288707483,Cisjun_song,bird,song
167,1.967891156,0.139319728,2.107210884,Cisjun_song,bird,song
167,2.76462585,0.156734694,2.9213605439999997,Cisjun_song,bird,song
167,3.295782313,0.126258503,3.422040816,Pasdom_call,bird,call
167,3.72244898,0.130612245,3.853061225,Cisjun_song,bird,song
167,4.30585034,0.113197279,4.4190476190000005,Pasdom_call,bird,call
167,4.562721088,0.130612245,4.693333333,Cisjun_song,bird,song
168,0.551473923,0.856235828,1.407709751,Strtur_song,bird,song
168,1.753106576,0.626938776,2.380045352,Strtur_song,bird,song
168,2.722539683,0.452789116,3.175328799,Strtur_song,bird,song
168,3.697777778,0.798185941,4.495963719,Strtur_song,bird,song
168,4.388571429,0.06675737,4.455328799,Unknown,Unknown,Unknown
168,4.876190476,0.127709751,5.003900227,Strtur_song,bird,song
169,0.195918367,0.228571429,0.42448979600000003,Alaarv_song,bird,song
169,0.600816327,0.130612245,0.731428572,Alaarv_song,bird,song
169,0.764081633,0.163265306,0.927346939,Alaarv_song,bird,song
169,1.038367347,0.457142857,1.4955102040000001,Alaarv_song,bird,song
169,1.678367347,0.11755102,1.795918367,Alaarv_song,bird,song
169,1.822040816,0.143673469,1.9657142849999998,Alaarv_song,bird,song
169,2.142040816,0.169795918,2.3118367340000003,Alaarv_song,bird,song
170,0.037732426,0.049342404,0.08707482999999999,Lularb_song,bird,song
170,0.168344671,0.046439909,0.21478458,Lularb_song,bird,song
170,0.30185941,0.078367347,0.38022675699999997,Lularb_song,bird,song
170,0.467301587,0.069659864,0.536961451,Lularb_song,bird,song
170,0.632743764,0.043537415,0.676281179,Lularb_song,bird,song
170,0.850430839,0.055147392,0.905578231,Lularb_song,bird,song
170,0.93170068,0.058049887,0.989750567,Lularb_song,bird,song
170,0.989750567,0.287346939,1.277097506,Embcir_call,bird,call
170,1.091337868,0.058049887,1.149387755,Lularb_song,bird,song
170,3.004081633,0.037732426,3.041814059,Phofem_song,insect,song
170,3.070839002,0.055147392,3.125986394,Phofem_song,insect,song
170,4.388571429,0.336689342,4.725260770999999,Embcir_call,bird,call
170,4.68462585,0.104489796,4.789115646,Lularb_song,bird,song
170,4.85877551,0.08707483,4.94585034,Lularb_song,bird,song
171,0.016326531,0.336326531,0.35265306199999996,Gargla_call,bird,call
171,0.029387755,0.179591837,0.208979592,Siteur_call,bird,call
171,0.493061224,0.26122449,0.754285714,Turphi_song,bird,song
171,0.519183673,0.124081633,0.643265306,Siteur_call,bird,call
171,0.617142857,0.306938776,0.9240816330000001,Parate_song,bird,song
171,0.695510204,0.153469388,0.848979592,Siteur_call,bird,call
171,0.819591837,0.297142857,1.116734694,Turphi_song,bird,song
171,1.051428571,0.336326531,1.3877551019999999,Parate_song,bird,song
171,1.214693878,0.313469388,1.528163266,Siteur_call,bird,call
171,1.48244898,0.342857143,1.825306123,Parate_song,bird,song
171,1.942857143,0.303673469,2.246530612,Siteur_call,bird,call
171,2.08,0.69877551,2.77877551,Gargla_call,bird,call
171,2.288979592,0.212244898,2.50122449,Cerbra_song,bird,song
171,2.546938776,0.244897959,2.7918367350000004,Cerbra_song,bird,song
171,2.605714286,0.16,2.765714286,Siteur_call,bird,call
171,2.772244898,0.133877551,2.9061224489999997,Siteur_call,bird,call
171,2.896326531,0.078367347,2.974693878,Cerbra_song,bird,song
171,2.99755102,0.192653061,3.190204081,Cerbra_song,bird,song
171,3.118367347,0.166530612,3.284897959,Siteur_call,bird,call
171,3.252244898,0.235102041,3.487346939,Cerbra_song,bird,song
171,3.346938776,0.176326531,3.523265307,Siteur_call,bird,call
171,3.439455782,0.188662132,3.628117914,Unknown,Unknown,Unknown
171,3.568979592,0.27755102,3.8465306119999996,Parate_song,bird,song
171,3.601632653,0.130612245,3.732244898,Siteur_call,bird,call
171,3.993469388,0.32,4.313469388,Parate_song,bird,song
171,3.996734694,0.078367347,4.075102041,Siteur_call,bird,call
171,4.137142857,0.068571429,4.205714286,Siteur_call,bird,call
171,4.21877551,0.169795918,4.3885714280000006,Siteur_call,bird,call
171,4.388571429,0.199183673,4.587755102,Siteur_call,bird,call
171,4.427755102,0.346122449,4.773877551,Parate_song,bird,song
171,4.59755102,0.385306122,4.982857142,Gargla_call,bird,call
172,4.355192744,0.024671202,4.379863946,Turphi_call,bird,call
173,0.0,0.068208617,0.068208617,Jyntor_song,bird,song
173,0.193015873,0.101587302,0.294603175,Jyntor_song,bird,song
173,0.394739229,0.075464853,0.470204082,Jyntor_song,bird,song
173,0.599365079,0.081269841,0.68063492,Jyntor_song,bird,song
173,0.790929705,0.095782313,0.886712018,Jyntor_song,bird,song
174,0.005804989,0.036281179,0.04208616799999999,Sylmel_call,bird,call
174,0.09723356,0.027573696,0.124807256,Sylmel_call,bird,call
174,0.150929705,0.026122449,0.177052154,Sylmel_call,bird,call
174,0.238004535,0.031927438,0.269931973,Sylmel_call,bird,call
174,0.285895692,0.023219955,0.309115647,Sylmel_call,bird,call
174,0.374421769,0.029024943,0.40344671200000004,Sylmel_call,bird,call
174,0.547120181,0.026122449,0.5732426300000001,Sylmel_call,bird,call
174,0.608072562,0.026122449,0.6341950110000001,Sylmel_call,bird,call
174,0.819954649,0.024671202,0.844625851,Sylmel_call,bird,call
174,0.883809524,0.034829932,0.918639456,Sylmel_call,bird,call
174,0.960725624,0.033378685,0.9941043089999999,Sylmel_call,bird,call
174,4.619319728,0.024671202,4.64399093,Sylmel_call,bird,call
174,4.68462585,0.031927438,4.716553288,Sylmel_call,bird,call
175,0.424489796,0.124081633,0.548571429,Cisjun_song,bird,song
175,0.680816327,0.060408163,0.74122449,Sylmel_song,bird,song
175,0.832653061,0.073469388,0.906122449,Sylmel_song,bird,song
175,0.953469388,0.034285714,0.987755102,Sylmel_song,bird,song
175,1.044897959,0.062040816,1.1069387750000002,Sylmel_song,bird,song
175,1.16244898,0.115918367,1.2783673469999999,Sylmel_song,bird,song
175,1.291428571,0.120816327,1.412244898,Cisjun_song,bird,song
175,1.343673469,0.114285714,1.457959183,Sylmel_song,bird,song
175,1.488979592,0.027755102,1.516734694,Sylmel_song,bird,song
175,1.55755102,0.075102041,1.632653061,Sylmel_song,bird,song
175,1.910204082,0.044081633,1.954285715,Picpic_call,bird,call
175,1.923265306,0.097959184,2.02122449,Sylmel_song,bird,song
175,2.062040816,0.03755102,2.099591836,Sylmel_song,bird,song
175,2.140408163,0.047346939,2.187755102,Picpic_call,bird,call
175,2.243265306,0.032653061,2.275918367,Picpic_call,bird,call
175,2.365714286,0.047346939,2.4130612250000003,Picpic_call,bird,call
175,2.372244898,0.096326531,2.468571429,Sylmel_song,bird,song
175,2.573061224,0.045714286,2.61877551,Picpic_call,bird,call
175,2.831020408,0.120816327,2.951836735,Sylmel_song,bird,song
175,3.012244898,0.073469388,3.085714286,Unknown,Unknown,Unknown
176,0.036281179,0.08707483,0.123356009,Turphi_song,bird,song
176,0.26122449,0.079818594,0.341043084,Turphi_song,bird,song
176,0.478911565,0.101587302,0.580498867,Turphi_song,bird,song
176,0.736507937,0.116099773,0.8526077099999999,Turphi_song,bird,song
176,1.708843537,0.15600907,1.864852607,Turphi_song,bird,song
176,2.147845805,0.221315193,2.3691609980000004,Turphi_song,bird,song
176,3.170975057,0.206802721,3.377777778,Turphi_song,bird,song
176,3.595464853,0.322902494,3.9183673470000002,Turphi_song,bird,song
177,0.007256236,0.580498866,0.587755102,Serser_song,bird,song
177,0.703854875,0.101587302,0.805442177,Embcir_call,bird,call
177,0.892517007,0.682086168,1.574603175,Serser_song,bird,song
177,1.683446712,0.079818594,1.763265306,Embcir_call,bird,call
177,1.966439909,1.908390023,3.874829932,Serser_song,bird,song
177,2.597732426,0.094331066,2.692063492,Embcir_call,bird,call
177,4.092517007,0.145124717,4.2376417239999995,Embcir_call,bird,call
178,0.908480726,0.142222222,1.050702948,Pelgra_call,amphibian,call
178,1.343854875,0.191564626,1.5354195009999998,Pelgra_call,amphibian,call
178,1.570249433,0.751746032,2.321995465,Ptehey_song,insect,song
178,1.860498866,0.182857143,2.043356009,Pelgra_call,amphibian,call
178,2.374240363,0.19446712,2.5687074830000003,Pelgra_call,amphibian,call
178,4.391473923,0.420861678,4.812335601,Pelgra_call,amphibian,call
178,4.661405896,0.342494331,5.003900227,Ptehey_song,insect,song
179,0.120816327,0.055510204,0.176326531,Carcan_call,bird,call
179,0.241632653,0.088163265,0.329795918,Carcan_call,bird,call
179,0.463673469,0.052244898,0.515918367,Carcan_call,bird,call
179,0.862040816,0.039183673,0.9012244890000001,Carcan_call,bird,call
179,1.028571429,0.04244898,1.0710204090000002,Carcan_call,bird,call
179,1.133061224,0.04244898,1.175510204,Carcan_call,bird,call
179,1.420408163,0.574693878,1.995102041,Aegcau_call,bird,call
180,0.304761905,0.330884354,0.635646259,Lusmeg_call,bird,call
180,1.326439909,0.290249433,1.6166893420000001,Lusmeg_call,bird,call
180,2.481632653,0.284444444,2.766077097,Lusmeg_call,bird,call
180,3.62521542,0.284444444,3.909659864,Lusmeg_call,bird,call
180,4.481451247,0.029024943,4.510476189999999,Parmaj_call,bird,call
180,4.623673469,0.203174603,4.826848072,Parmaj_call,bird,call
180,4.890702948,0.06675737,4.957460318000001,Parmaj_call,bird,call
181,0.007256236,0.268480726,0.27573696200000003,Unknown,Unknown,Unknown
181,0.848979592,0.058049887,0.907029479,Motcin_call,bird,call
181,0.92154195,0.050793651,0.972335601,Motcin_call,bird,call
181,1.672562358,0.17414966,1.846712018,Cerbra_call,bird,call
181,2.039002268,0.036281179,2.075283447,Motcin_call,bird,call
181,2.107936508,0.050793651,2.158730159,Motcin_call,bird,call
181,2.184126984,0.15600907,2.3401360540000002,Cerbra_call,bird,call
181,2.78276644,0.036281179,2.819047619,Motcin_call,bird,call
181,2.86984127,0.039909297,2.909750567,Motcin_call,bird,call
181,2.93877551,0.152380952,3.0911564620000003,Cerbra_call,bird,call
181,2.946031746,0.043537415,2.989569161,Motcin_call,bird,call
181,3.403174603,0.032653061,3.435827664,Motcin_call,bird,call
181,3.464852608,0.177777778,3.642630386,Cerbra_call,bird,call
181,3.475736961,0.036281179,3.51201814,Motcin_call,bird,call
181,3.559183673,0.058049887,3.6172335600000003,Motcin_call,bird,call
181,3.639002268,0.058049887,3.697052155,Motcin_call,bird,call
181,3.72244898,0.054421769,3.776870749,Motcin_call,bird,call
181,3.813151927,0.058049887,3.871201814,Motcin_call,bird,call
181,3.834920635,0.152380952,3.987301587,Cerbra_call,bird,call
181,3.903854875,0.054421769,3.958276644,Motcin_call,bird,call
181,3.980045351,0.06893424,4.048979591,Motcin_call,bird,call
181,4.22675737,0.050793651,4.277551021,Motcin_call,bird,call
181,4.328344671,0.047165533,4.375510204,Motcin_call,bird,call
181,4.339229025,0.123356009,4.462585034,Cerbra_call,bird,call
181,4.404535147,0.065306122,4.469841269,Motcin_call,bird,call
181,4.778231293,0.065306122,4.843537415,Motcin_call,bird,call
181,4.807256236,0.17414966,4.981405896,Cerbra_call,bird,call
181,4.858049887,0.06893424,4.926984127,Motcin_call,bird,call
182,0.0,0.228571429,0.228571429,Galcri_call,bird,call
182,0.0,5.003900227,5.003900227,Plasab_song,insect,song
182,3.626666667,0.675555556,4.302222222999999,Galcri_call,bird,call
183,0.013061224,0.199183673,0.21224489700000002,Unknown,Unknown,Unknown
183,0.156734694,0.114285714,0.271020408,Regign_song,bird,song
183,0.222040816,0.173061224,0.39510204000000004,Phycol_song,bird,song
183,0.359183673,1.436734694,1.795918367,Regign_song,bird,song
183,0.395102041,0.104489796,0.499591837,Unknown,Unknown,Unknown
183,0.600816327,0.173061224,0.773877551,Phycol_song,bird,song
183,0.969795918,0.163265306,1.133061224,Phycol_song,bird,song
183,1.33877551,0.179591837,1.518367347,Phycol_song,bird,song
183,1.707755102,0.238367347,1.946122449,Phycol_song,bird,song
183,2.089795918,0.169795918,2.2595918360000002,Phycol_song,bird,song
183,2.426122449,0.189387755,2.615510204,Phycol_song,bird,song
183,2.808163265,0.166530612,2.974693877,Phycol_song,bird,song
183,3.213061224,0.084897959,3.297959183,Poepal_song,bird,song
183,3.389387755,0.075102041,3.464489796,Poepal_song,bird,song
183,3.529795918,0.10122449,3.631020408,Poepal_song,bird,song
183,3.670204082,0.104489796,3.7746938780000003,Poepal_song,bird,song
183,3.807346939,0.107755102,3.915102041,Poepal_song,bird,song
183,3.947755102,0.104489796,4.052244898,Poepal_song,bird,song
183,4.094693878,0.10122449,4.195918368,Poepal_song,bird,song
183,4.11755102,0.068571429,4.186122449,Fricoe_call,bird,call
183,4.228571429,0.120816327,4.349387756,Poepal_song,bird,song
183,4.37877551,0.094693878,4.473469388,Poepal_song,bird,song
183,4.52244898,0.088163265,4.610612245,Poepal_song,bird,song
185,0.770612245,0.042086168,0.812698413,Carcan_call,bird,call
185,1.56154195,0.031927438,1.5934693880000002,Carcan_call,bird,call
187,0.516643991,0.159637188,0.6762811790000001,Sylund_call,bird,call
187,1.004263039,0.293151927,1.297414966,Sylund_call,bird,call
188,0.0,0.228571429,0.228571429,Cetcet_song,bird,song
188,0.506122449,0.159183673,0.665306122,Cetcet_song,bird,song
188,0.771428571,0.151020408,0.9224489789999999,Cetcet_song,bird,song
188,1.253061224,0.069387755,1.322448979,Cetcet_song,bird,song
188,1.346938776,0.073469388,1.420408164,Cetcet_song,bird,song
188,1.379591837,0.06122449,1.440816327,Cetcet_song,bird,song
188,1.467346939,0.087755102,1.555102041,Cetcet_song,bird,song
188,1.585714286,0.1,1.685714286,Cetcet_song,bird,song
188,1.730612245,0.073469388,1.804081633,Cetcet_song,bird,song
188,1.73877551,0.214285714,1.953061224,Cetcet_song,bird,song
188,2.0,0.067346939,2.067346939,Cetcet_song,bird,song
188,2.008163265,0.1,2.108163265,Cetcet_song,bird,song
188,2.116326531,0.120408163,2.236734694,Cetcet_song,bird,song
188,2.281632653,0.059183673,2.340816326,Cetcet_song,bird,song
188,2.295918367,0.246938776,2.542857143,Cetcet_song,bird,song
188,2.567346939,0.059183673,2.6265306120000003,Cetcet_song,bird,song
188,2.595918367,0.234693878,2.8306122449999997,Cetcet_song,bird,song
188,2.869387755,0.051020408,2.920408163,Cetcet_song,bird,song
188,2.897959184,0.240816327,3.138775511,Cetcet_song,bird,song
188,3.169387755,0.030612245,3.1999999999999997,Cetcet_song,bird,song
188,3.181632653,0.126530612,3.3081632649999997,Cetcet_song,bird,song
188,3.565306122,0.089795918,3.65510204,Unknown,Unknown,Unknown
188,3.859183673,0.046938776,3.906122449,Unknown,Unknown,Unknown
188,4.057142857,0.112244898,4.169387755,Unknown,Unknown,Unknown
188,4.546938776,0.091836735,4.638775511,Unknown,Unknown,Unknown
188,4.848979592,0.116326531,4.965306123,Unknown,Unknown,Unknown
189,0.0,0.083446712,0.083446712,Parcae_call,bird,call
189,0.126984127,0.101587302,0.228571429,Parcae_call,bird,call
189,0.279365079,0.108843537,0.388208616,Parcae_call,bird,call
189,0.413605442,0.130612245,0.544217687,Parcae_call,bird,call
189,1.07755102,0.06893424,1.14648526,Motcin_call,bird,call
189,1.171882086,0.039909297,1.211791383,Motcin_call,bird,call
189,1.574603175,1.219047619,2.793650794,Motcin_call,bird,call
190,0.0,0.148752834,0.148752834,Turphi_song,bird,song
190,0.399092971,0.166893424,0.565986395,Turphi_song,bird,song
190,0.816326531,0.119727891,0.936054422,Turphi_song,bird,song
190,1.389569161,0.076190476,1.4657596370000001,Turphi_song,bird,song
190,1.690702948,0.116099773,1.806802721,Turphi_song,bird,song
190,1.817687075,0.297505669,2.115192744,Turphi_song,bird,song
190,2.329251701,0.036281179,2.36553288,Turphi_song,bird,song
190,2.459863946,0.06893424,2.528798186,Turphi_song,bird,song
190,2.623129252,0.217687075,2.840816327,Unknown,Unknown,Unknown
190,2.62675737,0.065306122,2.692063492,Turphi_song,bird,song
190,2.753741497,0.047165533,2.80090703,Turphi_song,bird,song
190,2.877097506,0.148752834,3.0258503400000003,Turphi_song,bird,song
190,2.978684807,0.126984127,3.105668934,Unknown,Unknown,Unknown
190,3.214512472,0.195918367,3.410430839,Unknown,Unknown,Unknown
190,3.468480726,0.039909297,3.508390023,Turphi_song,bird,song
190,3.602721088,0.112471655,3.7151927430000002,Turphi_song,bird,song
190,4.081632653,0.301133787,4.38276644,Turphi_song,bird,song
190,4.865306122,0.138594105,5.003900227,Turphi_song,bird,song
191,0.004353741,0.039183673,0.043537414,Sylmel_call,bird,call
191,0.091428571,0.039183673,0.130612244,Sylmel_call,bird,call
191,0.172698413,0.03047619,0.203174603,Sylmel_call,bird,call
191,0.238004535,0.039183673,0.277188208,Sylmel_call,bird,call
191,0.316371882,0.031927438,0.34829931999999997,Sylmel_call,bird,call
191,0.394739229,0.03047619,0.42521541900000004,Sylmel_call,bird,call
191,0.45569161,0.044988662,0.500680272,Sylmel_call,bird,call
191,0.541315193,0.044988662,0.5863038549999999,Sylmel_call,bird,call
191,0.625487528,0.03047619,0.655963718,Sylmel_call,bird,call
191,0.689342404,0.044988662,0.734331066,Sylmel_call,bird,call
191,0.773514739,0.044988662,0.818503401,Sylmel_call,bird,call
191,0.853333333,0.039183673,0.8925170060000001,Sylmel_call,bird,call
191,0.924444444,0.047891156,0.9723356000000001,Sylmel_call,bird,call
191,1.007165533,0.055147392,1.062312925,Sylmel_call,bird,call
191,1.09569161,0.047891156,1.143582766,Sylmel_call,bird,call
191,1.179863946,0.042086168,1.221950114,Sylmel_call,bird,call
191,1.261133787,0.046439909,1.307573696,Sylmel_call,bird,call
191,1.3569161,0.052244898,1.4091609980000002,Sylmel_call,bird,call
191,1.446893424,0.053696145,1.500589569,Sylmel_call,bird,call
192,0.32244898,0.110204082,0.432653062,Parate_song,bird,song
192,0.506122449,0.146938776,0.6530612250000001,Parate_song,bird,song
192,0.72244898,0.118367347,0.840816327,Parate_song,bird,song
192,0.971428571,0.12244898,1.093877551,Parate_song,bird,song
192,1.175510204,0.089795918,1.2653061220000001,Parate_song,bird,song
192,1.297959184,0.191836735,1.489795919,Parate_song,bird,song
192,1.583673469,0.044897959,1.628571428,Poepal_song,bird,song
192,1.591836735,0.130612245,1.72244898,Parate_song,bird,song
192,1.836734694,0.163265306,2.0,Parate_song,bird,song
192,2.008163265,0.085714286,2.093877551,Poepal_song,bird,song
192,2.07755102,0.102040816,2.179591836,Parate_song,bird,song
192,2.179591837,0.069387755,2.248979592,Poepal_song,bird,song
192,2.220408163,0.134693878,2.3551020410000003,Parate_song,bird,song
192,2.310204082,0.089795918,2.4,Poepal_song,bird,song
192,2.457142857,0.07755102,2.534693877,Poepal_song,bird,song
192,2.591836735,0.089795918,2.681632653,Poepal_song,bird,song
192,2.726530612,0.089795918,2.81632653,Poepal_song,bird,song
192,2.86122449,0.093877551,2.955102041,Poepal_song,bird,song
192,3.004081633,0.102040816,3.1061224490000003,Poepal_song,bird,song
192,3.146938776,0.118367347,3.265306123,Poepal_song,bird,song
192,4.52244898,0.187755102,4.710204082,Parate_song,bird,song
192,4.934693878,0.069206349,5.003900227,Parate_song,bird,song
193,0.0,2.716734694,2.716734694,Lyrple_song,insect,song
193,0.0,2.716734694,2.716734694,Plaaff_song,insect,song
195,0.001269841,0.060952381,0.062222222,Alaarv_song,bird,song
195,0.096507937,0.113015873,0.20952381,Alaarv_song,bird,song
195,0.267936508,0.024126984,0.29206349200000004,Alaarv_song,bird,song
195,0.341587302,0.034285714,0.375873016,Alaarv_song,bird,song
195,0.407619048,0.083809524,0.491428572,Alaarv_song,bird,song
195,0.533333333,0.138412698,0.671746031,Alaarv_song,bird,song
195,0.808888889,0.041904762,0.850793651,Alaarv_song,bird,song
195,0.924444444,0.346666667,1.271111111,Alaarv_song,bird,song
195,1.394285714,0.137142857,1.531428571,Alaarv_song,bird,song
195,1.781587302,0.265396825,2.046984127,Alaarv_song,bird,song
195,2.10031746,0.24,2.3403174599999996,Alaarv_song,bird,song
195,2.386031746,0.101587302,2.487619048,Alaarv_song,bird,song
196,0.0,0.052244898,0.052244898,Lularb_song,bird,song
196,0.06675737,0.092879819,0.159637189,Lularb_song,bird,song
196,0.238004535,0.089977324,0.327981859,Lularb_song,bird,song
196,0.34829932,0.078367347,0.426666667,Lularb_song,bird,song
196,0.499229025,0.104489796,0.603718821,Lularb_song,bird,song
196,0.603718821,0.058049887,0.661768708,Lularb_song,bird,song
196,0.774965986,0.072562358,0.847528344,Lularb_song,bird,song
196,0.882358277,0.037732426,0.9200907030000001,Lularb_song,bird,song
196,1.012970522,0.069659864,1.082630386,Lularb_song,bird,song
196,1.097142857,0.078367347,1.1755102039999998,Lularb_song,bird,song
196,1.282902494,0.072562358,1.3554648519999999,Lularb_song,bird,song
196,1.369977324,0.081269841,1.4512471649999998,Lularb_song,bird,song
196,1.509297052,0.08707483,1.596371882,Lularb_song,bird,song
196,1.605079365,0.081269841,1.6863492059999998,Lularb_song,bird,song
196,1.750204082,0.078367347,1.828571429,Lularb_song,bird,song
196,1.848888889,0.084172336,1.9330612249999999,Lularb_song,bird,song
196,1.979501134,0.078367347,2.057868481,Lularb_song,bird,song
196,2.092698413,0.095782313,2.188480726,Lularb_song,bird,song
196,2.226213152,0.089977324,2.316190476,Lularb_song,bird,song
196,2.339410431,0.072562358,2.411972789,Lularb_song,bird,song
196,2.368435374,0.191564626,2.56,Embcir_call,bird,call
196,2.467120181,0.078367347,2.5454875279999998,Lularb_song,bird,song
197,0.0,0.037732426,0.037732426,Motcin_call,bird,call
197,0.069659864,0.031927438,0.101587302,Motcin_call,bird,call
197,0.139319728,0.060952381,0.200272109,Carcar_call,bird,call
197,0.391836735,0.055147392,0.446984127,Carcar_call,bird,call
197,0.551473923,0.052244898,0.603718821,Carcar_call,bird,call
197,0.914285714,0.092879819,1.007165533,Carcar_call,bird,call
197,1.073922902,0.043537415,1.1174603170000001,Carcar_call,bird,call
197,1.224852608,0.060952381,1.2858049889999998,Carcar_call,bird,call
197,1.64861678,0.08707483,1.73569161,Carcar_call,bird,call
197,1.834376417,0.072562358,1.906938775,Carcar_call,bird,call
197,2.380045351,0.06675737,2.446802721,Carcar_call,bird,call
197,2.499047619,0.049342404,2.548390023,Motcin_call,bird,call
197,2.594829932,0.037732426,2.632562358,Motcin_call,bird,call
197,3.10276644,0.055147392,3.1579138319999998,Carcar_call,bird,call
197,3.242086168,0.075464853,3.3175510210000003,Carcar_call,bird,call
197,3.520725624,0.052244898,3.5729705220000003,Carcar_call,bird,call
197,3.6861678,0.043537415,3.729705215,Carcar_call,bird,call
197,4.057687075,0.052244898,4.109931972999999,Carcar_call,bird,call
197,4.545306122,0.046439909,4.5917460310000004,Motcin_call,bird,call
197,4.629478458,0.052244898,4.681723356,Motcin_call,bird,call
198,0.003809524,0.16,0.163809524,Stuvul_call,bird,call
198,0.228571429,0.062222222,0.290793651,Alaarv_song,bird,song
198,0.388571429,0.118095238,0.5066666670000001,Alaarv_song,bird,song
198,0.731428571,0.283174603,1.014603174,Alaarv_song,bird,song
198,1.163174603,0.134603175,1.2977777780000002,Alaarv_song,bird,song
198,1.44,0.109206349,1.5492063489999999,Alaarv_song,bird,song
198,1.62031746,0.052063492,1.6723809520000001,Alaarv_song,bird,song
198,1.855238095,0.068571429,1.923809524,Alaarv_song,bird,song
198,2.147301587,0.176507937,2.3238095239999996,Stuvul_call,bird,call
198,2.495238095,0.048253968,2.543492063,Alaarv_song,bird,song
199,0.0,0.258321995,0.258321995,Tetpyg_song,insect,song
199,0.452789116,0.339591837,0.792380953,Tetpyg_song,insect,song
199,0.981043084,0.313469388,1.294512472,Tetpyg_song,insect,song
199,1.471564626,0.307664399,1.7792290249999998,Tetpyg_song,insect,song
199,1.509297052,0.026122449,1.535419501,Parmaj_call,bird,call
199,1.590566893,0.055147392,1.6457142850000002,Parmaj_call,bird,call
199,1.683446712,0.040634921,1.7240816330000002,Parmaj_call,bird,call
199,1.770521542,0.043537415,1.814058957,Parmaj_call,bird,call
199,1.912743764,0.058049887,1.970793651,Parmaj_call,bird,call
199,2.040453515,0.272834467,2.313287982,Tetpyg_song,insect,song
199,2.525170068,0.058049887,2.583219955,Tetpyg_song,insect,song
200,0.007256236,0.039183673,0.046439909,Sylmel_song,bird,song
200,0.068208617,0.074013605,0.142222222,Sylmel_song,bird,song
200,0.222040816,0.029024943,0.251065759,Sylmel_song,bird,song
200,1.073922902,0.0769161,1.150839002,Sylmel_song,bird,song
200,1.21324263,0.079818594,1.2930612240000001,Sylmel_song,bird,song
200,1.34675737,0.031927438,1.378684808,Sylmel_song,bird,song
200,1.419319728,0.039183673,1.458503401,Sylmel_song,bird,song
200,1.53106576,0.031927438,1.562993198,Sylmel_song,bird,song
200,1.593469388,0.018866213,1.6123356009999998,Sylmel_song,bird,song
200,1.631201814,0.033378685,1.664580499,Sylmel_song,bird,song
200,1.681995465,0.094331066,1.776326531,Sylmel_song,bird,song
200,1.877913832,0.024671202,1.902585034,Sylmel_song,bird,song
200,1.944671202,0.092879819,2.037551021,Sylmel_song,bird,song
200,2.063673469,0.178503401,2.2421768699999998,Sylmel_song,bird,song
200,2.272653061,0.036281179,2.30893424,Sylmel_song,bird,song
200,2.327800454,0.043537415,2.371337869,Sylmel_song,bird,song
200,2.356825397,0.063854875,2.4206802720000002,Sylmel_song,bird,song
200,2.49324263,0.313469388,2.8067120180000003,Sylmel_song,bird,song
200,2.838639456,0.049342404,2.88798186,Sylmel_song,bird,song
200,2.90829932,0.071111111,2.979410431,Sylmel_song,bird,song
200,3.009886621,0.105941043,3.115827664,Sylmel_song,bird,song
200,3.153560091,0.053696145,3.207256236,Sylmel_song,bird,song
200,3.246439909,0.071111111,3.31755102,Sylmel_song,bird,song
200,3.365442177,0.116099773,3.48154195,Sylmel_song,bird,song
200,3.490249433,0.198820862,3.6890702949999996,Sylmel_song,bird,song
200,3.72244898,0.050793651,3.773242631,Sylmel_song,bird,song
200,3.842902494,0.03047619,3.873378684,Sylmel_song,bird,song
200,3.882086168,0.039183673,3.921269841,Sylmel_song,bird,song
200,3.931428571,0.036281179,3.96770975,Sylmel_song,bird,song
200,3.985124717,0.085623583,4.0707483,Sylmel_song,bird,song
200,4.115736961,0.156734694,4.2724716549999995,Sylmel_song,bird,song
200,4.327619048,0.065306122,4.39292517,Sylmel_song,bird,song
200,4.426303855,0.130612245,4.5569161,Sylmel_song,bird,song
200,4.58739229,0.011609977,4.599002267,Sylmel_song,bird,song
200,4.603356009,0.116099773,4.719455782,Sylmel_song,bird,song
200,4.749931973,0.055147392,4.805079365,Sylmel_song,bird,song
200,4.842811791,0.10739229,4.950204081,Sylmel_song,bird,song
200,4.969070295,0.034829932,5.003900227,Sylmel_song,bird,song
201,0.411428571,0.116825397,0.528253968,Lusmeg_song,bird,song
201,0.538412698,0.053333333,0.591746031,Lusmeg_song,bird,song
201,0.868571429,0.215873016,1.084444445,Lusmeg_song,bird,song
201,1.241904762,0.038095238,1.28,Lusmeg_song,bird,song
201,1.356190476,0.167619048,1.523809524,Lusmeg_song,bird,song
201,3.728253968,0.137142857,3.8653968250000004,Cetcet_song,bird,song
201,4.525714286,0.17015873,4.695873016,Cetcet_song,bird,song
201,4.756825397,0.073650794,4.830476191,Cetcet_song,bird,song
201,4.871111111,0.109206349,4.98031746,Cetcet_song,bird,song
202,0.0,0.032653061,0.032653061,Unknown,Unknown,Unknown
202,2.537142857,0.035918367,2.573061224,Sylund_song,bird,song
202,2.631836735,0.048979592,2.6808163269999996,Sylund_song,bird,song
202,2.703673469,0.044081633,2.7477551019999997,Sylund_song,bird,song
202,2.801632653,0.044081633,2.8457142859999998,Sylund_song,bird,song
202,2.860408163,0.047346939,2.907755102,Sylund_song,bird,song
202,2.948571429,0.016326531,2.9648979599999996,Sylund_song,bird,song
202,3.000816327,0.052244898,3.053061225,Sylund_song,bird,song
202,3.093877551,0.032653061,3.126530612,Sylund_song,bird,song
202,3.159183673,0.03755102,3.196734693,Sylund_song,bird,song
202,3.250612245,0.03755102,3.288163265,Sylund_song,bird,song
202,3.30122449,0.063673469,3.364897959,Sylund_song,bird,song
202,3.36,0.083265306,3.443265306,Sylund_song,bird,song
202,3.511836735,0.052244898,3.5640816330000002,Sylund_song,bird,song
202,3.6,0.073469388,3.673469388,Sylund_song,bird,song
202,3.732244898,0.035918367,3.7681632649999997,Sylund_song,bird,song
202,3.784489796,0.034285714,3.81877551,Sylund_song,bird,song
202,3.867755102,0.104489796,3.972244898,Sylund_song,bird,song
204,0.091428571,0.167619048,0.259047619,Galthe_call,bird,call
205,0.0,0.045714286,0.045714286,Carcan_song,bird,song
205,0.102312925,0.069659864,0.17197278900000001,Carcan_song,bird,song
205,0.206802721,0.143673469,0.35047618999999997,Carcan_song,bird,song
205,0.444081633,0.089251701,0.5333333339999999,Carcan_song,bird,song
205,0.605170068,0.091428571,0.696598639,Carcan_song,bird,song
205,0.724897959,0.076190476,0.8010884349999999,Carcan_song,bird,song
205,1.055782313,0.041360544,1.097142857,Carcan_song,bird,song
205,1.168979592,0.102312925,1.271292517,Carcan_song,bird,song
205,4.908843537,0.056598639,4.965442176,Unknown,Unknown,Unknown
207,3.697777778,0.06675737,3.7645351479999998,Lusmeg_song,bird,song
207,3.929977324,0.08707483,4.017052154,Lusmeg_song,bird,song
207,4.185396825,0.069659864,4.255056689,Lusmeg_song,bird,song
208,0.886712018,0.03047619,0.917188208,Sylcan_call,bird,call
208,1.107301587,0.027573696,1.134875283,Sylcan_call,bird,call
208,1.38739229,0.027573696,1.414965986,Sylcan_call,bird,call
208,2.368435374,0.03047619,2.398911564,Sylcan_call,bird,call
208,3.089705215,0.033378685,3.1230839,Sylcan_call,bird,call
208,3.475736961,0.027573696,3.503310657,Sylcan_call,bird,call
208,3.662947846,0.042086168,3.7050340139999998,Sylcan_call,bird,call
208,3.903854875,0.015963719,3.919818594,Sylcan_call,bird,call
208,4.136054422,0.023219955,4.159274377,Sylcan_call,bird,call
208,4.360997732,0.023219955,4.3842176870000005,Sylcan_call,bird,call
208,4.585941043,0.024671202,4.610612245,Sylcan_call,bird,call
208,4.829750567,0.037732426,4.867482992999999,Sylcan_call,bird,call
210,0.0,1.439637188,1.439637188,Lyrple_song,insect,song
210,0.002902494,1.436734694,1.439637188,Plasab_song,insect,song
212,0.0,0.046938776,0.046938776,Lularb_song,bird,song
212,0.110204082,0.036734694,0.146938776,Lularb_song,bird,song
212,0.185714286,0.151020408,0.336734694,Lularb_song,bird,song
212,0.469387755,0.169387755,0.63877551,Lularb_song,bird,song
212,0.689795918,0.036734694,0.7265306119999999,Lularb_song,bird,song
212,0.759183673,0.120408163,0.879591836,Lularb_song,bird,song
212,0.863265306,0.175510204,1.03877551,Lusmeg_call,bird,call
212,1.044897959,0.136734694,1.181632653,Lularb_song,bird,song
212,1.342857143,0.116326531,1.459183674,Lularb_song,bird,song
212,1.57755102,0.032653061,1.610204081,Lularb_song,bird,song
212,1.702040816,0.036734694,1.73877551,Lularb_song,bird,song
213,2.943129252,0.21478458,3.1579138319999998,Lusmeg_call,bird,call
216,0.0,0.055147392,0.055147392,Parmaj_call,bird,call
216,0.223492063,0.08707483,0.310566893,Parmaj_call,bird,call
216,0.766258503,0.046439909,0.812698412,Carcan_call,bird,call
216,0.888163265,0.040634921,0.928798186,Carcan_call,bird,call
216,1.607981859,0.043537415,1.651519274,Carcan_call,bird,call
217,0.001451247,0.02031746,0.021768706999999998,Carcar_song,bird,song
217,0.081269841,0.09723356,0.178503401,Carcar_song,bird,song
217,0.282993197,0.031927438,0.314920635,Carcar_song,bird,song
217,0.325079365,0.046439909,0.371519274,Carcar_song,bird,song
217,0.436825397,0.059501134,0.496326531,Carcar_song,bird,song
217,0.603718821,0.046439909,0.65015873,Carcar_song,bird,song
217,0.70675737,0.044988662,0.751746032,Carcar_song,bird,song
217,0.776417234,0.056598639,0.8330158729999999,Carcar_song,bird,song
217,0.885260771,0.082721088,0.967981859,Carcar_song,bird,song
217,0.982494331,0.034829932,1.0173242630000001,Carcar_song,bird,song
217,1.06521542,0.036281179,1.1014965989999999,Carcar_song,bird,song
217,1.11600907,0.047891156,1.163900226,Carcar_song,bird,song
217,1.163900227,0.036281179,1.200181406,Carcar_song,bird,song
217,1.214693878,0.052244898,1.2669387760000002,Carcar_song,bird,song
217,1.322086168,0.103038549,1.425124717,Carcar_song,bird,song
217,1.596371882,0.033378685,1.6297505669999999,Carcar_song,bird,song
217,1.716825397,0.139319728,1.856145125,Carcar_song,bird,song
217,1.925804989,0.014512472,1.940317461,Carcar_song,bird,song
217,2.021587302,0.137868481,2.159455783,Carcar_song,bird,song
218,0.528253968,0.200272109,0.728526077,Pelgra_call,amphibian,call
218,0.673378685,0.673378685,1.34675737,Unknown,Unknown,Unknown
218,0.952018141,0.235102041,1.1871201820000001,Pelgra_call,amphibian,call
218,1.459954649,0.255419501,1.71537415,Pelgra_call,amphibian,call
218,1.787936508,0.786575964,2.574512472,Ptehey_song,insect,song
218,2.737052154,0.177052154,2.914104308,Ptehey_song,insect,song
218,3.546848073,0.531156463,4.078004536,Unknown,Unknown,Unknown
219,0.008163265,0.030612245,0.03877551,Lusmeg_song,bird,song
219,0.075510204,0.071428571,0.146938775,Lusmeg_song,bird,song
219,0.167346939,0.059183673,0.226530612,Lusmeg_song,bird,song
219,0.293877551,0.071428571,0.365306122,Lusmeg_song,bird,song
219,0.351020408,0.065306122,0.41632653,Lusmeg_song,bird,song
219,1.991836735,0.063265306,2.055102041,Lusmeg_song,bird,song
219,2.134693878,0.075510204,2.210204082,Lusmeg_song,bird,song
219,2.281632653,0.081632653,2.3632653059999997,Lusmeg_song,bird,song
219,2.420408163,0.075510204,2.495918367,Lusmeg_song,bird,song
219,2.569387755,0.073469388,2.642857143,Lusmeg_song,bird,song
219,2.728571429,0.081632653,2.8102040820000003,Lusmeg_song,bird,song
219,2.887755102,0.063265306,2.9510204079999998,Lusmeg_song,bird,song
219,3.067346939,0.06122449,3.128571429,Lusmeg_song,bird,song
219,3.193877551,0.063265306,3.257142857,Lusmeg_song,bird,song
219,3.72244898,0.063265306,3.7857142859999997,Lusmeg_song,bird,song
219,3.816326531,0.124489796,3.9408163270000003,Lusmeg_song,bird,song
219,4.030612245,0.03877551,4.069387755,Lusmeg_song,bird,song
219,4.124489796,0.059183673,4.1836734689999995,Lusmeg_song,bird,song
219,4.397959184,0.214285714,4.612244898,Lusmeg_song,bird,song
220,0.081632653,0.062040816,0.143673469,Sylcan_song,bird,song
220,0.489795918,0.111020408,0.600816326,Sylcan_song,bird,song
220,0.646530612,0.035918367,0.6824489789999999,Sylcan_song,bird,song
220,0.731428571,0.068571429,0.8,Sylcan_song,bird,song
220,0.927346939,0.195918367,1.123265306,Petpet_call,bird,call
220,1.149387755,0.104489796,1.253877551,Sylcan_song,bird,song
220,1.325714286,0.084897959,1.410612245,Sylcan_song,bird,song
220,1.472653061,0.182857143,1.655510204,Petpet_call,bird,call
220,1.678367347,0.11755102,1.795918367,Sylcan_song,bird,song
220,1.910204082,0.026122449,1.936326531,Sylcan_song,bird,song
220,1.995102041,0.05877551,2.053877551,Sylcan_song,bird,song
220,2.109387755,0.114285714,2.2236734690000004,Sylcan_song,bird,song
220,2.256326531,0.075102041,2.331428572,Sylcan_song,bird,song
220,2.439183673,0.05877551,2.497959183,Sylcan_song,bird,song
220,2.566530612,0.195918367,2.762448979,Petpet_call,bird,call
220,2.788571429,0.284081633,3.072653062,Sylcan_song,bird,song
220,3.235918367,0.195918367,3.431836734,Petpet_call,bird,call
220,3.467755102,0.20244898,3.6702040819999997,Sylcan_song,bird,song
220,3.95755102,0.215510204,4.173061224,Petpet_call,bird,call
220,4.548571429,0.375510204,4.924081633,Petpet_call,bird,call
221,0.729977324,0.113197279,0.843174603,Parcae_song,bird,song
221,0.989750567,0.103038549,1.092789116,Parcae_song,bird,song
221,1.187120181,0.072562358,1.259682539,Parcae_song,bird,song
221,1.339501134,0.103038549,1.4425396830000001,Parcae_song,bird,song
221,1.58185941,0.123356009,1.7052154190000002,Parcae_song,bird,song
221,1.815510204,0.116099773,1.931609977,Parcae_song,bird,song
221,2.03755102,0.098684807,2.136235827,Parcae_song,bird,song
221,3.40462585,0.092879819,3.497505669,Parcae_song,bird,song
221,3.63537415,0.113197279,3.748571429,Parcae_song,bird,song
221,3.848707483,0.091428571,3.940136054,Parcae_song,bird,song
222,0.0,0.05877551,0.05877551,Sylcan_song,bird,song
222,0.127346939,0.068571429,0.195918368,Sylcan_song,bird,song
222,0.235102041,0.048979592,0.284081633,Sylcan_song,bird,song
222,0.326530612,0.048979592,0.375510204,Sylcan_song,bird,song
222,0.42122449,0.091428571,0.512653061,Sylcan_song,bird,song
222,0.512653061,0.05877551,0.571428571,Sylcan_song,bird,song
222,0.587755102,0.26122449,0.8489795920000001,Petpet_call,bird,call
222,1.652244898,0.16,1.8122448979999999,Petpet_call,bird,call
222,2.34122449,0.225306122,2.566530612,Petpet_call,bird,call
222,3.245714286,0.166530612,3.412244898,Petpet_call,bird,call
222,3.911836735,0.257959184,4.169795919,Petpet_call,bird,call
222,4.515918367,0.48798186,5.003900227,Petpet_call,bird,call
223,0.0,0.470204082,0.470204082,Oriori_call,bird,call
223,0.0,2.896689342,2.896689342,Ptehey_song,insect,song
225,0.048979592,0.191836735,0.240816327,Oriori_song,bird,song
225,0.334693878,0.202040816,0.536734694,Oriori_song,bird,song
225,0.402040816,0.063265306,0.465306122,Lularb_song,bird,song
225,0.665306122,0.089795918,0.75510204,Lularb_song,bird,song
225,0.912244898,0.106122449,1.0183673469999999,Lularb_song,bird,song
225,1.048979592,0.040816327,1.089795919,Lularb_song,bird,song
225,1.17755102,0.097959184,1.275510204,Lularb_song,bird,song
225,1.297959184,0.067346939,1.3653061229999999,Lularb_song,bird,song
225,1.426530612,0.167346939,1.593877551,Lularb_song,bird,song
225,1.657142857,0.868027211,2.525170068,Sylmel_call,bird,call
226,0.208979592,0.075464853,0.284444445,Loxcur_call,bird,call
226,0.223492063,0.525351474,0.7488435370000001,Corcor_call,bird,call
226,0.330884354,0.052244898,0.383129252,Loxcur_call,bird,call
226,0.412154195,0.078367347,0.490521542,Loxcur_call,bird,call
226,0.551473923,0.06675737,0.618231293,Loxcur_call,bird,call
226,0.655963719,0.026122449,0.682086168,Loxcur_call,bird,call
226,0.745941043,0.084172336,0.8301133789999999,Loxcur_call,bird,call
226,0.789478458,0.130612245,0.9200907030000001,Parcae_call,bird,call
226,0.91138322,0.08707483,0.9984580500000001,Loxcur_call,bird,call
226,1.010068027,0.133514739,1.143582766,Parcae_call,bird,call
226,1.073922902,0.098684807,1.172607709,Loxcur_call,bird,call
226,1.224852608,0.075464853,1.300317461,Parcae_call,bird,call
226,1.265487528,0.47600907,1.741496598,Corcor_call,bird,call
226,2.301678005,0.072562358,2.3742403629999997,Unknown,Unknown,Unknown
226,2.496145125,0.072562358,2.568707483,Unknown,Unknown,Unknown
226,2.670294785,0.072562358,2.7428571429999997,Unknown,Unknown,Unknown
226,2.925714286,0.052244898,2.977959184,Parcae_call,bird,call
226,3.062131519,0.058049887,3.120181406,Parcae_call,bird,call
226,3.157913832,0.078367347,3.236281179,Parcae_call,bird,call
226,3.680362812,0.08707483,3.767437642,Unknown,Unknown,Unknown
226,4.405986395,0.136417234,4.542403629,Parcae_call,bird,call
226,4.641088435,0.133514739,4.774603174,Parcae_call,bird,call
226,4.835555556,0.081269841,4.916825397,Parcae_call,bird,call
226,4.908117914,0.095782313,5.003900227,Unknown,Unknown,Unknown
227,0.005804989,0.574693878,0.5804988670000001,Oriori_call,bird,call
228,0.026122449,0.109387755,0.135510204,Unknown,Unknown,Unknown
228,3.346938776,0.052244898,3.399183674,Sylund_song,bird,song
228,3.417142857,0.075102041,3.492244898,Sylund_song,bird,song
228,3.526530612,0.040816327,3.567346939,Sylund_song,bird,song
228,3.598367347,0.034285714,3.632653061,Sylund_song,bird,song
228,3.657142857,0.052244898,3.7093877550000003,Sylund_song,bird,song
228,3.745306122,0.035918367,3.781224489,Sylund_song,bird,song
228,3.795918367,0.050612245,3.846530612,Sylund_song,bird,song
228,3.905306122,0.057142857,3.962448979,Sylund_song,bird,song
228,3.988571429,0.016326531,4.00489796,Sylund_song,bird,song
228,4.016326531,0.089795918,4.106122449,Sylund_song,bird,song
228,4.13877551,0.032653061,4.171428571000001,Sylund_song,bird,song
228,4.189387755,0.014693878,4.204081633,Sylund_song,bird,song
228,4.284081633,0.039183673,4.323265306,Sylund_song,bird,song
228,4.367346939,0.112653061,4.4799999999999995,Sylund_song,bird,song
228,4.514285714,0.073469388,4.587755102,Sylund_song,bird,song
228,4.630204082,0.078367347,4.708571429,Sylund_song,bird,song
228,4.782040816,0.111020408,4.893061224,Sylund_song,bird,song
228,4.92244898,0.027755102,4.950204082000001,Sylund_song,bird,song
228,4.942040816,0.057142857,4.999183672999999,Sylund_song,bird,song
229,0.0,1.033287982,1.033287982,Tibtom_song,insect,song
229,0.17414966,0.063854875,0.23800453500000002,Sylmel_song,bird,song
229,0.258321995,0.040634921,0.298956916,Sylmel_song,bird,song
229,0.351201814,0.052244898,0.403446712,Sylmel_song,bird,song
229,0.420861678,0.113197279,0.5340589570000001,Cisjun_song,bird,song
229,0.565986395,0.110294785,0.67628118,Sylmel_song,bird,song
229,0.876553288,0.156734694,1.033287982,Sylmel_song,bird,song
230,0.060952381,0.165442177,0.226394558,Parcae_song,bird,song
230,0.285895692,0.132063492,0.417959184,Parcae_song,bird,song
230,0.481814059,0.084172336,0.565986395,Parcae_song,bird,song
230,0.584852608,0.081269841,0.6661224490000001,Parcae_song,bird,song
230,0.70675737,0.082721088,0.789478458,Parcae_song,bird,song
230,0.843174603,0.063854875,0.907029478,Parcae_song,bird,song
230,0.952018141,0.095782313,1.047800454,Parcae_song,bird,song
231,2.118820862,0.307664399,2.4264852610000003,Oriori_call,bird,call
233,0.0,5.003900227,5.003900227,Lyrple_song,insect,song
233,0.0,5.003900227,5.003900227,Cicorn_song,insect,song
233,0.724897959,0.039183673,0.764081632,Motcin_call,bird,call
233,0.803265306,0.048979592,0.852244898,Motcin_call,bird,call
233,1.874285714,0.055510204,1.929795918,Motcin_call,bird,call
233,1.942857143,0.081632653,2.024489796,Motcin_call,bird,call
233,4.107755102,0.048979592,4.156734694,Motcin_call,bird,call
233,4.182857143,0.075102041,4.257959184,Motcin_call,bird,call
234,0.0,2.925714286,2.925714286,Cicatr_song,insect,song
234,0.0,0.272834467,0.272834467,Picpic_call,bird,call
234,0.345396825,0.052244898,0.397641723,Picpic_call,bird,call
234,0.565986395,0.084172336,0.650158731,Strdec_song,bird,song
236,0.0,0.513741497,0.513741497,Strtur_song,bird,song
236,0.882358277,0.481814059,1.364172336,Strtur_song,bird,song
236,1.8430839,0.821405896,2.6644897960000002,Strtur_song,bird,song
236,3.070839002,0.603718821,3.674557823,Strtur_song,bird,song
236,4.05478458,0.449886621,4.504671201,Strtur_song,bird,song
238,0.0,0.178503401,0.178503401,Galthe_song,bird,song
238,0.280816327,0.097959184,0.37877551099999995,Galthe_song,bird,song
240,1.407709751,0.098684807,1.506394558,Parcae_call,bird,call
240,1.58185941,0.130612245,1.712471655,Parcae_call,bird,call
241,0.0,0.171428571,0.171428571,Colpal_song,bird,song
241,0.044897959,0.102040816,0.14693877500000002,Erirub_song,bird,song
241,0.089795918,0.114285714,0.204081632,Erirub_song,bird,song
241,0.224489796,0.159183673,0.383673469,Erirub_song,bird,song
241,0.363265306,0.408163265,0.771428571,Erirub_song,bird,song
241,0.4,0.179591837,0.579591837,Colpal_song,bird,song
241,0.628571429,0.06122449,0.6897959189999999,Colpal_song,bird,song
241,0.72244898,0.179591837,0.902040817,Colpal_song,bird,song
241,0.808163265,0.159183673,0.967346938,Erirub_song,bird,song
241,0.979591837,0.175510204,1.155102041,Erirub_song,bird,song
241,1.12244898,0.151020408,1.2734693879999999,Colpal_song,bird,song
241,1.314285714,0.155102041,1.4693877549999999,Erirub_song,bird,song
241,1.542857143,0.040816327,1.58367347,Erirub_song,bird,song
241,1.653061224,0.167346939,1.820408163,Erirub_song,bird,song
241,1.706122449,0.2,1.906122449,Colpal_song,bird,song
241,1.836734694,0.040816327,1.877551021,Erirub_song,bird,song
241,1.914285714,0.085714286,2.0,Erirub_song,bird,song
241,2.012244898,0.06122449,2.073469388,Erirub_song,bird,song
241,2.102040816,0.065306122,2.167346938,Erirub_song,bird,song
241,2.187755102,0.273469388,2.46122449,Erirub_song,bird,song
241,2.469387755,0.097959184,2.567346939,Lopcri_call,bird,call
241,2.559183673,0.155102041,2.7142857140000003,Colpal_song,bird,song
241,3.293877551,0.102040816,3.395918367,Lopcri_call,bird,call
241,3.412244898,0.126530612,3.53877551,Lopcri_call,bird,call
241,3.571428571,0.057142857,3.6285714280000003,Lopcri_call,bird,call
241,4.632653061,0.089795918,4.722448979,Lopcri_call,bird,call
241,4.767346939,0.07755102,4.844897959,Lopcri_call,bird,call
243,2.158730159,0.13968254,2.298412699,Parate_song,bird,song
243,2.433015873,0.081269841,2.514285714,Parate_song,bird,song
243,2.643809524,0.167619048,2.811428572,Parate_song,bird,song
243,2.844444444,0.086349206,2.93079365,Parate_song,bird,song
243,2.925714286,0.13968254,3.0653968259999997,Parate_song,bird,song
243,3.159365079,0.203174603,3.362539682,Parate_song,bird,song
243,3.398095238,0.068571429,3.4666666669999997,Parate_song,bird,song
243,3.461587302,0.091428571,3.5530158729999997,Parate_song,bird,song
243,3.895873016,0.210793651,4.106666667,Cerbra_song,bird,song
243,4.132063492,0.177777778,4.309841270000001,Cerbra_song,bird,song
243,4.34031746,0.147301587,4.487619047,Cerbra_song,bird,song
243,4.485079365,0.104126984,4.5892063489999995,Cerbra_song,bird,song
243,4.581587302,0.422312925,5.003900227,Cerbra_song,bird,song
244,0.006530612,1.449795918,1.45632653,Trotro_song,bird,song
244,1.293061224,0.767346939,2.060408163,Unknown,Unknown,Unknown
244,1.655510204,1.113469388,2.768979592,Regign_call,bird,call
244,2.366984127,0.827936508,3.194920635,Trotro_song,bird,song
244,3.523265306,0.64,4.1632653059999996,Denmaj_drum,bird,drum
244,3.791020408,1.212879819,5.003900227,Phycol_song,bird,song
245,0.014512472,2.438095238,2.4526077099999997,Serser_song,bird,song
245,2.735600907,0.471655329,3.2072562359999996,Galcri_song,bird,song
245,3.403174603,0.210430839,3.613605442,Unknown,Unknown,Unknown
246,1.114557823,0.116099773,1.230657596,Unknown,Unknown,Unknown
249,0.0,0.052244898,0.052244898,Sylcan_song,bird,song
249,0.075464853,0.049342404,0.124807257,Sylcan_song,bird,song
249,0.17414966,0.110294785,0.284444445,Sylcan_song,bird,song
249,0.307664399,0.119002268,0.426666667,Sylcan_song,bird,song
249,0.458594104,0.19446712,0.653061224,Sylcan_song,bird,song
249,0.684988662,0.06675737,0.751746032,Sylcan_song,bird,song
249,0.760453515,0.046439909,0.8068934240000001,Sylcan_song,bird,song
249,0.801088435,0.081269841,0.882358276,Sylcan_song,bird,song
249,0.908480726,0.037732426,0.946213152,Sylcan_song,bird,song
249,0.983945578,0.049342404,1.033287982,Sylcan_song,bird,song
249,1.001360544,0.206077098,1.207437642,Petpet_song,bird,song
249,1.123265306,0.127709751,1.250975057,Sylcan_song,bird,song
249,1.28,0.069659864,1.349659864,Sylcan_song,bird,song
249,1.38739229,0.113197279,1.500589569,Sylcan_song,bird,song
249,1.538321995,0.069659864,1.607981859,Sylcan_song,bird,song
249,1.651519274,0.037732426,1.6892517,Sylcan_song,bird,song
249,1.697959184,0.124807256,1.8227664399999999,Sylcan_song,bird,song
249,1.845986395,0.043537415,1.88952381,Sylcan_song,bird,song
249,3.929977324,0.269931973,4.1999092970000005,Petpet_song,bird,song
250,0.0,0.039183673,0.039183673,Denmaj_call,bird,call
250,1.472653061,0.029387755,1.5020408159999998,Denmaj_call,bird,call
250,4.274285714,0.395102041,4.669387755000001,Erirub_song,bird,song
250,4.646530612,0.352653061,4.999183673,Erirub_song,bird,song
251,0.001632653,0.052244898,0.053877550999999996,Sylund_song,bird,song
251,0.055510204,0.078367347,0.133877551,Sylund_song,bird,song
251,0.137142857,0.076734694,0.213877551,Sylund_song,bird,song
251,0.254693878,0.070204082,0.32489796,Sylund_song,bird,song
251,0.370612245,0.034285714,0.40489795900000003,Sylund_song,bird,song
251,0.435918367,0.048979592,0.484897959,Sylund_song,bird,song
251,0.494693878,0.044081633,0.538775511,Sylund_song,bird,song
252,0.002902494,0.040634921,0.043537414999999996,Motcin_call,bird,call
252,0.060952381,0.052244898,0.113197279,Motcin_call,bird,call
252,0.322176871,0.055147392,0.377324263,Carcar_call,bird,call
252,0.491609977,0.045351474,0.536961451,Carcar_call,bird,call
252,0.80399093,0.055147392,0.859138322,Carcar_call,bird,call
252,1.003174603,0.059863946,1.0630385489999998,Carcar_call,bird,call
252,1.155555556,0.058049887,1.2136054429999998,Carcar_call,bird,call
252,1.491882086,0.060952381,1.5528344669999998,Motcin_call,bird,call
252,1.570249433,0.060952381,1.6312018140000002,Motcin_call,bird,call
252,1.855782313,0.03446712,1.890249433,Carcar_call,bird,call
252,2.006349206,0.054421769,2.060770975,Carcar_call,bird,call
252,2.27845805,0.050793651,2.329251701,Carcar_call,bird,call
252,2.690612245,0.06675737,2.757369615,Motcin_call,bird,call
252,2.77478458,0.055147392,2.829931972,Motcin_call,bird,call
252,3.38430839,0.046439909,3.4307482990000002,Carcar_call,bird,call
252,4.002539683,0.046439909,4.048979592,Motcin_call,bird,call
252,4.075102041,0.052244898,4.127346939,Motcin_call,bird,call
252,4.739773243,0.034829932,4.774603175,Carcar_call,bird,call
253,0.424489796,0.035918367,0.460408163,Human,Human,Human
253,0.587755102,0.267755102,0.855510204,Human,Human,Human
253,1.22122449,0.071836735,1.293061225,Human,Human,Human
253,1.554285714,0.636734694,2.191020408,Human,Human,Human
253,2.249795918,0.326530612,2.57632653,Human,Human,Human
253,2.351020408,0.022857143,2.373877551,Turphi_call,bird,call
253,2.915918367,0.156734694,3.072653061,Human,Human,Human
253,3.151020408,0.094693878,3.245714286,Human,Human,Human
253,3.164081633,0.091428571,3.2555102039999997,Aegcau_call,bird,call
253,3.314285714,0.11755102,3.431836734,Aegcau_call,bird,call
253,3.487346939,0.019591837,3.506938776,Human,Human,Human
253,3.764897959,0.029387755,3.794285714,Human,Human,Human
253,3.843265306,0.045714286,3.888979592,Human,Human,Human
253,4.613877551,0.199183673,4.813061224,Human,Human,Human
254,0.020408163,0.044897959,0.065306122,Unknown,Unknown,Unknown
254,0.110204082,0.126530612,0.23673469399999997,Unknown,Unknown,Unknown
254,0.257142857,0.069387755,0.326530612,Cetcet_song,bird,song
254,0.428571429,0.081632653,0.510204082,Cetcet_song,bird,song
254,0.551020408,0.106122449,0.657142857,Cetcet_song,bird,song
254,0.702040816,0.114285714,0.81632653,Cetcet_song,bird,song
254,0.86122449,0.134693878,0.995918368,Lusmeg_song,bird,song
254,1.053061224,0.142857143,1.195918367,Lusmeg_song,bird,song
254,1.248979592,0.142857143,1.391836735,Lusmeg_song,bird,song
254,1.465306122,0.163265306,1.628571428,Lusmeg_song,bird,song
254,1.812244898,0.134693878,1.946938776,Lusmeg_song,bird,song
255,0.26122449,0.163265306,0.424489796,Cerbra_call,bird,call
255,0.489795918,0.04244898,0.532244898,Motcin_call,bird,call
255,0.584489796,0.071836735,0.6563265309999999,Motcin_call,bird,call
255,0.839183673,0.153469388,0.992653061,Cerbra_call,bird,call
255,1.22122449,0.062040816,1.283265306,Motcin_call,bird,call
255,1.472653061,0.143673469,1.6163265299999998,Cerbra_call,bird,call
255,1.92,0.035918367,1.955918367,Motcin_call,bird,call
255,1.982040816,0.052244898,2.034285714,Motcin_call,bird,call
255,2.076734694,0.052244898,2.1289795920000003,Motcin_call,bird,call
255,2.768979592,0.045714286,2.814693878,Motcin_call,bird,call
255,2.915918367,0.062040816,2.9779591830000003,Motcin_call,bird,call
255,3.265306122,0.084897959,3.3502040810000002,Parcae_call,bird,call
255,3.441632653,0.094693878,3.5363265310000003,Parcae_call,bird,call
255,3.565714286,0.094693878,3.660408164,Parcae_call,bird,call
255,3.673469388,0.052244898,3.725714286,Motcin_call,bird,call
255,3.764897959,0.052244898,3.817142857,Motcin_call,bird,call
256,0.005804989,0.1538322,0.159637189,Stuvul_call,bird,call
256,0.226394558,0.08707483,0.313469388,Stuvul_call,bird,call
256,2.098503401,0.200272109,2.29877551,Stuvul_call,bird,call
256,3.779047619,0.156734694,3.935782313,Stuvul_call,bird,call
257,0.072562358,0.026122449,0.09868480699999999,Sylatr_call,bird,call
257,1.033287982,0.037732426,1.071020408,Sylatr_call,bird,call
257,1.227755102,0.029024943,1.256780045,Sylatr_call,bird,call
257,1.428027211,0.034829932,1.4628571430000001,Sylatr_call,bird,call
257,1.642811791,0.040634921,1.683446712,Sylatr_call,bird,call
257,1.816961451,0.040634921,1.8575963720000002,Sylatr_call,bird,call
257,2.089795918,0.037732426,2.127528344,Sylatr_call,bird,call
257,2.252335601,0.037732426,2.290068027,Sylatr_call,bird,call
258,0.0,4.028662132,4.028662132,Cicatr_song,insect,song
258,0.0,0.232199546,0.232199546,Strdec_song,bird,song
258,0.016326531,1.538321995,1.554648526,Serser_song,bird,song
258,0.489795918,0.058049887,0.547845805,Strdec_song,bird,song
258,0.971428571,0.253968254,1.225396825,Strdec_song,bird,song
258,1.342403628,0.406349206,1.748752834,Strdec_song,bird,song
259,0.096507937,0.274285714,0.370793651,Galthe_call,bird,call
261,0.029024943,0.391836735,0.420861678,Turphi_song,bird,song
261,0.4861678,0.34829932,0.83446712,Turphi_song,bird,song
261,0.914285714,0.391836735,1.306122449,Turphi_song,bird,song
261,1.44399093,0.159637188,1.603628118,Erirub_song,bird,song
261,1.610884354,0.224943311,1.835827665,Erirub_song,bird,song
261,1.864852608,0.130612245,1.995464853,Erirub_song,bird,song
261,2.024489796,0.275736961,2.300226757,Erirub_song,bird,song
261,2.307482993,0.282993197,2.59047619,Erirub_song,bird,song
261,2.67755102,0.203174603,2.880725623,Erirub_song,bird,song
261,2.946031746,0.181405896,3.1274376420000003,Erirub_song,bird,song
261,3.170975057,0.34829932,3.5192743770000003,Erirub_song,bird,song
261,4.839909297,0.058049887,4.897959184,Denmaj_call,bird,call
262,0.0,0.049342404,0.049342404,Loxcur_call,bird,call
262,0.084172336,0.078367347,0.162539683,Loxcur_call,bird,call
262,0.18031746,0.102857143,0.283174603,Loxcur_call,bird,call
262,0.313650794,0.067301587,0.380952381,Loxcur_call,bird,call
262,0.416507937,0.333968254,0.750476191,Loxcur_call,bird,call
262,0.777142857,0.138412698,0.915555555,Loxcur_call,bird,call
262,0.972698413,0.074920635,1.047619048,Loxcur_call,bird,call
262,1.106031746,0.147301587,1.253333333,Loxcur_call,bird,call
262,1.351111111,0.107936508,1.4590476190000001,Loxcur_call,bird,call
262,1.377414966,0.077460317,1.4548752829999998,Phycol_call,bird,call
262,1.486984127,0.057142857,1.544126984,Loxcur_call,bird,call
262,1.626666667,0.087619048,1.7142857150000002,Loxcur_call,bird,call
262,1.777777778,0.057142857,1.834920635,Loxcur_call,bird,call
262,1.873015873,0.125714286,1.998730159,Loxcur_call,bird,call
262,2.017777778,0.063492063,2.081269841,Loxcur_call,bird,call
262,2.189206349,0.096507937,2.285714286,Loxcur_call,bird,call
262,2.318730159,0.156190476,2.4749206349999997,Loxcur_call,bird,call
262,2.513015873,0.048253968,2.561269841,Loxcur_call,bird,call
262,2.604444444,0.064761905,2.669206349,Loxcur_call,bird,call
262,2.697142857,0.113015873,2.81015873,Loxcur_call,bird,call
262,2.845714286,0.086349206,2.932063492,Loxcur_call,bird,call
262,3.036190476,0.044444444,3.0806349199999996,Loxcur_call,bird,call
262,3.12,0.096507937,3.2165079370000003,Phycol_call,bird,call
262,3.13015873,0.044444444,3.1746031739999996,Loxcur_call,bird,call
262,3.244444444,0.087619048,3.332063492,Loxcur_call,bird,call
262,3.428571429,0.040634921,3.46920635,Loxcur_call,bird,call
262,3.517460317,0.044444444,3.5619047609999996,Loxcur_call,bird,call
262,3.588571429,0.04952381,3.638095239,Loxcur_call,bird,call
262,3.65968254,0.053333333,3.713015873,Loxcur_call,bird,call
262,3.734603175,0.045714286,3.780317461,Loxcur_call,bird,call
262,3.833650794,0.082539683,3.916190477,Loxcur_call,bird,call
262,3.947936508,0.052063492,4.0,Loxcur_call,bird,call
262,4.12952381,0.055873016,4.185396826,Loxcur_call,bird,call
262,4.233650794,0.048253968,4.281904762,Loxcur_call,bird,call
262,4.298412698,0.083809524,4.382222222,Loxcur_call,bird,call
262,4.38984127,0.05968254,4.44952381,Loxcur_call,bird,call
262,4.594285714,0.060952381,4.655238095,Loxcur_call,bird,call
262,4.656507937,0.072380952,4.728888888999999,Loxcur_call,bird,call
262,4.840634921,0.078730159,4.91936508,Loxcur_call,bird,call
262,4.965079365,0.038820862,5.003900227,Loxcur_call,bird,call
263,0.957823129,0.145124717,1.102947846,Lusmeg_call,bird,call
263,1.637006803,0.179954649,1.816961452,Lusmeg_call,bird,call
263,2.316190476,0.145124717,2.461315193,Lusmeg_call,bird,call
263,3.157913832,0.179954649,3.337868481,Lusmeg_call,bird,call
264,1.175510204,0.049342404,1.224852608,Turphi_call,bird,call
265,2.266122449,0.03047619,2.296598639,Parcae_call,bird,call
265,4.675918367,0.134965986,4.8108843530000005,Turmer_call,bird,call
266,0.591020408,0.019591837,0.610612245,Denmaj_call,bird,call
266,1.273469388,0.039183673,1.312653061,Denmaj_call,bird,call
266,2.716734694,0.032653061,2.749387755,Denmaj_call,bird,call
266,2.788571429,0.875102041,3.66367347,Erirub_song,bird,song
266,3.72244898,0.600816327,4.323265307,Erirub_song,bird,song
266,4.476734694,0.525714286,5.0024489800000005,Erirub_song,bird,song
267,0.006530612,0.199183673,0.205714285,Turmer_call,bird,call
267,0.875102041,1.087346939,1.96244898,Ptehey_song,insect,song
268,0.284444444,0.220589569,0.5050340130000001,Unknown,Unknown,Unknown
268,0.481814059,0.127709751,0.60952381,Unknown,Unknown,Unknown
268,1.08553288,0.203174603,1.288707483,Unknown,Unknown,Unknown
269,0.0,2.536780045,2.536780045,Cicatr_song,insect,song
269,0.039183673,0.571428571,0.610612244,Picpic_call,bird,call
269,0.450612245,1.100408163,1.551020408,Serser_song,bird,song
269,1.315918367,0.26122449,1.5771428570000001,Colpal_song,bird,song
269,1.763265306,0.143673469,1.906938775,Colpal_song,bird,song
269,2.321632653,0.215147392,2.536780045,Colpal_song,bird,song
270,0.0,0.386031746,0.386031746,Corcor_call,bird,call
270,0.307664399,0.031927438,0.33959183699999995,Unknown,Unknown,Unknown
270,0.490521542,0.208979592,0.6995011339999999,Pasdom_call,bird,call
270,1.393197279,0.21478458,1.6079818590000001,Pasdom_call,bird,call
270,1.680544218,0.127709751,1.8082539690000001,Pasdom_call,bird,call
270,2.304580499,0.235102041,2.5396825400000003,Pasdom_call,bird,call
270,2.681904762,0.139319728,2.8212244899999996,Pasdom_call,bird,call
270,3.40462585,0.052244898,3.456870748,Pasdom_call,bird,call
270,3.462675737,0.1538322,3.616507937,Pasdom_call,bird,call
270,3.465578231,0.052244898,3.517823129,Sylatr_song,bird,song
270,3.657142857,0.060952381,3.718095238,Pasdom_call,bird,call
270,3.694875283,0.119002268,3.813877551,Pasdom_call,bird,call
270,3.932879819,0.069659864,4.002539683,Sylatr_song,bird,song
270,3.938684807,0.182857143,4.12154195,Pasdom_call,bird,call
270,4.162176871,0.124807256,4.286984127,Sylatr_song,bird,song
270,4.342131519,0.116099773,4.458231292,Sylatr_song,bird,song
270,4.762993197,0.058049887,4.821043084,Pasdom_call,bird,call
270,4.861678005,0.142222222,5.003900227,Pasdom_call,bird,call
272,0.0,0.046439909,0.046439909,Tetpyg_song,insect,song
272,0.223492063,0.327981859,0.551473922,Tetpyg_song,insect,song
272,0.705306122,0.307664399,1.012970521,Tetpyg_song,insect,song
272,1.190022676,0.264126984,1.45414966,Tetpyg_song,insect,song
272,1.265487528,0.078367347,1.343854875,Parcae_call,bird,call
272,1.407709751,0.060952381,1.468662132,Parcae_call,bird,call
272,1.584761905,0.046439909,1.631201814,Parcae_call,bird,call
272,1.613786848,0.325079365,1.9388662129999998,Tetpyg_song,insect,song
272,1.773424036,0.034829932,1.808253968,Lusmeg_call,bird,call
272,1.837278912,0.081269841,1.9185487529999998,Lusmeg_call,bird,call
272,1.9969161,0.08707483,2.08399093,Parmaj_call,bird,call
272,2.069478458,0.359909297,2.429387755,Tetpyg_song,insect,song
272,2.095600907,0.069659864,2.1652607710000003,Parmaj_call,bird,call
272,2.281360544,0.040634921,2.321995465,Unknown,Unknown,Unknown
272,2.371337868,0.049342404,2.420680272,Unknown,Unknown,Unknown
272,2.449705215,0.029024943,2.478730158,Unknown,Unknown,Unknown
272,2.530975057,0.327981859,2.858956916,Tetpyg_song,insect,song
272,2.53968254,0.049342404,2.5890249439999997,Unknown,Unknown,Unknown
272,2.600634921,0.043537415,2.644172336,Unknown,Unknown,Unknown
272,2.684807256,0.049342404,2.73414966,Unknown,Unknown,Unknown
272,2.917006803,0.069659864,2.986666667,Lusmeg_song,bird,song
272,3.018594104,0.060952381,3.079546485,Lusmeg_song,bird,song
272,3.038911565,0.28154195,3.3204535149999996,Tetpyg_song,insect,song
272,3.247891156,0.145124717,3.393015873,Lusmeg_song,bird,song
272,3.500408163,0.327981859,3.828390022,Tetpyg_song,insect,song
272,3.503310658,0.150929705,3.654240363,Lusmeg_song,bird,song
272,3.770340136,0.156734694,3.92707483,Lusmeg_song,bird,song
272,3.9938322,0.296054422,4.289886622,Tetpyg_song,insect,song
272,4.048979592,0.159637188,4.20861678,Lusmeg_song,bird,song
272,4.318911565,0.171247166,4.490158730999999,Lusmeg_song,bird,song
272,4.339229025,0.052244898,4.3914739229999995,Parmaj_call,bird,call
272,4.417596372,0.052244898,4.46984127,Parmaj_call,bird,call
272,4.51047619,0.255419501,4.765895691000001,Tetpyg_song,insect,song
272,4.585941043,0.17414966,4.760090703,Lusmeg_song,bird,song
272,4.879092971,0.124807256,5.003900227000001,Lusmeg_song,bird,song
273,0.0,0.735782313,0.735782313,Embcir_song,bird,song
273,0.779319728,0.121904762,0.90122449,Galcri_song,bird,song
273,0.970884354,0.121904762,1.092789116,Galcri_song,bird,song
273,1.16244898,0.139319728,1.301768708,Galcri_song,bird,song
273,1.340952381,0.126258503,1.467210884,Galcri_song,bird,song
273,1.554285714,0.235102041,1.789387755,Galcri_song,bird,song
274,0.006530612,1.495510204,1.5020408159999998,Serser_song,bird,song
274,0.509387755,0.169795918,0.679183673,Embcir_call,bird,call
274,1.410612245,0.137142857,1.547755102,Embcir_call,bird,call
274,2.390204082,0.124081633,2.5142857149999998,Embcir_call,bird,call
274,2.860408163,1.795918367,4.656326529999999,Serser_song,bird,song
274,3.356734694,0.091428571,3.448163265,Embcir_call,bird,call
274,4.695510204,0.124081633,4.819591837,Embcir_call,bird,call
275,0.0,0.162539683,0.162539683,Parcae_call,bird,call
275,0.354104308,0.130612245,0.48471655299999994,Parcae_call,bird,call
275,0.589206349,0.208979592,0.7981859410000001,Parcae_call,bird,call
275,0.856235828,0.043537415,0.899773243,Parcae_call,bird,call
276,0.940408163,0.091428571,1.0318367339999999,Aegcau_call,bird,call
276,1.067755102,0.114285714,1.182040816,Aegcau_call,bird,call
276,1.234285714,0.088163265,1.322448979,Aegcau_call,bird,call
276,1.377959184,0.111020408,1.488979592,Aegcau_call,bird,call
276,2.808163265,0.071836735,2.8800000000000003,Aegcau_call,bird,call
276,2.928979592,0.107755102,3.036734694,Aegcau_call,bird,call
276,3.08244898,0.10122449,3.18367347,Aegcau_call,bird,call
276,3.232653061,0.11755102,3.3502040810000002,Aegcau_call,bird,call
276,3.422040816,0.107755102,3.529795918,Aegcau_call,bird,call
277,0.36122449,0.079591837,0.440816327,Lularb_song,bird,song
277,0.528571429,0.053061224,0.581632653,Lularb_song,bird,song
277,0.665306122,0.097959184,0.7632653060000001,Lularb_song,bird,song
277,0.965306122,0.071428571,1.036734693,Lularb_song,bird,song
277,1.210204082,0.191836735,1.402040817,Lularb_song,bird,song
277,1.491836735,0.153061224,1.644897959,Lularb_song,bird,song
277,1.795918367,0.146938776,1.9428571430000001,Lularb_song,bird,song
278,0.0,0.067346939,0.067346939,Lusmeg_song,bird,song
278,0.059183673,0.044897959,0.10408163200000001,Lusmeg_song,bird,song
278,0.153061224,0.065306122,0.218367346,Lusmeg_song,bird,song
278,0.246938776,0.067346939,0.314285715,Lusmeg_song,bird,song
278,0.33877551,0.081632653,0.420408163,Lusmeg_song,bird,song
278,1.497959184,0.063265306,1.5612244899999999,Parcae_call,bird,call
278,1.6,0.081632653,1.681632653,Parcae_call,bird,call
278,1.730612245,0.083673469,1.8142857140000002,Parcae_call,bird,call
278,1.865306122,0.073469388,1.93877551,Parcae_call,bird,call
278,2.048979592,0.053061224,2.1020408159999997,Parcae_call,bird,call
278,2.132653061,0.06122449,2.193877551,Parcae_call,bird,call
278,2.251020408,0.053061224,2.304081632,Parcae_call,bird,call
279,0.0,0.111746032,0.111746032,Galcri_call,bird,call
279,0.0,5.003900227,5.003900227,Plasab_song,insect,song
279,1.153015873,0.477460317,1.63047619,Galcri_call,bird,call
279,1.965714286,0.502857143,2.468571429,Galcri_call,bird,call
279,4.586666667,0.345396825,4.932063492,Galcri_call,bird,call
281,0.006530612,0.163265306,0.169795918,Cetcet_song,bird,song
281,0.444081633,1.266938776,1.7110204089999999,Serser_song,bird,song
281,0.875102041,0.509387755,1.384489796,Cetcet_song,bird,song
281,1.86122449,0.992653061,2.853877551,Cetcet_song,bird,song
281,3.631020408,1.366712018,4.997732426,Serser_song,bird,song
282,0.0,0.110294785,0.110294785,Oriori_song,bird,song
282,0.278639456,0.133514739,0.412154195,Oriori_song,bird,song
282,1.201632653,0.240907029,1.442539682,Turmer_call,bird,call
284,0.736507937,0.116825397,0.853333334,Galthe_call,bird,call
284,2.458412698,0.091428571,2.549841269,Galthe_song,bird,song
284,2.554920635,0.126984127,2.6819047620000003,Galthe_song,bird,song
284,2.737777778,0.091428571,2.8292063489999997,Galthe_song,bird,song
284,2.91047619,0.157460317,3.0679365069999998,Galthe_song,bird,song
284,3.123809524,0.060952381,3.184761905,Galthe_song,bird,song
284,3.23047619,0.076190476,3.306666666,Galthe_song,bird,song
284,3.377777778,0.096507937,3.474285715,Galthe_song,bird,song
285,0.0,0.208979592,0.208979592,Turmer_call,bird,call
285,1.265487528,1.256780045,2.5222675729999997,Ptehey_song,insect,song
286,0.004081633,0.702040816,0.706122449,Erirub_song,bird,song
286,2.179591837,0.212244898,2.3918367349999996,Lopcri_call,bird,call
286,4.281632653,0.518367347,4.8,Erirub_song,bird,song
286,4.930612245,0.073287982,5.003900227,Erirub_song,bird,song
287,1.051428571,0.254693878,1.306122449,Petpet_call,bird,call
287,2.011428571,0.189387755,2.200816326,Petpet_call,bird,call
287,2.723265306,0.195918367,2.919183673,Petpet_call,bird,call
287,3.09877551,0.143673469,3.2424489789999997,Petpet_call,bird,call
287,3.209795918,0.27755102,3.487346938,Sylcan_song,bird,song
287,3.598367347,0.124081633,3.72244898,Sylcan_song,bird,song
287,3.833469388,0.179591837,4.013061225,Sylcan_song,bird,song
287,4.05877551,0.04244898,4.10122449,Sylcan_song,bird,song
287,4.114285714,0.078367347,4.192653061000001,Sylcan_song,bird,song
287,4.176326531,0.208979592,4.385306123,Sylcan_song,bird,song
287,4.37877551,0.111020408,4.4897959179999996,Sylcan_song,bird,song
287,4.519183673,0.173061224,4.692244897,Sylcan_song,bird,song
287,4.731428571,0.075102041,4.806530612,Sylcan_song,bird,song
287,4.871836735,0.065306122,4.9371428569999996,Sylcan_song,bird,song
288,0.34829932,0.197369615,0.545668935,Petpet_song,bird,song
291,0.166530612,0.032653061,0.199183673,Denmaj_call,bird,call
291,2.011428571,0.035918367,2.047346938,Denmaj_call,bird,call
291,2.13877551,0.450612245,2.5893877549999997,Erirub_song,bird,song
291,2.703673469,0.466938776,3.170612245,Erirub_song,bird,song
291,3.245714286,0.780408163,4.026122449,Erirub_song,bird,song
291,4.564897959,0.029387755,4.594285714,Denmaj_call,bird,call
292,0.146575964,0.133514739,0.280090703,Sylmel_song,bird,song
292,0.357006803,0.049342404,0.406349207,Sylmel_song,bird,song
292,0.519546485,0.081269841,0.600816326,Sylmel_song,bird,song
292,0.709659864,0.031927438,0.741587302,Sylmel_song,bird,song
292,0.792380952,0.031927438,0.82430839,Sylmel_song,bird,song
292,1.375782313,0.047891156,1.423673469,Sylmel_song,bird,song
292,1.468662132,0.08707483,1.555736962,Sylmel_song,bird,song
292,1.869206349,0.078367347,1.9475736959999999,Sylmel_song,bird,song
292,1.98675737,0.039183673,2.025941043,Sylmel_song,bird,song
292,2.068027211,0.047891156,2.115918367,Sylmel_song,bird,song
292,2.279909297,0.08707483,2.3669841270000003,Sylmel_song,bird,song
292,2.414875283,0.105941043,2.5208163260000003,Sylmel_song,bird,song
292,2.584671202,0.084172336,2.668843538,Sylmel_song,bird,song
292,2.690612245,0.017414966,2.708027211,Sylmel_song,bird,song
292,2.726893424,0.015963719,2.742857143,Sylmel_song,bird,song
292,2.755918367,0.082721088,2.838639455,Sylmel_song,bird,song
292,2.86185941,0.063854875,2.925714285,Sylmel_song,bird,song
293,0.011609977,0.133514739,0.145124716,Pelgra_call,amphibian,call
293,0.644353741,0.191564626,0.835918367,Pelgra_call,amphibian,call
293,1.102947846,0.203174603,1.306122449,Pelgra_call,amphibian,call
293,2.136235828,1.033287982,3.16952381,Ptehey_song,insect,song
293,2.960544218,0.394739229,3.3552834469999997,Pelgra_call,amphibian,call
293,3.535238095,0.238004535,3.77324263,Pelgra_call,amphibian,call
293,3.842902494,0.34829932,4.191201814,Pelgra_call,amphibian,call
293,4.376961451,0.296054422,4.673015873,Pelgra_call,amphibian,call
295,0.0,5.003900227,5.003900227,Plaaff_song,insect,song
296,1.430929705,0.133514739,1.564444444,Sylund_call,bird,call
296,3.381405896,0.269931973,3.651337869,Sylund_call,bird,call
297,0.357006803,0.130612245,0.487619048,Parate_call,bird,call
297,0.719818594,0.063854875,0.783673469,Parate_call,bird,call
297,0.870748299,0.060952381,0.93170068,Parate_call,bird,call
297,1.027482993,0.072562358,1.100045351,Parate_call,bird,call
297,1.256780045,0.267029478,1.523809523,Butbut_call,bird,call
297,1.265487528,0.046439909,1.311927437,Erirub_call,bird,call
297,1.787936508,0.238004535,2.025941043,Parate_call,bird,call
297,3.030204082,0.113197279,3.143401361,Parate_call,bird,call
297,3.509115646,0.058049887,3.5671655330000003,Erirub_call,bird,call
297,3.816780045,0.040634921,3.857414966,Erirub_call,bird,call
297,3.892244898,0.473106576,4.365351474,Butbut_call,bird,call
297,4.681723356,0.246712018,4.928435374,Parate_call,bird,call
298,0.0,5.003900227,5.003900227,Plaaff_song,insect,song
299,0.0,0.02829932,0.02829932,Carcan_song,bird,song
299,0.17414966,0.050068027,0.224217687,Carcan_song,bird,song
299,0.409251701,0.05877551,0.468027211,Carcan_song,bird,song
299,0.518095238,0.023945578,0.542040816,Carcan_song,bird,song
299,0.574693878,0.063129252,0.63782313,Carcan_song,bird,song
299,0.666122449,0.106666667,0.772789116,Carcan_song,bird,song
299,0.846802721,0.034829932,0.8816326529999999,Carcan_song,bird,song
299,0.927346939,0.02829932,0.955646259,Carcan_song,bird,song
299,1.044897959,0.311292517,1.356190476,Carcan_song,bird,song
300,0.332698413,0.029206349,0.36190476200000005,Loxcur_call,bird,call
300,1.026031746,0.027936508,1.053968254,Loxcur_call,bird,call
300,1.747301587,0.034285714,1.7815873009999998,Loxcur_call,bird,call
300,2.262857143,0.033015873,2.2958730160000003,Loxcur_call,bird,call
300,3.113650794,0.021587302,3.135238096,Loxcur_call,bird,call
300,3.794285714,0.195555556,3.98984127,Alaarv_song,bird,song
300,4.313650794,0.22984127,4.543492064,Alaarv_song,bird,song
301,3.245714286,0.055510204,3.30122449,Parate_call,bird,call
301,3.457959184,0.084897959,3.542857143,Parate_call,bird,call
301,3.598367347,0.114285714,3.712653061,Pyrpyr_call,bird,call
301,4.212244898,0.048979592,4.26122449,Parate_song,bird,song
301,4.424489796,0.052244898,4.476734693999999,Parate_song,bird,song
301,4.535510204,0.062040816,4.59755102,Parate_song,bird,song
301,4.630204082,0.111020408,4.74122449,Parate_song,bird,song
301,4.793469388,0.048979592,4.84244898,Parate_song,bird,song
301,4.897959184,0.10122449,4.999183674,Parate_song,bird,song
302,0.421587302,0.106666667,0.528253969,Turphi_call,bird,call
302,0.614603175,0.502857143,1.117460318,Chlchl_call,bird,call
302,1.503492063,0.203174603,1.7066666659999998,Pasdom_call,bird,call
302,2.326349206,0.528253968,2.854603174,Chlchl_call,bird,call
302,2.768253968,0.060952381,2.8292063489999997,Turphi_call,bird,call
302,3.82984127,0.218412698,4.048253968,Pasdom_call,bird,call
302,4.017777778,0.426666667,4.444444445,Chlchl_call,bird,call
302,4.353015873,0.274285714,4.627301587000001,Unknown,Unknown,Unknown
304,0.097959184,0.163265306,0.26122449000000003,Alaarv_song,bird,song
304,0.563265306,0.17755102,0.740816326,Alaarv_song,bird,song
304,0.932653061,0.255102041,1.1877551020000001,Alaarv_song,bird,song
304,1.37755102,0.116326531,1.493877551,Galcri_song,bird,song
304,1.542857143,0.146938776,1.689795919,Galcri_song,bird,song
304,1.728571429,0.085714286,1.814285715,Galcri_song,bird,song
304,1.86122449,0.120408163,1.981632653,Galcri_song,bird,song
304,2.132653061,0.151020408,2.283673469,Galcri_song,bird,song
304,2.420408163,0.057142857,2.47755102,Alaarv_song,bird,song
307,0.007256236,0.108843537,0.116099773,Turmer_song,bird,song
307,0.166893424,0.34829932,0.515192744,Gargla_call,bird,call
307,1.567346939,0.181405896,1.7487528350000001,Parate_song,bird,song
307,1.690702948,1.647165533,3.337868481,Fricoe_song,bird,song
307,1.988208617,1.328344671,3.3165532879999997,Parate_song,bird,song
307,3.403174603,0.152380952,3.555555555,Parate_song,bird,song
307,3.6861678,0.123356009,3.8095238090000003,Fricoe_call,bird,call
307,4.331972789,0.203174603,4.535147392,Turmer_song,bird,song
308,0.0,5.003900227,5.003900227,Plasab_song,insect,song
309,0.0,0.394739229,0.394739229,Oriori_call,bird,call
309,1.190022676,1.190022676,2.380045352,Pelgra_call,amphibian,call
309,1.718276644,1.079727891,2.798004535,Ptehey_song,insect,song
312,0.002539683,0.076190476,0.078730159,Alaarv_song,bird,song
312,0.081269841,0.135873016,0.21714285700000002,Alaarv_song,bird,song
312,0.266666667,0.05968254,0.32634920700000003,Alaarv_song,bird,song
312,0.365714286,0.126984127,0.492698413,Alaarv_song,bird,song
312,0.528253968,0.187936508,0.716190476,Alaarv_song,bird,song
312,0.775873016,0.039365079,0.815238095,Alaarv_song,bird,song
312,0.811428571,0.039365079,0.85079365,Alaarv_song,bird,song
312,0.882539683,0.172698413,1.055238096,Alaarv_song,bird,song
312,1.100952381,0.091428571,1.192380952,Alaarv_song,bird,song
312,1.211428571,0.063492063,1.2749206339999999,Alaarv_song,bird,song
312,1.302857143,0.096507937,1.39936508,Alaarv_song,bird,song
312,1.42984127,0.153650794,1.583492064,Alaarv_song,bird,song
312,1.650793651,0.224761905,1.8755555560000001,Alaarv_song,bird,song
312,1.968253968,0.063492063,2.031746031,Alaarv_song,bird,song
312,2.046984127,0.133333333,2.18031746,Alaarv_song,bird,song
312,2.241269841,0.054603175,2.295873016,Alaarv_song,bird,song
312,2.316190476,0.184126984,2.50031746,Alaarv_song,bird,song
312,2.551111111,0.082539683,2.633650794,Alaarv_song,bird,song
312,2.657777778,0.071111111,2.728888889,Alaarv_song,bird,song
312,2.751746032,0.092698413,2.8444444449999997,Alaarv_song,bird,song
312,2.883809524,0.156190476,3.04,Alaarv_song,bird,song
312,3.09968254,0.199365079,3.299047619,Alaarv_song,bird,song
312,3.33968254,0.078730159,3.418412699,Alaarv_song,bird,song
312,3.483174603,0.167619048,3.6507936510000003,Alaarv_song,bird,song
312,3.704126984,0.212063492,3.916190476,Alaarv_song,bird,song
312,3.96952381,0.064761905,4.034285715,Alaarv_song,bird,song
312,4.067301587,0.076190476,4.143492063,Alaarv_song,bird,song
312,4.165079365,0.076190476,4.241269841,Alaarv_song,bird,song
312,4.281904762,0.203174603,4.485079365,Alaarv_song,bird,song
312,4.53968254,0.205714286,4.745396826,Alaarv_song,bird,song
312,4.798730159,0.045714286,4.844444445,Alaarv_song,bird,song
312,4.93968254,0.063492063,5.003174603,Alaarv_song,bird,song
313,0.0,0.051020408,0.051020408,Oriori_song,bird,song
313,0.155102041,0.346938776,0.502040817,Oriori_song,bird,song
313,0.491836735,0.257142857,0.748979592,Oriori_song,bird,song
313,1.687755102,0.095918367,1.783673469,Carcar_song,bird,song
313,1.844897959,0.065306122,1.910204081,Carcar_song,bird,song
313,1.971428571,0.116326531,2.087755102,Carcar_song,bird,song
313,2.224489796,0.02244898,2.246938776,Carcar_song,bird,song
313,2.324489796,0.091836735,2.416326531,Carcar_song,bird,song
313,2.516326531,0.095918367,2.6122448979999997,Carcar_song,bird,song
313,2.644897959,0.032653061,2.67755102,Carcar_song,bird,song
313,2.76122449,0.095918367,2.857142857,Carcar_song,bird,song
314,0.296054422,0.150929705,0.446984127,Musstr_call,bird,call
314,0.696598639,0.171247166,0.867845805,Musstr_call,bird,call
314,1.265487528,0.162539683,1.4280272109999999,Musstr_call,bird,call
314,4.01414966,0.148027211,4.162176871,Musstr_call,bird,call
314,4.376961451,0.17414966,4.551111111,Musstr_call,bird,call
314,4.893605442,0.08707483,4.980680272,Musstr_call,bird,call
315,0.0,0.096507937,0.096507937,Galcri_song,bird,song
315,0.004353741,3.873378685,3.877732426,Plaaff_song,insect,song
315,0.144761905,0.109206349,0.253968254,Galcri_song,bird,song
315,0.317460317,0.177777778,0.495238095,Galcri_song,bird,song
315,1.25968254,0.144761905,1.404444445,Galcri_song,bird,song
315,1.47047619,0.104126984,1.5746031740000002,Galcri_song,bird,song
315,1.648253968,0.165079365,1.8133333329999999,Galcri_song,bird,song
315,1.935238095,1.942494331,3.877732426,Lyrple_song,insect,song
315,2.52952381,0.34829932,2.8778231300000003,Galcri_song,bird,song
315,3.530884354,0.222040816,3.7529251699999997,Galcri_song,bird,song
316,0.0,0.203174603,0.203174603,Turmer_call,bird,call
316,0.005079365,0.223492063,0.228571428,Prumod_song,bird,song
316,0.858412698,0.523174603,1.381587301,Turmer_call,bird,call
316,1.696507937,0.558730159,2.2552380960000002,Turmer_call,bird,call
316,2.727619048,1.026031746,3.7536507940000003,Prumod_song,bird,song
316,2.808888889,0.055873016,2.864761905,Erirub_call,bird,call
316,2.91047619,0.071111111,2.981587301,Erirub_call,bird,call
316,3.037460317,0.096507937,3.133968254,Erirub_call,bird,call
316,3.271111111,0.599365079,3.87047619,Turmer_call,bird,call
316,4.688253968,0.315646259,5.003900227,Turmer_call,bird,call
317,0.171247166,0.217687075,0.388934241,Phycol_song,bird,song
317,0.505034014,0.177052154,0.682086168,Phycol_song,bird,song
317,0.856235828,0.217687075,1.073922903,Phycol_song,bird,song
317,1.207437642,0.211882086,1.4193197279999998,Phycol_song,bird,song
317,1.613786848,0.121904762,1.73569161,Anttri_song,bird,song
317,1.819863946,0.08707483,1.9069387759999998,Fricoe_call,bird,call
317,1.90984127,0.150929705,2.060770975,Anttri_song,bird,song
317,2.165260771,0.069659864,2.234920635,Fricoe_call,bird,call
317,2.261043084,0.133514739,2.3945578230000004,Anttri_song,bird,song
317,2.496145125,0.098684807,2.594829932,Unknown,Unknown,Unknown
317,2.739954649,0.031927438,2.771882087,Unknown,Unknown,Unknown
317,2.783492063,0.072562358,2.856054421,Anttri_song,bird,song
317,2.937324263,0.089977324,3.0273015869999997,Anttri_song,bird,song
317,3.08244898,0.06675737,3.14920635,Anttri_song,bird,song
317,3.233378685,0.075464853,3.308843538,Anttri_song,bird,song
317,3.369795918,0.084172336,3.453968254,Anttri_song,bird,song
317,3.416235828,0.069659864,3.485895692,Unknown,Unknown,Unknown
317,3.631020408,0.095782313,3.726802721,Unknown,Unknown,Unknown
317,3.694875283,0.069659864,3.764535147,Unknown,Unknown,Unknown
317,3.75292517,0.049342404,3.802267574,Regign_song,bird,song
317,3.988027211,0.095782313,4.083809524,Regign_song,bird,song
317,3.988027211,0.124807256,4.112834467,Unknown,Unknown,Unknown
317,4.118639456,0.06675737,4.185396826000001,Regign_song,bird,song
317,4.246349206,0.058049887,4.304399093,Regign_song,bird,song
317,4.365351474,0.446984127,4.812335601,Regign_song,bird,song
317,4.405986395,0.133514739,4.539501134,Unknown,Unknown,Unknown
317,4.812335601,0.150929705,4.963265306,Unknown,Unknown,Unknown
318,0.0,0.22244898,0.22244898,Cetcet_song,bird,song
318,0.775510204,0.202040816,0.97755102,Cetcet_song,bird,song
318,0.985714286,0.318367347,1.304081633,Cetcet_song,bird,song
318,1.702040816,0.251020408,1.953061224,Cetcet_song,bird,song
318,2.004081633,0.144897959,2.1489795920000003,Cetcet_song,bird,song
318,2.197959184,0.134693878,2.3326530620000003,Cetcet_song,bird,song
318,2.389795918,0.155102041,2.544897959,Cetcet_song,bird,song
318,2.612244898,0.191836735,2.804081633,Cetcet_song,bird,song
318,3.973469388,0.187755102,4.1612244899999995,Oriori_song,bird,song
318,4.197959184,0.106122449,4.304081633,Oriori_song,bird,song
318,4.33877551,0.134693878,4.473469388,Oriori_song,bird,song
319,0.447346939,0.065306122,0.512653061,Denmaj_call,bird,call
319,1.64244898,0.065306122,1.707755102,Denmaj_call,bird,call
319,1.923265306,0.05877551,1.982040816,Parate_call,bird,call
319,2.553469388,0.019591837,2.573061225,Parate_song,bird,song
319,2.625306122,0.130612245,2.755918367,Parate_song,bird,song
319,2.834285714,0.032653061,2.866938775,Parate_song,bird,song
319,2.893061224,0.081632653,2.974693877,Parate_song,bird,song
319,2.99755102,0.062040816,3.059591836,Parate_song,bird,song
319,3.017142857,0.055510204,3.072653061,Denmaj_call,bird,call
319,3.105306122,0.04244898,3.147755102,Parate_song,bird,song
319,3.183673469,0.150204082,3.333877551,Parate_song,bird,song
319,3.389387755,0.045714286,3.435102041,Parate_song,bird,song
319,3.474285714,0.140408163,3.614693877,Parate_song,bird,song
319,3.676734694,0.04244898,3.719183674,Parate_song,bird,song
319,3.758367347,0.120816327,3.879183674,Parate_song,bird,song
319,4.075102041,0.052244898,4.127346939,Parate_call,bird,call
319,4.257959184,0.05877551,4.316734694,Denmaj_call,bird,call
319,4.388571429,0.120816327,4.509387756,Parate_song,bird,song
319,4.728163265,0.163265306,4.8914285710000005,Phycol_song,bird,song
320,0.03047619,0.031927438,0.062403628,Sylmel_call,bird,call
320,0.134965986,0.026122449,0.161088435,Sylmel_call,bird,call
320,0.182857143,0.026122449,0.208979592,Sylmel_call,bird,call
320,0.27138322,0.152380952,0.42376417199999994,Sylmel_call,bird,call
320,0.499229025,0.100136054,0.599365079,Sylmel_call,bird,call
320,0.65015873,0.033378685,0.683537415,Sylmel_call,bird,call
320,0.695147392,0.027573696,0.722721088,Sylmel_call,bird,call
320,0.795283447,0.021768707,0.817052154,Sylmel_call,bird,call
320,0.864943311,0.027573696,0.892517007,Sylmel_call,bird,call
320,0.967981859,0.026122449,0.994104308,Sylmel_call,bird,call
320,1.01877551,0.03047619,1.0492517,Sylmel_call,bird,call
320,1.098594104,0.026122449,1.124716553,Sylmel_call,bird,call
320,1.160997732,0.033378685,1.194376417,Sylmel_call,bird,call
320,1.250975057,0.03047619,1.281451247,Sylmel_call,bird,call
320,1.307573696,0.027573696,1.3351473919999999,Sylmel_call,bird,call
320,1.419319728,0.018866213,1.438185941,Sylmel_call,bird,call
320,1.457052154,0.029024943,1.4860770970000001,Sylmel_call,bird,call
320,1.542675737,0.029024943,1.57170068,Sylmel_call,bird,call
320,1.594920635,0.03047619,1.625396825,Sylmel_call,bird,call
320,1.692154195,0.021768707,1.7139229020000002,Sylmel_call,bird,call
320,1.728435374,0.026122449,1.754557823,Sylmel_call,bird,call
320,1.819863946,0.101587302,1.921451248,Sylmel_call,bird,call
320,1.991111111,0.024671202,2.015782313,Sylmel_call,bird,call
320,2.031746032,0.024671202,2.056417234,Sylmel_call,bird,call
320,2.123174603,0.027573696,2.150748299,Sylmel_call,bird,call
320,2.168163265,0.021768707,2.189931972,Sylmel_call,bird,call
320,2.272653061,0.018866213,2.291519274,Sylmel_call,bird,call
320,2.323446712,0.033378685,2.356825397,Sylmel_call,bird,call
320,2.425034014,0.031927438,2.456961452,Sylmel_call,bird,call
320,2.481632653,0.029024943,2.510657596,Sylmel_call,bird,call
320,2.558548753,0.039183673,2.5977324260000003,Sylmel_call,bird,call
320,2.652879819,0.03047619,2.6833560089999997,Sylmel_call,bird,call
320,2.768979592,0.03047619,2.799455782,Sylmel_call,bird,call
321,0.139319728,0.058049887,0.197369615,Regign_song,bird,song
321,0.296054422,0.952018141,1.248072563,Regign_song,bird,song
321,1.265487528,0.278639456,1.544126984,Unknown,Unknown,Unknown
321,1.381587302,0.446984127,1.8285714290000001,Unknown,Unknown,Unknown
321,1.95047619,0.296054422,2.246530612,Erirub_song,bird,song
321,2.049160998,0.284444444,2.333605442,Butbut_call,bird,call
321,2.287165533,0.296054422,2.583219955,Erirub_song,bird,song
321,2.501950113,0.110294785,2.612244898,Pyrpyr_call,bird,call
321,3.604897959,0.249614512,3.854512471,Butbut_call,bird,call
321,4.38276644,0.185759637,4.5685260770000005,Pyrpyr_call,bird,call
321,4.68462585,0.243809524,4.928435373999999,Butbut_call,bird,call
322,0.0,1.965714286,1.965714286,Tibtom_song,insect,song
322,0.01015873,0.060952381,0.071111111,Pasdom_call,bird,call
322,0.132063492,0.111746032,0.243809524,Pasdom_call,bird,call
322,0.436825397,0.248888889,0.6857142860000001,Pasdom_call,bird,call
322,0.833015873,0.050793651,0.883809524,Pasdom_call,bird,call
322,1.208888889,0.203174603,1.4120634920000001,Pasdom_call,bird,call
322,1.681269841,0.223492063,1.904761904,Pasdom_call,bird,call
322,2.102857143,0.218412698,2.321269841,Pasdom_call,bird,call
322,2.438095238,1.4338322,3.8719274379999997,Tibtom_song,insect,song
322,2.478730159,0.081269841,2.56,Pasdom_call,bird,call
322,2.753015873,0.182857143,2.935873016,Pasdom_call,bird,call
322,3.194920635,0.238730159,3.433650794,Pasdom_call,bird,call
322,3.525079365,0.193015873,3.718095238,Pasdom_call,bird,call
323,0.139319728,0.032653061,0.17197278900000001,Unknown,Unknown,Unknown
323,0.152380952,0.134965986,0.287346938,Parmaj_song,bird,song
323,0.511564626,0.141496599,0.653061225,Parmaj_song,bird,song
323,0.846802721,0.121904762,0.968707483,Parmaj_song,bird,song
323,1.626122449,0.045714286,1.6718367349999999,Unknown,Unknown,Unknown
323,1.700136054,0.903401361,2.603537415,Denmaj_drum,bird,drum
323,1.876462585,0.050068027,1.926530612,Unknown,Unknown,Unknown
323,3.260952381,0.167619048,3.4285714290000002,Parmaj_song,bird,song
323,3.580952381,0.224217687,3.805170068,Parmaj_song,bird,song
323,3.87047619,0.108843537,3.979319727,Unknown,Unknown,Unknown
323,4.316734694,0.237278912,4.554013606,Unknown,Unknown,Unknown
323,4.582312925,0.071836735,4.65414966,Unknown,Unknown,Unknown
324,0.004081633,0.065306122,0.069387755,Oriori_song,bird,song
324,0.126530612,0.208163265,0.334693877,Oriori_song,bird,song
324,0.326530612,0.057142857,0.383673469,Carcar_call,bird,call
324,1.065306122,0.073469388,1.1387755099999999,Carcar_call,bird,call
324,1.583673469,0.106122449,1.689795918,Carcar_call,bird,call
324,2.048979592,0.06122449,2.1102040819999996,Carcar_call,bird,call
325,0.0,0.228571429,0.228571429,Unknown,Unknown,Unknown
325,0.772063492,0.525351474,1.297414966,Corcor_call,bird,call
325,1.326439909,0.081269841,1.40770975,Parate_call,bird,call
325,1.500589569,0.119002268,1.619591837,Parate_call,bird,call
325,1.660226757,0.121904762,1.782131519,Parate_call,bird,call
325,1.66893424,0.409251701,2.078185941,Corcor_call,bird,call
325,2.58031746,0.52244898,3.10276644,Corcor_call,bird,call
325,3.512018141,0.055147392,3.567165533,Parate_call,bird,call
325,3.628117914,0.06675737,3.694875284,Parate_call,bird,call
325,3.741315193,0.072562358,3.813877551,Parate_call,bird,call
325,4.57723356,0.426666667,5.003900227,Unknown,Unknown,Unknown
326,1.165714286,0.094693878,1.260408164,Regign_song,bird,song
326,1.306122449,0.124081633,1.4302040820000002,Regign_song,bird,song
326,1.472653061,0.091428571,1.564081632,Regign_song,bird,song
326,1.573877551,1.910204082,3.4840816329999997,Erirub_song,bird,song
326,1.596734694,0.182857143,1.779591837,Pyrpyr_call,bird,call
326,1.606530612,0.111020408,1.71755102,Regign_song,bird,song
326,1.730612245,0.097959184,1.8285714290000001,Regign_song,bird,song
326,1.844897959,0.215510204,2.060408163,Corcor_call,bird,call
326,1.86122449,0.107755102,1.968979592,Regign_song,bird,song
326,1.998367347,0.10122449,2.099591837,Regign_song,bird,song
326,2.125714286,0.11755102,2.243265306,Regign_song,bird,song
326,3.062857143,0.32,3.382857143,Colpal_song,bird,song
326,3.634285714,0.215510204,3.849795918,Colpal_song,bird,song
326,4.251428571,0.169795918,4.421224489,Pyrpyr_call,bird,call
326,4.27755102,0.208979592,4.486530612,Colpal_song,bird,song
326,4.574693878,0.166530612,4.74122449,Colpal_song,bird,song
328,0.0,0.130612245,0.130612245,Galthe_song,bird,song
329,0.0,0.243809524,0.243809524,Sylund_call,bird,call
331,0.692244898,0.143673469,0.835918367,Regign_call,bird,call
331,1.188571429,0.491972789,1.680544218,Chlchl_call,bird,call
331,2.895238095,0.080544218,2.975782313,Regign_call,bird,call
331,2.973605442,0.474557823,3.4481632650000003,Chlchl_call,bird,call
332,0.497777778,0.027573696,0.525351474,Carcar_song,bird,song
332,0.782222222,0.03047619,0.812698412,Carcar_song,bird,song
332,0.995555556,0.055147392,1.050702948,Carcar_song,bird,song
332,1.11600907,0.052244898,1.1682539680000001,Carcar_song,bird,song
332,1.236462585,0.06675737,1.3032199549999999,Carcar_song,bird,song
332,1.374331066,0.040634921,1.4149659870000002,Carcar_song,bird,song
332,1.497687075,0.053696145,1.55138322,Carcar_song,bird,song
333,0.096507937,0.401269841,0.497777778,Galthe_song,bird,song
334,0.005804989,0.673378685,0.679183674,Strtur_song,bird,song
334,1.06521542,0.444081633,1.5092970529999998,Strtur_song,bird,song
334,2.034648526,0.812698413,2.847346939,Strtur_song,bird,song
334,3.175328798,0.65015873,3.825487528,Strtur_song,bird,song
334,3.532335601,0.060952381,3.593287982,Unknown,Unknown,Unknown
334,4.223129252,0.473106576,4.696235828,Strtur_song,bird,song
334,4.623673469,0.063854875,4.6875283439999995,Unknown,Unknown,Unknown
335,0.0,1.00861678,1.00861678,Anttri_song,bird,song
335,1.110204082,0.718367347,1.8285714290000001,Siteur_song,bird,song
335,2.039002268,0.094331066,2.133333334,Pyrpyr_call,bird,call
335,2.401814059,0.428117914,2.829931973,Unknown,Unknown,Unknown
335,3.250793651,1.753106576,5.003900227,Siteur_song,bird,song
336,1.660226757,0.342494331,2.002721088,Oriori_call,bird,call
337,1.625396825,0.050793651,1.676190476,Unknown,Unknown,Unknown
337,1.831473923,0.050793651,1.8822675739999999,Unknown,Unknown,Unknown
338,0.0,5.003900227,5.003900227,Cicatr_song,insect,song
338,0.0,5.003900227,5.003900227,Cicorn_song,insect,song
338,0.0,0.169795918,0.169795918,Lusmeg_call,bird,call
338,1.432380952,0.17414966,1.606530612,Lusmeg_call,bird,call
338,2.903945578,0.134965986,3.038911564,Lusmeg_call,bird,call
339,0.769160998,0.037732426,0.8068934240000001,Sylatr_call,bird,call
339,1.82276644,0.063854875,1.8866213150000002,Sylatr_call,bird,call
339,1.935963719,0.040634921,1.9765986400000002,Sylatr_call,bird,call
340,0.0,2.548390023,2.548390023,Cicorn_song,insect,song
342,0.834693878,0.130612245,0.965306123,Lularb_song,bird,song
342,1.014285714,0.157142857,1.1714285709999999,Lularb_song,bird,song
342,1.253061224,0.130612245,1.383673469,Lularb_song,bird,song
342,1.426530612,0.144897959,1.571428571,Lularb_song,bird,song
342,1.644897959,0.171428571,1.81632653,Lularb_song,bird,song
342,1.893877551,0.165306122,2.059183673,Lularb_song,bird,song
344,0.0,0.101587302,0.101587302,Unknown,Unknown,Unknown
344,0.137868481,0.203174603,0.341043084,Unknown,Unknown,Unknown
344,0.391836735,0.199546485,0.59138322,Musstr_call,bird,call
345,2.652879819,0.078367347,2.7312471659999997,Embcir_call,bird,call
346,0.277188209,0.029024943,0.30621315200000004,Sylcan_call,bird,call
346,0.510839002,0.021768707,0.532607709,Sylcan_call,bird,call
346,0.831564626,0.02031746,0.851882086,Sylcan_call,bird,call
346,1.114557823,0.024671202,1.139229025,Sylcan_call,bird,call
346,1.516553288,0.024671202,1.54122449,Sylcan_call,bird,call
346,2.005623583,0.026122449,2.031746032,Sylcan_call,bird,call
346,2.169614512,0.017414966,2.187029478,Sylcan_call,bird,call
346,2.339410431,0.03047619,2.369886621,Sylcan_call,bird,call
346,2.496145125,0.021768707,2.517913832,Sylcan_call,bird,call
346,2.726893424,0.031927438,2.758820862,Sylcan_call,bird,call
346,2.959092971,0.023219955,2.982312926,Sylcan_call,bird,call
346,3.170975057,0.023219955,3.1941950120000002,Sylcan_call,bird,call
346,3.372698413,0.03047619,3.403174603,Sylcan_call,bird,call
346,3.638276644,0.03047619,3.6687528339999997,Sylcan_call,bird,call
346,3.869024943,0.036281179,3.905306122,Sylcan_call,bird,call
346,4.11138322,0.03047619,4.1418594099999995,Sylcan_call,bird,call
346,4.363900227,0.026122449,4.390022676,Sylcan_call,bird,call
346,4.583038549,0.024671202,4.607709751000001,Sylcan_call,bird,call
347,0.0,0.110294785,0.110294785,Unknown,Unknown,Unknown
347,0.679183673,0.185759637,0.86494331,Oriori_song,bird,song
347,0.882358277,0.429569161,1.3119274380000001,Oriori_song,bird,song
347,1.509297052,0.08707483,1.596371882,Stuvul_call,bird,call
347,3.070839002,0.150929705,3.221768707,Stuvul_call,bird,call
348,0.0,0.359909297,0.359909297,Oriori_call,bird,call
350,0.912108844,0.108843537,1.020952381,Carcan_song,bird,song
350,1.060136054,0.111020408,1.171156462,Carcan_song,bird,song
350,1.25170068,0.034829932,1.286530612,Carcan_song,bird,song
350,1.460680272,0.300408163,1.761088435,Carcan_song,bird,song
350,1.941768707,0.032653061,1.974421768,Carcan_song,bird,song
351,0.14984127,2.444988662,2.594829932,Ptehey_song,insect,song
351,0.248888889,0.038095238,0.286984127,Carcar_call,bird,call
351,0.312380952,0.055873016,0.368253968,Carcar_call,bird,call
351,0.424126984,0.045714286,0.46984127,Carcar_call,bird,call
351,0.863492063,0.035555556,0.8990476190000001,Carcar_call,bird,call
351,0.924444444,0.078730159,1.003174603,Carcar_call,bird,call
351,1.033650794,0.068571429,1.1022222229999998,Carcar_call,bird,call
351,1.406984127,0.060952381,1.4679365080000002,Carcar_call,bird,call
351,1.554285714,0.050793651,1.605079365,Carcar_call,bird,call
351,1.894603175,0.053333333,1.9479365080000002,Carcar_call,bird,call
351,2.008888889,0.043174603,2.0520634920000003,Carcar_call,bird,call
351,2.062222222,0.53260771,2.5948299319999997,Pelgra_call,amphibian,call
351,2.267936508,0.066031746,2.333968254,Carcar_call,bird,call
351,2.453333333,0.068571429,2.5219047619999997,Carcar_call,bird,call
353,1.843809524,0.016326531,1.8601360550000001,Turphi_call,bird,call
354,0.0,2.496145125,2.496145125,Tetpyg_song,insect,song
354,0.0,2.496145125,2.496145125,Cicatr_song,insect,song
356,0.0,0.058049887,0.058049887,Trotro_song,bird,song
356,0.104489796,0.075464853,0.179954649,Trotro_song,bird,song
356,0.203174603,0.081269841,0.284444444,Trotro_song,bird,song
356,0.34829932,0.110294785,0.45859410500000003,Trotro_song,bird,song
356,0.446984127,0.08707483,0.5340589570000001,Trotro_song,bird,song
356,0.597913832,0.110294785,0.708208617,Trotro_song,bird,song
356,0.725623583,0.191564626,0.917188209,Trotro_song,bird,song
356,0.957823129,0.203174603,1.160997732,Trotro_song,bird,song
356,1.190022676,0.197369615,1.3873922909999998,Trotro_song,bird,song
356,1.428027211,0.203174603,1.6312018140000002,Trotro_song,bird,song
356,1.660226757,0.208979592,1.869206349,Trotro_song,bird,song
356,2.321995465,0.162539683,2.484535148,Trotro_song,bird,song
356,2.565804989,0.104489796,2.6702947850000003,Trotro_song,bird,song
356,2.699319728,0.121904762,2.8212244899999996,Trotro_song,bird,song
356,2.832834467,0.110294785,2.9431292520000003,Trotro_song,bird,song
356,2.960544218,0.098684807,3.059229025,Trotro_song,bird,song
356,3.152108844,0.133514739,3.2856235829999996,Trotro_song,bird,song
356,3.291428571,0.092879819,3.38430839,Trotro_song,bird,song
356,3.529433107,0.145124717,3.674557824,Trotro_song,bird,song
356,3.674557823,0.719818594,4.394376417,Trotro_song,bird,song
356,3.854512472,0.203174603,4.0576870750000005,Siteur_call,bird,call
356,4.411791383,0.330884354,4.742675737,Trotro_song,bird,song
356,4.481451247,0.272834467,4.754285714,Siteur_call,bird,call
356,4.835555556,0.168344671,5.003900227,Musstr_call,bird,call
358,0.0,0.150929705,0.150929705,Colpal_song,bird,song
358,0.418367347,0.267346939,0.6857142860000001,Butbut_call,bird,call
358,0.657142857,0.026530612,0.6836734689999999,Regign_song,bird,song
358,0.795283447,0.21478458,1.010068027,Colpal_song,bird,song
358,0.973469388,0.03877551,1.012244898,Regign_song,bird,song
358,1.353061224,0.044897959,1.397959183,Regign_song,bird,song
358,1.578956916,0.179954649,1.758911565,Regign_song,bird,song
358,1.660226757,0.257142857,1.917369614,Butbut_call,bird,call
358,1.797959184,0.169387755,1.967346939,Regign_song,bird,song
358,2.025941043,0.232199546,2.258140589,Colpal_song,bird,song
358,2.34521542,0.383129252,2.728344672,Colpal_song,bird,song
358,3.08244898,0.417959184,3.500408164,Colpal_song,bird,song
358,3.929977324,0.104489796,4.03446712,Regign_song,bird,song
358,4.075102041,0.52244898,4.597551021,Regign_song,bird,song
358,4.324489796,0.340816327,4.665306123,Butbut_call,bird,call
359,0.005804989,0.316371882,0.322176871,Stuvul_call,bird,call
362,0.761904762,0.037732426,0.799637188,Carcan_call,bird,call
362,1.622494331,0.047891156,1.670385487,Carcan_call,bird,call
362,2.279909297,0.031927438,2.311836735,Carcan_call,bird,call
362,3.65569161,0.029024943,3.684716553,Carcan_call,bird,call
362,3.734058957,0.040634921,3.774693878,Carcan_call,bird,call
362,4.509024943,0.074013605,4.583038548,Carcan_call,bird,call
363,0.0,0.145124717,0.145124717,Strdec_song,bird,song
363,0.284444444,0.374421769,0.658866213,Strdec_song,bird,song
363,0.905578231,0.1538322,1.059410431,Strdec_song,bird,song
363,1.288707483,0.238004535,1.526712018,Strdec_song,bird,song
363,1.634104308,0.449886621,2.083990929,Strdec_song,bird,song
363,2.330702948,0.133514739,2.4642176869999997,Strdec_song,bird,song
363,2.658684807,0.249614512,2.908299319,Strdec_song,bird,song
363,3.021496599,0.446984127,3.4684807259999997,Strdec_song,bird,song
363,3.697777778,0.145124717,3.8429024949999997,Strdec_song,bird,song
363,4.046077098,0.223492063,4.269569161,Strdec_song,bird,song
363,4.397278912,0.449886621,4.847165533,Strdec_song,bird,song
364,0.004081633,0.216326531,0.220408164,Cerbra_call,bird,call
364,0.710204082,0.224489796,0.9346938779999999,Cerbra_call,bird,call
364,2.054965986,0.203174603,2.258140589,Sylatr_song,bird,song
364,2.159183673,0.040816327,2.1999999999999997,Parcae_song,bird,song
364,2.232653061,0.163265306,2.395918367,Parcae_song,bird,song
364,2.448979592,0.118367347,2.567346939,Parcae_song,bird,song
364,2.600634921,0.220589569,2.82122449,Sylatr_song,bird,song
364,2.628571429,0.102040816,2.730612245,Parcae_song,bird,song
364,2.779591837,0.085714286,2.865306123,Parcae_song,bird,song
364,2.937324263,0.156734694,3.0940589569999997,Parcae_song,bird,song
364,4.314285714,0.183673469,4.497959183000001,Unknown,Unknown,Unknown
365,0.0,0.092879819,0.092879819,Hirrus_call,bird,call
365,0.182857143,0.148027211,0.330884354,Hirrus_call,bird,call
365,0.516643991,0.043537415,0.560181406,Hirrus_call,bird,call
365,0.696598639,0.052244898,0.748843537,Hirrus_call,bird,call
365,0.731428571,0.052244898,0.783673469,Parmaj_song,bird,song
365,0.847528345,0.081269841,0.928798186,Parmaj_song,bird,song
365,0.97814059,0.075464853,1.053605443,Parmaj_song,bird,song
365,1.175510204,0.063854875,1.2393650790000001,Parmaj_song,bird,song
365,1.294512472,0.08707483,1.381587302,Parmaj_song,bird,song
365,1.999818594,0.034829932,2.034648526,Parmaj_song,bird,song
365,2.10430839,0.063854875,2.168163265,Parmaj_song,bird,song
365,2.397460317,0.069659864,2.4671201810000003,Parmaj_song,bird,song
365,2.516462585,0.031927438,2.548390023,Parmaj_song,bird,song
367,1.048163265,0.124081633,1.172244898,Cerbra_song,bird,song
367,1.38122449,0.130612245,1.511836735,Cerbra_song,bird,song
367,1.675102041,0.052244898,1.727346939,Cerbra_song,bird,song
367,1.792653061,0.11755102,1.910204081,Cerbra_song,bird,song
367,1.933061224,0.153469388,2.0865306120000002,Cerbra_song,bird,song
367,3.08244898,0.153469388,3.235918368,Parmaj_song,bird,song
367,3.366893424,0.063492063,3.430385487,Parmaj_song,bird,song
367,3.542857143,0.182857143,3.725714286,Parmaj_song,bird,song
367,3.874829932,0.058049887,3.932879819,Parmaj_song,bird,song
367,4.067120181,0.141496599,4.20861678,Parmaj_song,bird,song
368,0.001269841,0.039365079,0.04063492,Alaarv_song,bird,song
368,0.078730159,0.067301587,0.146031746,Alaarv_song,bird,song
368,0.173968254,0.124444444,0.298412698,Alaarv_song,bird,song
368,0.344126984,0.095238095,0.439365079,Alaarv_song,bird,song
368,0.464761905,0.057142857,0.521904762,Alaarv_song,bird,song
368,0.551111111,0.041904762,0.593015873,Alaarv_song,bird,song
368,0.608253968,0.053333333,0.661587301,Alaarv_song,bird,song
368,0.646349206,0.031746032,0.678095238,Alaarv_song,bird,song
368,0.723809524,0.177777778,0.901587302,Alaarv_song,bird,song
368,0.878730159,0.083809524,0.9625396829999999,Alaarv_song,bird,song
368,1.098412698,0.052063492,1.15047619,Alaarv_song,bird,song
368,1.241904762,0.039365079,1.281269841,Alaarv_song,bird,song
368,1.379047619,0.052063492,1.431111111,Alaarv_song,bird,song
368,1.525079365,0.043174603,1.568253968,Alaarv_song,bird,song
368,1.644444444,0.097777778,1.7422222219999999,Alaarv_song,bird,song
368,1.787936508,0.134603175,1.922539683,Alaarv_song,bird,song
368,2.005079365,0.060952381,2.0660317459999997,Alaarv_song,bird,song
368,2.06984127,0.114285714,2.184126984,Alaarv_song,bird,song
368,2.218412698,0.035555556,2.2539682539999997,Alaarv_song,bird,song
368,2.27047619,0.062222222,2.332698412,Alaarv_song,bird,song
368,2.382222222,0.057142857,2.439365079,Alaarv_song,bird,song
368,2.472380952,0.091428571,2.5638095229999998,Alaarv_song,bird,song
368,2.587936508,0.030113379,2.6180498869999997,Alaarv_song,bird,song
370,0.008163265,0.134693878,0.142857143,Phycol_song,bird,song
370,0.187755102,0.102040816,0.28979591800000004,Poepal_song,bird,song
370,0.355102041,0.130612245,0.485714286,Phycol_song,bird,song
370,0.608163265,0.106122449,0.714285714,Poepal_song,bird,song
370,0.734693878,0.244897959,0.979591837,Phycol_song,bird,song
370,0.971428571,0.351020408,1.322448979,Poepal_song,bird,song
370,1.685714286,0.081632653,1.767346939,Unknown,Unknown,Unknown
370,1.836734694,0.085714286,1.92244898,Unknown,Unknown,Unknown
370,1.853061224,0.13877551,1.991836734,Poepal_song,bird,song
370,1.983673469,0.093877551,2.07755102,Unknown,Unknown,Unknown
370,2.110204082,0.081632653,2.191836735,Unknown,Unknown,Unknown
370,2.142857143,0.07755102,2.220408163,Poepal_song,bird,song
370,2.244897959,0.085714286,2.330612245,Unknown,Unknown,Unknown
370,2.391836735,0.085714286,2.477551021,Unknown,Unknown,Unknown
370,2.391836735,0.191836735,2.58367347,Poepal_song,bird,song
370,2.526530612,0.106122449,2.632653061,Unknown,Unknown,Unknown
370,2.669387755,0.097959184,2.767346939,Unknown,Unknown,Unknown
370,2.67755102,0.118367347,2.795918367,Poepal_song,bird,song
370,2.734693878,1.67755102,4.412244898,Regign_song,bird,song
370,2.812244898,0.044897959,2.857142857,Unknown,Unknown,Unknown
370,2.926530612,0.089795918,3.01632653,Poepal_song,bird,song
370,2.942857143,0.065306122,3.008163265,Unknown,Unknown,Unknown
370,3.408163265,0.873469388,4.281632653,Fricoe_song,bird,song
370,4.518367347,0.187755102,4.7061224489999995,Unknown,Unknown,Unknown
372,0.722721088,0.031927438,0.754648526,Carcan_call,bird,call
372,0.876553288,0.021768707,0.898321995,Carcan_call,bird,call
372,4.720907029,0.018866213,4.739773242,Carcan_call,bird,call
373,0.0,0.020408163,0.020408163,Fricoe_song,bird,song
373,0.097959184,0.110204082,0.208163266,Fricoe_song,bird,song
373,0.281632653,0.134693878,0.416326531,Fricoe_song,bird,song
373,0.47755102,0.114285714,0.591836734,Fricoe_song,bird,song
373,0.644897959,0.114285714,0.759183673,Fricoe_song,bird,song
373,0.804081633,0.102040816,0.906122449,Fricoe_song,bird,song
373,0.959183673,0.093877551,1.053061224,Fricoe_song,bird,song
373,1.114285714,0.097959184,1.212244898,Fricoe_song,bird,song
373,1.271428571,0.040816327,1.3122448979999999,Fricoe_song,bird,song
373,1.348979592,0.046938776,1.395918368,Fricoe_song,bird,song
373,1.424489796,0.046938776,1.471428572,Fricoe_song,bird,song
373,1.506122449,0.044897959,1.551020408,Fricoe_song,bird,song
373,1.597959184,0.055102041,1.653061225,Fricoe_song,bird,song
373,1.681632653,0.104081633,1.7857142860000002,Fricoe_song,bird,song
373,1.82244898,0.059183673,1.881632653,Fricoe_song,bird,song
376,0.528253968,0.06675737,0.5950113380000001,Sylcan_call,bird,call
376,1.190022676,0.21478458,1.4048072559999998,Petpet_song,bird,song
376,1.219047619,0.034829932,1.253877551,Sylcan_call,bird,call
376,2.223310658,0.139319728,2.3626303859999997,Petpet_song,bird,song
376,2.423582766,0.185759637,2.609342403,Petpet_song,bird,song
376,2.893786848,0.034829932,2.92861678,Sylcan_call,bird,call
376,3.741315193,0.223492063,3.9648072560000003,Petpet_song,bird,song
377,0.0,0.040634921,0.040634921,Carcar_song,bird,song
377,0.007256236,4.996643991,5.003900227,Cicatr_song,insect,song
377,0.113015873,0.050793651,0.163809524,Carcar_song,bird,song
377,0.205714286,0.045714286,0.251428572,Carcar_song,bird,song
377,0.285714286,0.05968254,0.345396826,Carcar_song,bird,song
377,0.518095238,0.097777778,0.615873016,Carcar_song,bird,song
377,0.683174603,0.050793651,0.733968254,Carcar_song,bird,song
377,0.783492063,0.05968254,0.8431746029999999,Carcar_song,bird,song
377,0.877460317,0.045714286,0.9231746030000001,Carcar_song,bird,song
377,0.962539683,0.077460317,1.04,Carcar_song,bird,song
377,1.052698413,0.035555556,1.0882539690000002,Carcar_song,bird,song
377,1.133968254,0.055873016,1.18984127,Carcar_song,bird,song
377,1.24952381,0.068571429,1.3180952389999998,Carcar_song,bird,song
377,1.326984127,0.057142857,1.3841269840000001,Carcar_song,bird,song
377,1.415873016,0.038095238,1.4539682539999998,Carcar_song,bird,song
377,1.503492063,0.105396825,1.6088888879999999,Carcar_song,bird,song
377,1.605079365,0.09015873,1.695238095,Carcar_song,bird,song
377,1.716825397,0.071111111,1.787936508,Carcar_song,bird,song
377,1.82984127,0.04952381,1.87936508,Carcar_song,bird,song
377,1.964444444,0.060952381,2.025396825,Carcar_song,bird,song
377,2.068571429,0.087619048,2.156190477,Carcar_song,bird,song
377,2.17015873,0.057142857,2.227301587,Carcar_song,bird,song
377,2.317460317,0.05968254,2.377142857,Carcar_song,bird,song
377,2.386031746,0.043174603,2.429206349,Carcar_song,bird,song
377,2.438095238,0.039365079,2.477460317,Carcar_song,bird,song
377,2.561269841,0.036825397,2.598095238,Carcar_song,bird,song
377,2.612063492,0.121904762,2.7339682539999997,Carcar_song,bird,song
377,2.812698413,0.043174603,2.8558730160000003,Picpic_call,bird,call
377,2.838095238,0.050793651,2.8888888890000004,Carcar_song,bird,song
377,2.901587302,0.034285714,2.935873016,Picpic_call,bird,call
377,2.94984127,0.050793651,3.000634921,Carcar_song,bird,song
377,2.985396825,0.043174603,3.0285714280000002,Picpic_call,bird,call
377,3.017142857,0.105396825,3.122539682,Carcar_song,bird,song
377,3.078095238,0.048253968,3.126349206,Picpic_call,bird,call
377,3.164444444,0.038095238,3.202539682,Picpic_call,bird,call
377,3.262222222,0.041904762,3.3041269840000003,Picpic_call,bird,call
377,3.33968254,0.043174603,3.3828571430000003,Carcar_song,bird,song
377,3.368888889,0.034285714,3.403174603,Picpic_call,bird,call
377,3.438730159,0.025396825,3.464126984,Carcar_song,bird,song
377,3.475555556,0.045714286,3.521269842,Picpic_call,bird,call
377,3.513650794,0.096507937,3.6101587310000003,Carcar_song,bird,song
377,3.602539683,0.039365079,3.641904762,Picpic_call,bird,call
377,3.677460317,0.066031746,3.743492063,Carcar_song,bird,song
377,3.785396825,0.038095238,3.8234920629999998,Carcar_song,bird,song
377,3.876825397,0.064761905,3.9415873020000003,Carcar_song,bird,song
377,3.958095238,0.045714286,4.003809524,Carcar_song,bird,song
377,4.066031746,0.060952381,4.126984127,Carcar_song,bird,song
377,4.130793651,0.10031746,4.231111111000001,Carcar_song,bird,song
377,4.375873016,0.071111111,4.446984127,Carcar_song,bird,song
377,4.472380952,0.039365079,4.511746031,Carcar_song,bird,song
377,4.558730159,0.055873016,4.614603174999999,Carcar_song,bird,song
377,4.636190476,0.048253968,4.684444444,Carcar_song,bird,song
377,4.726349206,0.045714286,4.772063492,Carcar_song,bird,song
377,4.802539683,0.050793651,4.853333334,Carcar_song,bird,song
377,4.874920635,0.044444444,4.919365078999999,Carcar_song,bird,song
378,0.0,0.055147392,0.055147392,Poepal_song,bird,song
378,0.130612245,0.104489796,0.23510204099999998,Poepal_song,bird,song
378,1.92,0.100136054,2.020136054,Poepal_song,bird,song
378,2.118820862,0.133514739,2.2523356010000004,Poepal_song,bird,song
378,2.340861678,0.152380952,2.49324263,Poepal_song,bird,song
378,2.655782313,0.059501134,2.715283447,Poepal_song,bird,song
378,2.925714286,0.069659864,2.99537415,Poepal_song,bird,song
379,2.021587302,0.113197279,2.134784581,Sylmel_song,bird,song
379,2.330702948,0.049342404,2.380045352,Sylmel_song,bird,song
379,2.790748299,0.060952381,2.85170068,Sylmel_song,bird,song
379,2.896689342,0.18430839,3.080997732,Sylmel_song,bird,song
379,3.243537415,0.069659864,3.313197279,Sylmel_song,bird,song
379,3.343673469,0.023219955,3.366893424,Sylmel_song,bird,song
379,3.58893424,0.139319728,3.7282539679999998,Sylmel_song,bird,song
379,3.931428571,0.168344671,4.099773242,Sylmel_song,bird,song
379,4.282630385,0.023219955,4.30585034,Sylmel_song,bird,song
379,4.360997732,0.03047619,4.391473922,Sylmel_song,bird,song
379,4.657052154,0.055147392,4.712199546,Sylmel_song,bird,song
379,4.825396825,0.159637188,4.985034013,Sylmel_song,bird,song
380,2.102040816,0.06122449,2.163265306,Carcar_call,bird,call
380,2.359183673,0.142857143,2.502040816,Oriori_song,bird,song
380,3.767346939,0.053061224,3.8204081629999997,Carcar_call,bird,call
380,4.253061224,0.204081633,4.457142857,Oriori_song,bird,song
381,0.0,0.545668934,0.545668934,Oriori_call,bird,call
382,1.218367347,0.116326531,1.334693878,Stuvul_call,bird,call
382,2.914285714,0.157142857,3.071428571,Stuvul_call,bird,call
382,3.83877551,0.046938776,3.8857142860000002,Embcir_song,bird,song
382,3.889795918,0.042857143,3.932653061,Embcir_song,bird,song
382,3.963265306,0.03877551,4.002040816,Embcir_song,bird,song
382,4.018367347,0.03877551,4.057142857,Embcir_song,bird,song
382,4.073469388,0.040816327,4.114285715,Embcir_song,bird,song
382,4.140816327,0.030612245,4.171428572,Embcir_song,bird,song
382,4.210204082,0.030612245,4.240816327,Embcir_song,bird,song
382,4.251020408,0.044897959,4.295918367,Embcir_song,bird,song
382,4.312244898,0.034693878,4.346938776,Embcir_song,bird,song
382,4.369387755,0.028571429,4.397959184,Embcir_song,bird,song
382,4.408163265,0.146938776,4.555102041,Stuvul_call,bird,call
382,4.42244898,0.02244898,4.4448979600000005,Embcir_song,bird,song
382,4.489795918,0.030612245,4.520408163000001,Embcir_song,bird,song
382,4.544897959,0.024489796,4.569387755,Embcir_song,bird,song
382,4.608163265,0.030612245,4.63877551,Embcir_song,bird,song
382,4.67755102,0.034693878,4.712244898,Embcir_song,bird,song
382,4.73877551,0.042857143,4.781632653,Embcir_song,bird,song
382,4.808163265,0.042857143,4.851020408,Embcir_song,bird,song
382,4.871428571,0.040816327,4.912244898,Embcir_song,bird,song
382,4.920408163,0.036734694,4.957142857,Embcir_song,bird,song
382,4.979591837,0.02430839,5.003900227,Embcir_song,bird,song
383,0.290249433,0.330884354,0.621133787,Regign_call,bird,call
383,0.394739229,0.029024943,0.42376417200000005,Denmaj_call,bird,call
383,1.153741497,0.023945578,1.177687075,Denmaj_call,bird,call
383,2.159455782,0.021768707,2.1812244890000003,Denmaj_call,bird,call
383,2.840816327,0.026122449,2.866938776,Denmaj_call,bird,call
383,3.241360544,0.076190476,3.31755102,Erirub_song,bird,song
383,3.376326531,0.357006803,3.733333334,Erirub_song,bird,song
383,3.750748299,0.64,4.390748299,Erirub_song,bird,song
383,4.445170068,0.302585034,4.747755102,Erirub_song,bird,song
383,4.789115646,0.214784581,5.003900227,Erirub_song,bird,song
384,0.287346939,0.065306122,0.35265306100000005,Regign_call,bird,call
384,0.404897959,0.084897959,0.489795918,Regign_call,bird,call
384,0.546394558,0.082721088,0.629115646,Regign_call,bird,call
384,0.659591837,0.106666667,0.7662585040000001,Regign_call,bird,call
384,0.809795918,0.132789116,0.9425850339999999,Regign_call,bird,call
384,1.071020408,0.032653061,1.103673469,Unknown,Unknown,Unknown
384,1.306122449,0.065306122,1.371428571,Unknown,Unknown,Unknown
384,1.456326531,0.05877551,1.515102041,Unknown,Unknown,Unknown
384,1.619591837,0.052244898,1.671836735,Unknown,Unknown,Unknown
384,1.652244898,0.148027211,1.800272109,Pyrpyr_call,bird,call
384,3.350204082,0.193741497,3.543945579,Erirub_song,bird,song
384,3.583129252,0.426666667,4.009795919,Erirub_song,bird,song
384,3.874829932,0.265578231,4.140408163,Colpal_song,bird,song
384,4.170884354,0.326530612,4.497414966,Erirub_song,bird,song
384,4.303673469,0.11755102,4.421224488999999,Pyrpyr_call,bird,call
384,4.355918367,0.20462585,4.560544217,Colpal_song,bird,song
384,4.584489796,0.40707483,4.991564626,Erirub_song,bird,song
384,4.91537415,0.088526077,5.003900227,Colpal_song,bird,song
385,0.0,0.147301587,0.147301587,Cetcet_song,bird,song
385,0.812698413,0.18031746,0.993015873,Cetcet_song,bird,song
385,1.051428571,0.083809524,1.135238095,Cetcet_song,bird,song
385,1.178412698,0.12952381,1.307936508,Cetcet_song,bird,song
385,1.831111111,0.096507937,1.927619048,Cetcet_song,bird,song
385,1.955555556,0.086349206,2.041904762,Cetcet_song,bird,song
385,2.133333333,0.106666667,2.2399999999999998,Cetcet_song,bird,song
385,2.331428571,0.099047619,2.43047619,Cetcet_song,bird,song
385,2.534603175,0.104126984,2.638730159,Cetcet_song,bird,song
385,2.791111111,0.101587302,2.892698413,Cetcet_song,bird,song
385,3.098412698,0.147301587,3.245714285,Cetcet_song,bird,song
385,4.162539683,0.02031746,4.1828571430000006,Serser_call,bird,call
385,4.210793651,0.025396825,4.236190476,Serser_call,bird,call
385,4.271746032,0.017777778,4.28952381,Serser_call,bird,call
385,4.81015873,0.038095238,4.848253968000001,Serser_call,bird,call
386,1.908390023,0.023219955,1.931609978,Sylmel_call,bird,call
386,1.947573696,0.021768707,1.9693424030000002,Sylmel_call,bird,call
386,2.004172336,0.03047619,2.034648526,Sylmel_call,bird,call
386,2.108662132,0.026122449,2.134784581,Sylmel_call,bird,call
386,2.220408163,0.033378685,2.2537868480000003,Sylmel_call,bird,call
386,2.353922902,0.029024943,2.382947845,Sylmel_call,bird,call
386,2.4830839,0.024671202,2.507755102,Sylmel_call,bird,call
386,2.663038549,0.034829932,2.697868481,Sylmel_call,bird,call
387,2.970340136,0.03047619,3.000816326,Turphi_call,bird,call
388,1.110204082,0.290249433,1.4004535150000001,Turmer_song,bird,song
388,2.706575964,0.290249433,2.996825397,Poepal_song,bird,song
388,3.330612245,0.101587302,3.432199547,Poepal_song,bird,song
388,3.642630385,1.139229025,4.78185941,Poepal_song,bird,song
391,0.0,0.593877551,0.593877551,Erirub_song,bird,song
391,0.679591837,0.904081633,1.58367347,Erirub_song,bird,song
391,1.106122449,0.642857143,1.748979592,Fricoe_song,bird,song
391,1.263265306,0.057142857,1.3204081630000002,Unknown,Unknown,Unknown
391,1.43877551,0.136734694,1.575510204,Unknown,Unknown,Unknown
391,1.669387755,0.081632653,1.751020408,Unknown,Unknown,Unknown
391,1.765306122,0.134693878,1.9,Regign_song,bird,song
391,1.914285714,0.281632653,2.195918367,Regign_song,bird,song
391,2.234693878,0.314285714,2.548979592,Regign_song,bird,song
391,3.379591837,0.269387755,3.648979592,Prumod_song,bird,song
391,3.708163265,0.104081633,3.812244898,Prumod_song,bird,song
391,3.981632653,0.089795918,4.071428571,Prumod_song,bird,song
391,4.081632653,0.065306122,4.146938775,Prumod_song,bird,song
391,4.202040816,0.116326531,4.318367347000001,Prumod_song,bird,song
391,4.344897959,0.059183673,4.404081632,Prumod_song,bird,song
391,4.426530612,0.157142857,4.583673469,Prumod_song,bird,song
391,4.591836735,0.220408163,4.812244898,Prumod_song,bird,song
391,4.959183673,0.040816327,5.0,Prumod_song,bird,song
392,1.837278912,0.056598639,1.8938775509999999,Parcae_song,bird,song
392,1.9969161,0.062403628,2.059319728,Parcae_song,bird,song
392,2.079637188,0.063854875,2.143492063,Unknown,Unknown,Unknown
392,2.230566893,0.06675737,2.297324263,Unknown,Unknown,Unknown
393,0.018866213,0.033378685,0.052244898,Sylmel_call,bird,call
393,0.113197279,0.023219955,0.136417234,Sylmel_call,bird,call
393,0.161088435,0.023219955,0.18430839,Sylmel_call,bird,call
393,0.249614512,0.021768707,0.271383219,Sylmel_call,bird,call
393,0.285895692,0.026122449,0.31201814099999997,Sylmel_call,bird,call
393,0.34829932,0.031927438,0.38022675800000005,Sylmel_call,bird,call
393,0.428117914,0.02031746,0.448435374,Sylmel_call,bird,call
393,0.493424036,0.021768707,0.5151927430000001,Sylmel_call,bird,call
393,0.545668934,0.021768707,0.567437641,Sylmel_call,bird,call
393,0.634195011,0.031927438,0.666122449,Sylmel_call,bird,call
393,0.695147392,0.024671202,0.7198185939999999,Sylmel_call,bird,call
393,0.767709751,0.026122449,0.7938322000000001,Sylmel_call,bird,call
393,0.830113379,0.031927438,0.862040817,Sylmel_call,bird,call
393,0.882358277,0.027573696,0.9099319730000001,Sylmel_call,bird,call
393,0.957823129,0.031927438,0.989750567,Sylmel_call,bird,call
393,1.015873016,0.027573696,1.043446712,Sylmel_call,bird,call
393,1.09569161,0.027573696,1.123265306,Sylmel_call,bird,call
393,1.181315193,0.026122449,1.2074376420000001,Sylmel_call,bird,call
393,1.264036281,0.031927438,1.2959637190000002,Sylmel_call,bird,call
393,1.351111111,0.026122449,1.37723356,Sylmel_call,bird,call
393,1.436734694,0.029024943,1.4657596370000001,Sylmel_call,bird,call
393,1.576054422,0.021768707,1.597823129,Sylmel_call,bird,call
393,1.625396825,0.024671202,1.6500680269999999,Sylmel_call,bird,call
393,1.711020408,0.03047619,1.741496598,Sylmel_call,bird,call
393,1.773424036,0.03047619,1.8039002259999999,Sylmel_call,bird,call
393,1.872108844,0.027573696,1.89968254,Sylmel_call,bird,call
393,1.944671202,0.031927438,1.9765986400000002,Sylmel_call,bird,call
393,2.041904762,0.026122449,2.068027211,Sylmel_call,bird,call
393,2.107210884,0.03047619,2.137687074,Sylmel_call,bird,call
393,2.179773243,0.03047619,2.210249433,Sylmel_call,bird,call
393,2.256689342,0.031927438,2.28861678,Sylmel_call,bird,call
393,2.339410431,0.029024943,2.368435374,Sylmel_call,bird,call
393,2.403265306,0.015963719,2.4192290250000004,Sylmel_call,bird,call
393,2.496145125,0.023219955,2.51936508,Sylmel_call,bird,call
393,2.532426304,0.023219955,2.555646259,Sylmel_call,bird,call
393,2.615147392,0.023219955,2.638367347,Sylmel_call,bird,call
393,2.648526077,0.027573696,2.6760997730000002,Sylmel_call,bird,call
393,2.738503401,0.021768707,2.760272108,Sylmel_call,bird,call
393,2.784943311,0.027573696,2.8125170070000003,Sylmel_call,bird,call
393,2.863310658,0.026122449,2.889433107,Sylmel_call,bird,call
393,2.922811791,0.026122449,2.94893424,Sylmel_call,bird,call
393,3.020045351,0.021768707,3.041814058,Sylmel_call,bird,call
393,3.063582766,0.02031746,3.083900226,Sylmel_call,bird,call
393,3.144852608,0.021768707,3.166621315,Sylmel_call,bird,call
393,3.191292517,0.026122449,3.2174149659999998,Sylmel_call,bird,call
393,3.26675737,0.033378685,3.3001360550000003,Sylmel_call,bird,call
393,3.340770975,0.024671202,3.365442177,Sylmel_call,bird,call
393,3.467029478,0.021768707,3.4887981850000003,Sylmel_call,bird,call
393,3.516371882,0.02031746,3.536689342,Sylmel_call,bird,call
393,3.604897959,0.024671202,3.629569161,Sylmel_call,bird,call
393,3.6861678,0.031927438,3.718095238,Sylmel_call,bird,call
393,3.822585034,0.021768707,3.844353741,Sylmel_call,bird,call
393,3.864671202,0.029024943,3.893696145,Sylmel_call,bird,call
393,3.921269841,0.026122449,3.94739229,Sylmel_call,bird,call
393,4.011247166,0.026122449,4.037369615,Sylmel_call,bird,call
393,4.056235828,0.026122449,4.082358277,Sylmel_call,bird,call
393,4.107029478,0.024671202,4.131700680000001,Sylmel_call,bird,call
393,4.18829932,0.031927438,4.220226758,Sylmel_call,bird,call
393,4.236190476,0.026122449,4.262312925,Sylmel_call,bird,call
393,4.31600907,0.03047619,4.34648526,Sylmel_call,bird,call
393,4.387120181,0.029024943,4.416145124,Sylmel_call,bird,call
393,4.485804989,0.026122449,4.511927438,Sylmel_call,bird,call
393,4.558367347,0.03047619,4.588843537,Sylmel_call,bird,call
393,4.657052154,0.023219955,4.680272109,Sylmel_call,bird,call
393,4.74122449,0.027573696,4.768798186,Sylmel_call,bird,call
393,4.819591837,0.024671202,4.844263039,Sylmel_call,bird,call
393,4.911020408,0.029024943,4.940045350999999,Sylmel_call,bird,call
393,4.979229025,0.02031746,4.999546485000001,Sylmel_call,bird,call
394,0.0,2.548390023,2.548390023,Lyrple_song,insect,song
394,2.346666667,0.050793651,2.3974603180000003,Chlchl_call,bird,call
395,0.728526077,0.116099773,0.84462585,Parcae_song,bird,song
395,0.954920635,0.127709751,1.082630386,Parcae_song,bird,song
395,1.044897959,0.121904762,1.166802721,Parmaj_song,bird,song
395,1.17260771,0.081269841,1.253877551,Parcae_song,bird,song
395,1.268390023,0.046439909,1.314829932,Parmaj_song,bird,song
395,1.335147392,0.089977324,1.425124716,Parcae_song,bird,song
395,1.468662132,0.116099773,1.584761905,Parmaj_song,bird,song
395,1.607981859,0.017414966,1.625396825,Parmaj_song,bird,song
395,1.639909297,0.10739229,1.747301587,Parcae_song,bird,song
395,1.88952381,0.130612245,2.020136055,Parmaj_song,bird,song
395,2.075283447,0.014512472,2.0897959189999997,Parmaj_song,bird,song
395,2.307482993,0.208979592,2.5164625849999998,Parmaj_song,bird,song
395,2.484535147,0.110294785,2.5948299319999997,Parcae_song,bird,song
395,2.719637188,0.104489796,2.8241269840000003,Parcae_song,bird,song
395,2.745759637,0.136417234,2.882176871,Parmaj_song,bird,song
395,2.911201814,0.081269841,2.992471655,Parcae_song,bird,song
395,2.937324263,0.031927438,2.9692517009999997,Parmaj_song,bird,song
395,3.094058957,0.110294785,3.2043537420000003,Parcae_song,bird,song
395,3.172426304,0.145124717,3.317551021,Parmaj_song,bird,song
395,3.36399093,0.098684807,3.462675737,Parcae_song,bird,song
395,3.369795918,0.02031746,3.3901133779999997,Parmaj_song,bird,song
395,3.596190476,0.133514739,3.729705215,Parmaj_song,bird,song
395,3.599092971,0.101587302,3.700680273,Parcae_song,bird,song
395,3.790657596,0.029024943,3.819682539,Parmaj_song,bird,song
395,3.810975057,0.092879819,3.903854876,Parcae_song,bird,song
395,4.005442177,0.136417234,4.1418594109999995,Parmaj_song,bird,song
395,4.205714286,0.023219955,4.228934241,Parmaj_song,bird,song
395,4.437913832,0.150929705,4.588843537,Parmaj_song,bird,song
395,4.646893424,0.017414966,4.6643083899999995,Parmaj_song,bird,song
395,4.879092971,0.124807256,5.003900227000001,Parmaj_song,bird,song
396,0.0,0.089977324,0.089977324,Sylmel_call,bird,call
396,0.200272109,0.095782313,0.296054422,Sylmel_call,bird,call
396,0.400544218,0.10739229,0.507936508,Sylmel_call,bird,call
396,0.592108844,0.098684807,0.690793651,Sylmel_call,bird,call
396,1.451247166,0.223492063,1.6747392289999998,Petpet_song,bird,song
396,3.424943311,0.055147392,3.4800907029999997,Unknown,Unknown,Unknown
398,0.0,0.142222222,0.142222222,Pasdom_call,bird,call
398,0.995555556,0.111746032,1.107301588,Turphi_call,bird,call
398,1.051428571,0.416507937,1.467936508,Chlchl_call,bird,call
398,2.25015873,0.218412698,2.4685714279999997,Pasdom_call,bird,call
399,0.0,0.060952381,0.060952381,Motcin_call,bird,call
399,0.417959184,0.056598639,0.474557823,Carcar_call,bird,call
399,1.262585034,0.056598639,1.319183673,Carcar_call,bird,call
399,1.623945578,0.039183673,1.663129251,Carcar_call,bird,call
399,1.754557823,0.060952381,1.8155102040000002,Carcar_call,bird,call
399,2.09414966,0.065306122,2.1594557819999998,Carcar_call,bird,call
399,2.409795918,0.054421769,2.464217687,Carcar_call,bird,call
400,0.0,2.475102041,2.475102041,Lyrple_song,insect,song
400,0.535510204,0.169795918,0.7053061220000001,Carcar_song,bird,song
400,0.881632653,0.052244898,0.933877551,Carcar_song,bird,song
400,1.149387755,0.029387755,1.17877551,Carcar_song,bird,song
400,1.453061224,0.045714286,1.49877551,Carcar_song,bird,song
400,1.606530612,0.062040816,1.668571428,Carcar_song,bird,song
400,1.87755102,0.52244898,2.4,Carcar_song,bird,song
400,2.56,0.404897959,2.964897959,Carcar_song,bird,song
400,2.893061224,2.110839003,5.003900227000001,Lyrple_song,insect,song
400,3.010612245,1.668571429,4.679183674,Serser_song,bird,song
401,2.83755102,0.254693878,3.0922448979999997,Petpet_call,bird,call
403,0.005804989,4.998095238,5.003900227,Tetpyg_song,insect,song
404,1.23877551,0.087755102,1.326530612,Lularb_song,bird,song
404,1.606122449,0.06122449,1.667346939,Lularb_song,bird,song
404,1.789795918,0.102040816,1.891836734,Lularb_song,bird,song
404,1.916326531,0.16122449,2.077551021,Lularb_song,bird,song
404,2.226530612,0.12244898,2.348979592,Lularb_song,bird,song
404,2.375510204,0.059183673,2.434693877,Lularb_song,bird,song
404,2.412244898,0.046938776,2.459183674,Phofem_song,insect,song
404,2.448979592,0.087755102,2.536734694,Lularb_song,bird,song
404,2.483673469,0.042857143,2.526530612,Phofem_song,insect,song
404,2.548979592,0.034240363,2.5832199549999997,Phofem_song,insect,song
405,0.0,0.063854875,0.063854875,Parcae_call,bird,call
405,0.983945578,0.142222222,1.1261678000000002,Cicorn_song,insect,song
405,1.227755102,0.278639456,1.506394558,Cicorn_song,insect,song
405,1.54122449,0.290249433,1.8314739230000001,Cicorn_song,insect,song
406,0.005804989,0.191564626,0.197369615,Cetcet_song,bird,song
406,0.808344671,0.188662132,0.997006803,Cetcet_song,bird,song
406,1.031836735,0.074013605,1.10585034,Cetcet_song,bird,song
406,1.155192744,0.178503401,1.333696145,Cetcet_song,bird,song
406,1.783582766,0.220589569,2.0041723350000002,Cetcet_song,bird,song
406,2.065124717,0.165442177,2.2305668940000003,Cetcet_song,bird,song
406,2.255238095,0.166893424,2.422131519,Cetcet_song,bird,song
406,2.455510204,0.172698413,2.628208617,Cetcet_song,bird,song
406,2.652879819,0.179954649,2.8328344679999997,Cetcet_song,bird,song
406,2.892335601,0.161088435,3.053424036,Cetcet_song,bird,song
406,3.2,0.1538322,3.3538322000000003,Cetcet_song,bird,song
406,3.977868481,0.09723356,4.075102041,Oriori_song,bird,song
406,4.082358277,0.10739229,4.189750567,Oriori_song,bird,song
406,4.217324263,0.25106576,4.468390023,Oriori_song,bird,song
406,4.568526077,0.060952381,4.6294784579999995,Oriori_song,bird,song
407,0.005804989,0.200272109,0.20607709800000001,Strdec_song,bird,song
407,0.211882086,0.098684807,0.310566893,Parmaj_song,bird,song
407,0.583401361,0.21478458,0.798185941,Strdec_song,bird,song
407,0.664671202,0.133514739,0.798185941,Parmaj_song,bird,song
407,0.893968254,0.119002268,1.012970522,Strdec_song,bird,song
407,1.158095238,0.089977324,1.248072562,Parmaj_song,bird,song
407,1.274195011,0.359909297,1.634104308,Strdec_song,bird,song
407,1.651519274,0.116099773,1.767619047,Parmaj_song,bird,song
407,2.127528345,0.072562358,2.200090703,Parmaj_song,bird,song
408,0.0,0.088888889,0.088888889,Cetcet_song,bird,song
408,0.698412698,0.132063492,0.8304761900000001,Cetcet_song,bird,song
408,0.911746032,0.060952381,0.972698413,Cetcet_song,bird,song
408,1.015873016,0.144761905,1.160634921,Cetcet_song,bird,song
408,1.612698413,0.205714286,1.818412699,Cetcet_song,bird,song
408,1.886984127,0.116825397,2.0038095240000002,Cetcet_song,bird,song
408,2.09015873,0.106666667,2.196825397,Cetcet_song,bird,song
408,2.283174603,0.106666667,2.38984127,Cetcet_song,bird,song
409,1.039092971,0.089977324,1.129070295,Poepal_call,bird,call
409,1.233560091,0.095782313,1.329342404,Poepal_call,bird,call
409,1.38739229,0.055147392,1.442539682,Poepal_call,bird,call
409,1.56154195,0.063854875,1.6253968250000002,Poepal_call,bird,call
409,1.724081633,0.046439909,1.770521542,Poepal_call,bird,call
409,1.883718821,0.055147392,1.938866213,Poepal_call,bird,call
409,2.081088435,0.121904762,2.2029931969999996,Siteur_song,bird,song
409,2.327800454,0.081269841,2.4090702950000003,Poepal_call,bird,call
409,2.435192744,0.150929705,2.586122449,Siteur_song,bird,song
409,2.458412698,0.060952381,2.519365079,Poepal_call,bird,call
409,2.591927438,0.060952381,2.652879819,Poepal_call,bird,call
409,2.725442177,0.069659864,2.7951020410000003,Poepal_call,bird,call
409,2.902494331,0.104489796,3.0069841270000004,Unknown,Unknown,Unknown
409,3.062131519,0.098684807,3.160816326,Unknown,Unknown,Unknown
409,3.271111111,0.130612245,3.401723356,Poepal_call,bird,call
409,3.401723356,0.002902494,3.4046258500000004,Poepal_call,bird,call
409,3.448163265,0.17414966,3.6223129249999997,Poepal_call,bird,call
409,3.57877551,2.2676e-05,3.5787981859999998,Poepal_call,bird,call
409,3.744217687,0.081269841,3.825487528,Poepal_call,bird,call
409,3.953197279,0.10739229,4.060589569,Unknown,Unknown,Unknown
409,3.982222222,0.031927438,4.01414966,Trotro_song,bird,song
409,4.046077098,0.040634921,4.086712018999999,Trotro_song,bird,song
409,4.127346939,0.037732426,4.1650793649999995,Trotro_song,bird,song
409,4.199909297,0.026122449,4.226031745999999,Trotro_song,bird,song
409,4.263764172,0.040634921,4.304399093,Trotro_song,bird,song
409,4.286984127,0.185759637,4.4727437640000005,Trotro_song,bird,song
409,4.324716553,0.049342404,4.374058957,Trotro_song,bird,song
409,4.408888889,0.031927438,4.440816327,Trotro_song,bird,song
409,4.446621315,0.095782313,4.542403628,Unknown,Unknown,Unknown
409,4.484353741,0.026122449,4.510476189999999,Trotro_song,bird,song
409,4.548208617,0.046439909,4.594648526,Trotro_song,bird,song
409,4.707845805,0.182857143,4.8907029479999995,Unknown,Unknown,Unknown
409,4.94585034,0.058049887,5.003900227,Unknown,Unknown,Unknown
410,0.006122449,0.034693878,0.040816327,Lularb_song,bird,song
410,0.083673469,0.030612245,0.114285714,Lularb_song,bird,song
410,0.293877551,0.036734694,0.330612245,Lularb_song,bird,song
410,0.357142857,0.044897959,0.40204081599999997,Lularb_song,bird,song
410,1.369387755,0.03877551,1.408163265,Lularb_song,bird,song
410,1.859183673,0.036734694,1.895918367,Lularb_song,bird,song
410,2.367346939,0.036734694,2.404081633,Lularb_song,bird,song
410,2.575510204,0.048979592,2.6244897959999998,Lularb_song,bird,song
410,2.740816327,0.02244898,2.763265307,Lularb_song,bird,song
410,2.791836735,0.036734694,2.828571429,Lularb_song,bird,song
410,2.948979592,0.034693878,2.9836734700000003,Lularb_song,bird,song
410,3.004081633,0.040816327,3.04489796,Lularb_song,bird,song
410,3.148979592,0.032653061,3.181632653,Lularb_song,bird,song
410,3.195918367,0.040816327,3.236734694,Lularb_song,bird,song
410,3.275510204,0.026530612,3.3020408160000003,Phofem_song,insect,song
410,3.324489796,0.057142857,3.381632653,Phofem_song,insect,song
410,3.389795918,0.063265306,3.453061224,Phofem_song,insect,song
410,3.404081633,0.044897959,3.448979592,Lularb_song,bird,song
410,3.606122449,0.079591837,3.685714286,Lularb_song,bird,song
410,3.818367347,0.048979592,3.867346939,Lularb_song,bird,song
411,0.002902494,0.130612245,0.133514739,Sylatr_song,bird,song
411,0.304761905,0.069659864,0.374421769,Sylatr_song,bird,song
411,0.438276644,0.139319728,0.577596372,Sylatr_song,bird,song
411,0.612426304,0.055147392,0.6675736959999999,Sylatr_song,bird,song
411,0.708208617,0.081269841,0.789478458,Sylatr_song,bird,song
411,1.041995465,0.069659864,1.111655329,Sylatr_song,bird,song
411,1.160997732,0.043537415,1.204535147,Sylatr_song,bird,song
411,1.271292517,0.116099773,1.38739229,Sylatr_song,bird,song
411,1.294512472,0.722721088,2.01723356,Strtur_song,bird,song
411,1.445442177,0.06675737,1.512199547,Sylatr_song,bird,song
411,2.426485261,0.426666667,2.853151928,Strtur_song,bird,song
411,3.38430839,0.830113379,4.214421769,Strtur_song,bird,song
411,4.304399093,0.08707483,4.3914739229999995,Unknown,Unknown,Unknown
411,4.580136054,0.415056689,4.995192743,Strtur_song,bird,song
412,0.0,0.177777778,0.177777778,Pasdom_call,bird,call
412,0.99047619,0.446984127,1.437460317,Chlchl_call,bird,call
412,2.377142857,0.462222222,2.839365079,Chlchl_call,bird,call
412,2.676825397,0.086349206,2.763174603,Regign_call,bird,call
412,2.839365079,0.213333333,3.052698412,Regign_call,bird,call
412,2.935873016,0.228571429,3.164444445,Pasdom_call,bird,call
412,3.641904762,0.487619048,4.12952381,Chlchl_call,bird,call
412,4.485079365,0.111746032,4.596825397,Regign_call,bird,call
412,4.713650794,0.28952381,5.003174604000001,Regign_call,bird,call
413,0.0,0.269206349,0.269206349,Galcri_call,bird,call
413,0.690793651,0.259047619,0.9498412700000001,Unknown,Unknown,Unknown
413,1.117460317,0.452063492,1.5695238089999999,Galcri_call,bird,call
413,1.95047619,0.365714286,2.316190476,Galcri_call,bird,call
413,3.062857143,0.446984127,3.50984127,Galcri_call,bird,call
413,4.525714286,0.375873016,4.901587302,Galcri_call,bird,call
414,0.0,0.203174603,0.203174603,Turphi_song,bird,song
414,0.638548753,0.221315193,0.859863946,Turphi_song,bird,song
414,1.273469388,0.239455782,1.5129251700000002,Turphi_song,bird,song
414,1.944671202,0.235827664,2.180498866,Turphi_song,bird,song
414,2.982312925,0.188662132,3.170975057,Turphi_song,bird,song
414,3.646258503,0.26122449,3.907482993,Turphi_song,bird,song
415,1.314285714,0.032653061,1.346938775,Embcir_song,bird,song
415,1.36122449,0.034693878,1.3959183679999998,Embcir_song,bird,song
415,1.416326531,0.020408163,1.4367346939999999,Embcir_song,bird,song
415,1.457142857,0.028571429,1.485714286,Embcir_song,bird,song
415,1.508163265,0.028571429,1.5367346940000002,Embcir_song,bird,song
415,1.563265306,0.02244898,1.585714286,Embcir_song,bird,song
415,1.606122449,0.026530612,1.6326530609999999,Embcir_song,bird,song
415,1.653061224,0.032653061,1.685714285,Embcir_song,bird,song
415,1.704081633,0.059183673,1.7632653059999999,Embcir_song,bird,song
415,1.785714286,0.02244898,1.808163266,Embcir_song,bird,song
415,1.832653061,0.081632653,1.914285714,Embcir_song,bird,song
416,0.052244898,0.043537415,0.09578231300000001,Sylatr_call,bird,call
416,0.211882086,0.046439909,0.25832199499999997,Sylatr_call,bird,call
416,0.452789116,0.031927438,0.484716554,Sylatr_call,bird,call
416,0.580498866,0.043537415,0.624036281,Sylatr_call,bird,call
416,0.73723356,0.049342404,0.786575964,Sylatr_call,bird,call
416,0.920090703,0.034829932,0.9549206349999999,Sylatr_call,bird,call
416,1.088435374,0.043537415,1.131972789,Sylatr_call,bird,call
416,1.219047619,0.049342404,1.2683900229999998,Sylatr_call,bird,call
416,1.320634921,0.02031746,1.340952381,Sylatr_call,bird,call
416,1.355464853,0.029024943,1.384489796,Sylatr_call,bird,call
416,1.442539683,0.037732426,1.480272109,Sylatr_call,bird,call
416,1.549931973,0.026122449,1.5760544220000001,Sylatr_call,bird,call
416,1.593469388,0.072562358,1.6660317459999998,Sylatr_call,bird,call
416,1.753106576,0.130612245,1.883718821,Unknown,Unknown,Unknown
416,1.764716553,0.023219955,1.787936508,Sylatr_call,bird,call
416,1.883718821,0.029024943,1.912743764,Sylatr_call,bird,call
416,2.011428571,0.043537415,2.054965986,Sylatr_call,bird,call
416,2.098503401,0.043537415,2.1420408159999997,Sylatr_call,bird,call
416,2.182675737,0.052244898,2.234920635,Sylatr_call,bird,call
416,2.275555556,0.040634921,2.316190477,Sylatr_call,bird,call
416,2.342312925,0.058049887,2.400362812,Sylatr_call,bird,call
416,2.530975057,0.139319728,2.670294785,Unknown,Unknown,Unknown
416,2.847346939,0.026122449,2.8734693879999997,Sylatr_call,bird,call
416,3.009886621,0.029024943,3.038911564,Sylatr_call,bird,call
416,3.18984127,0.034829932,3.224671202,Sylatr_call,bird,call
416,3.398820862,0.031927438,3.4307483,Sylatr_call,bird,call
416,3.941587302,0.031927438,3.9735147399999997,Sylatr_call,bird,call
416,4.18829932,0.046439909,4.234739229,Sylatr_call,bird,call
416,4.356643991,0.055147392,4.411791383000001,Sylatr_call,bird,call
416,4.574331066,0.026122449,4.600453515,Sylatr_call,bird,call
417,0.60952381,0.487619048,1.097142858,Chlchl_call,bird,call
417,0.706031746,0.091428571,0.797460317,Unknown,Unknown,Unknown
417,1.594920635,0.172698413,1.767619048,Pasdom_call,bird,call
417,2.27047619,0.477460317,2.7479365070000004,Chlchl_call,bird,call
417,3.393015873,0.33015873,3.723174603,Regign_call,bird,call
417,4.175238095,0.279365079,4.454603174,Pasdom_call,bird,call
417,4.403809524,0.325079365,4.728888888999999,Chlchl_call,bird,call
417,4.840634921,0.163265306,5.003900227000001,Pasdom_call,bird,call
418,0.063854875,0.101587302,0.16544217700000002,Lopcri_call,bird,call
418,0.269931973,0.055147392,0.325079365,Lopcri_call,bird,call
418,0.731428571,0.182857143,0.914285714,Lopcri_call,bird,call
418,0.985396825,0.104489796,1.089886621,Lopcri_call,bird,call
418,1.242267574,0.075464853,1.317732427,Lopcri_call,bird,call
418,1.342403628,0.092879819,1.435283447,Lopcri_call,bird,call
418,1.502040816,0.09723356,1.599274376,Lopcri_call,bird,call
418,1.737142857,0.052244898,1.7893877550000001,Lopcri_call,bird,call
419,0.121904762,0.034829932,0.156734694,Sylcan_call,bird,call
419,0.513741497,0.03047619,0.5442176870000001,Sylcan_call,bird,call
419,0.702403628,0.031927438,0.734331066,Sylcan_call,bird,call
419,2.548390023,0.026122449,2.574512472,Sylcan_call,bird,call
419,3.702131519,0.026122449,3.7282539679999998,Sylcan_call,bird,call
420,0.002902494,0.177052154,0.179954648,Cerbra_call,bird,call
420,0.673378685,0.255419501,0.928798186,Cerbra_call,bird,call
420,2.066575964,0.203174603,2.269750567,Cerbra_call,bird,call
421,0.17414966,0.156734694,0.33088435400000005,Unknown,Unknown,Unknown
421,0.446984127,0.078367347,0.525351474,Unknown,Unknown,Unknown
421,0.525351474,0.113197279,0.638548753,Unknown,Unknown,Unknown
421,0.719818594,0.200272109,0.9200907030000001,Unknown,Unknown,Unknown
422,0.004081633,0.110204082,0.114285715,Carcar_song,bird,song
422,0.2,0.179591837,0.379591837,Carcar_song,bird,song
422,0.526530612,0.212244898,0.73877551,Carcar_song,bird,song
422,0.746938776,0.12244898,0.8693877560000001,Carcar_song,bird,song
422,0.920090703,0.179954649,1.100045352,Carcar_song,bird,song
422,1.663129252,0.159183673,1.822312925,Oriori_song,bird,song
422,1.869206349,0.187755102,2.056961451,Oriori_song,bird,song
422,2.110113379,0.302040816,2.412154195,Oriori_song,bird,song
422,2.397460317,0.089977324,2.487437641,Carcar_song,bird,song
422,2.583219955,0.034829932,2.618049887,Carcar_song,bird,song
422,2.867664399,0.406349206,3.2740136050000004,Carcar_song,bird,song
422,3.84,0.049342404,3.8893424039999998,Carcar_song,bird,song
422,4.205714286,0.124807256,4.3305215420000005,Carcar_song,bird,song
423,0.0,0.066031746,0.066031746,Cisjun_song,bird,song
423,0.0,4.794920635,4.794920635,Tibtom_song,insect,song
423,0.883809524,0.116825397,1.000634921,Cisjun_song,bird,song
423,1.26984127,0.132063492,1.401904762,Pasdom_call,bird,call
423,2.265396825,0.106666667,2.3720634919999997,Cisjun_song,bird,song
423,2.458412698,0.152380952,2.61079365,Pasdom_call,bird,call
423,3.083174603,0.111746032,3.194920635,Cisjun_song,bird,song
423,3.768888889,0.137142857,3.906031746,Pasdom_call,bird,call
423,4.093968254,0.111746032,4.205714286,Cisjun_song,bird,song
424,0.484716553,0.150929705,0.635646258,Parmaj_call,bird,call
424,0.696598639,0.098684807,0.795283446,Parmaj_call,bird,call
424,0.903061224,0.116326531,1.019387755,Parmaj_call,bird,call
424,1.056507937,0.21478458,1.271292517,Strdec_song,bird,song
424,1.082630385,0.095782313,1.178412698,Parmaj_call,bird,call
424,1.451247166,0.357006803,1.808253969,Strdec_song,bird,song
425,0.0,0.142222222,0.142222222,Phycol_song,bird,song
425,0.241269841,0.226031746,0.467301587,Phycol_song,bird,song
425,0.576507937,0.215873016,0.792380953,Phycol_song,bird,song
425,0.92952381,0.218412698,1.147936508,Phycol_song,bird,song
425,1.074285714,0.058412698,1.1326984119999999,Fricoe_call,bird,call
425,1.437460317,0.096507937,1.533968254,Fricoe_call,bird,call
425,1.653333333,0.060952381,1.7142857139999998,Fricoe_call,bird,call
425,2.054603175,0.050793651,2.105396826,Fricoe_call,bird,call
425,2.544761905,0.093968254,2.638730159,Fricoe_call,bird,call
425,2.839365079,0.119365079,2.958730158,Fricoe_call,bird,call
425,4.040634921,0.058412698,4.099047618999999,Fricoe_call,bird,call
425,4.327619048,0.058412698,4.386031746,Fricoe_call,bird,call
425,4.647619048,0.063492063,4.711111111,Fricoe_call,bird,call
425,4.840634921,0.073650794,4.914285715,Phycol_call,bird,call
427,0.0,0.139319728,0.139319728,Tetpyg_song,insect,song
427,0.345396825,0.290249433,0.635646258,Tetpyg_song,insect,song
427,0.827210884,0.049342404,0.876553288,Hirrus_call,bird,call
427,0.864943311,0.246712018,1.111655329,Tetpyg_song,insect,song
427,1.30031746,0.223492063,1.523809523,Tetpyg_song,insect,song
427,1.729886621,0.26122449,1.991111111,Tetpyg_song,insect,song
427,2.188480726,0.258321995,2.446802721,Tetpyg_song,insect,song
428,0.006530612,1.214693878,1.22122449,Parate_song,bird,song
428,0.248163265,1.273469388,1.5216326530000002,Turmer_song,bird,song
428,1.534693878,2.03755102,3.572244898,Turphi_song,bird,song
428,2.422857143,1.266938776,3.689795919,Parate_song,bird,song
428,3.78122449,0.365714286,4.146938776,Turphi_song,bird,song
428,3.964081633,1.039818594,5.003900227,Cerbra_song,bird,song
428,4.27755102,0.411428571,4.688979591,Gargla_call,bird,call
428,4.382040816,0.621859411,5.003900227,Siteur_song,bird,song
429,0.002902494,0.211882086,0.21478458,Serser_call,bird,call
429,0.110294785,0.232199546,0.34249433100000004,Corcor_call,bird,call
429,0.507936508,0.208979592,0.7169161,Serser_call,bird,call
429,0.690793651,0.246712018,0.937505669,Corcor_call,bird,call
429,0.960725624,0.30185941,1.262585034,Serser_call,bird,call
429,1.90984127,0.240907029,2.150748299,Serser_call,bird,call
429,3.274013605,0.345396825,3.61941043,Serser_call,bird,call
429,4.173786848,0.5630839,4.736870747999999,Serser_call,bird,call
430,0.006530612,1.22122449,1.227755102,Jyntor_song,bird,song
430,3.422040816,0.502857143,3.924897959,Parmaj_call,bird,call
430,3.644081633,1.359818594,5.003900227,Serser_song,bird,song
433,0.005804989,0.113197279,0.119002268,Sylcan_song,bird,song
433,0.185759637,0.133514739,0.31927437599999997,Sylcan_song,bird,song
433,0.377324263,0.037732426,0.415056689,Sylcan_song,bird,song
433,0.423764172,0.040634921,0.464399093,Sylcan_song,bird,song
433,0.519546485,0.040634921,0.560181406,Sylcan_song,bird,song
433,0.595011338,0.02031746,0.615328798,Sylcan_song,bird,song
433,1.024580499,0.119002268,1.143582767,Petpet_call,bird,call
433,2.388752834,0.240907029,2.629659863,Unknown,Unknown,Unknown
433,2.760272109,0.182857143,2.9431292520000003,Unknown,Unknown,Unknown
433,3.247891156,0.148027211,3.395918367,Petpet_call,bird,call
433,3.915464853,0.168344671,4.083809524,Unknown,Unknown,Unknown
433,4.22893424,0.116099773,4.345034013,Unknown,Unknown,Unknown
433,4.495963719,0.159637188,4.655600906999999,Pasdom_call,bird,call
434,0.67047619,0.049342404,0.719818594,Musstr_call,bird,call
434,1.695056689,0.092879819,1.787936508,Musstr_call,bird,call
435,3.62521542,0.040634921,3.665850341,Sylcan_call,bird,call
435,3.857414966,0.027573696,3.884988662,Sylcan_call,bird,call
435,4.078004535,0.037732426,4.115736961,Sylcan_call,bird,call
435,4.327619048,0.02031746,4.347936508,Sylcan_call,bird,call
435,4.569977324,0.024671202,4.594648526,Sylcan_call,bird,call
435,4.883446712,0.031927438,4.91537415,Sylcan_call,bird,call
437,0.0,0.081632653,0.081632653,Pelgra_call,amphibian,call
437,0.224489796,0.195918367,0.420408163,Pelgra_call,amphibian,call
437,0.8,1.159183673,1.959183673,Ptehey_song,insect,song
437,2.151020408,0.310204082,2.4612244899999998,Ptehey_song,insect,song
438,2.230204082,0.052244898,2.2824489800000003,Regign_song,bird,song
438,2.321632653,0.078367347,2.4,Regign_song,bird,song
438,2.478367347,0.045714286,2.5240816329999998,Regign_song,bird,song
438,2.550204082,0.078367347,2.628571429,Regign_song,bird,song
438,2.674285714,0.179591837,2.8538775509999996,Regign_song,bird,song
438,2.899591837,0.068571429,2.968163266,Regign_song,bird,song
438,3.017142857,0.075102041,3.092244898,Regign_song,bird,song
438,3.118367347,0.081632653,3.2,Regign_song,bird,song
438,3.213061224,0.11755102,3.330612244,Regign_song,bird,song
438,3.356734694,0.137142857,3.493877551,Regign_song,bird,song
440,0.013061224,1.874285714,1.887346938,Prumod_song,bird,song
440,2.494693878,1.168979592,3.66367347,Parate_song,bird,song
440,3.983673469,0.515918367,4.4995918360000005,Cerbra_song,bird,song
440,4.42122449,0.293877551,4.715102041,Turmer_song,bird,song
441,0.0,0.25015873,0.25015873,Alaarv_song,bird,song
441,0.445714286,0.311111111,0.7568253970000001,Alaarv_song,bird,song
441,0.958730159,0.333968254,1.292698413,Alaarv_song,bird,song
441,1.53015873,0.317460317,1.8476190469999998,Alaarv_song,bird,song
441,2.040634921,0.300952381,2.341587302,Alaarv_song,bird,song
441,2.460952381,0.290793651,2.751746032,Alaarv_song,bird,song
441,2.537142857,0.025396825,2.562539682,Phofem_song,insect,song
441,2.581587302,0.025396825,2.606984127,Phofem_song,insect,song
441,2.857142857,0.275555556,3.132698413,Alaarv_song,bird,song
441,3.288888889,0.284444444,3.573333333,Alaarv_song,bird,song
441,3.79047619,0.269206349,4.059682539,Alaarv_song,bird,song
441,4.165079365,0.281904762,4.446984127,Alaarv_song,bird,song
441,4.604444444,0.27047619,4.874920634,Alaarv_song,bird,song
442,0.315646259,0.511564626,0.827210885,Erirub_song,bird,song
442,0.874376417,0.341043084,1.215419501,Erirub_song,bird,song
442,1.037641723,0.391836735,1.429478458,Corcor_call,bird,call
442,1.382312925,0.533333333,1.9156462579999998,Erirub_song,bird,song
442,1.915646259,0.819954649,2.7356009080000003,Erirub_song,bird,song
442,2.866213152,0.224943311,3.091156463,Erirub_song,bird,song
442,3.178231293,0.126984127,3.30521542,Erirub_song,bird,song
442,3.301587302,0.57324263,3.874829932,Erirub_song,bird,song
442,4.596825397,0.185034014,4.781859411,Pyrpyr_call,bird,call
442,4.894331066,0.047165533,4.941496599000001,Unknown,Unknown,Unknown
443,0.110204082,0.16122449,0.271428572,Parmaj_call,bird,call
443,0.375510204,0.262244898,0.6377551020000001,Parmaj_call,bird,call
443,1.162244898,0.068412698,1.230657596,Unknown,Unknown,Unknown
444,0.329433107,0.023219955,0.352653062,Sylcan_call,bird,call
444,0.83446712,0.03047619,0.86494331,Sylcan_call,bird,call
444,1.043446712,0.03047619,1.0739229019999998,Sylcan_call,bird,call
444,1.274195011,0.027573696,1.301768707,Sylcan_call,bird,call
444,1.522358277,0.03047619,1.5528344669999998,Sylcan_call,bird,call
444,1.864852608,0.029024943,1.893877551,Sylcan_call,bird,call
444,2.229115646,0.026122449,2.2552380949999997,Sylcan_call,bird,call
444,2.795102041,0.029024943,2.824126984,Sylcan_call,bird,call
444,3.41478458,0.024671202,3.439455782,Sylcan_call,bird,call
444,3.642630385,0.03047619,3.673106575,Sylcan_call,bird,call
444,3.851609977,0.026122449,3.8777324259999997,Sylcan_call,bird,call
444,4.079455782,0.042086168,4.12154195,Sylcan_call,bird,call
444,4.339229025,0.021768707,4.3609977319999995,Sylcan_call,bird,call
444,4.607709751,0.034829932,4.642539683,Sylcan_call,bird,call
445,0.0,0.037732426,0.037732426,Fricoe_call,bird,call
446,0.659183673,0.030612245,0.6897959180000001,Phofem_song,insect,song
446,0.710204082,0.030612245,0.740816327,Phofem_song,insect,song
447,0.139319728,0.322176871,0.46149659899999995,Loxcur_call,bird,call
447,0.862040816,1.54122449,2.403265306,Loxcur_call,bird,call
447,1.127619048,0.922993197,2.050612245,Denmaj_drum,bird,drum
447,2.546938776,0.539863946,3.0868027220000003,Loxcur_call,bird,call
447,2.586122449,0.195918367,2.782040816,Siteur_song,bird,song
447,3.165170068,0.383129252,3.54829932,Siteur_song,bird,song
447,3.765986395,0.309115646,4.075102041,Siteur_song,bird,song
447,3.944489796,0.082721088,4.0272108840000005,Poepal_call,bird,call
447,4.122993197,0.152380952,4.275374149,Poepal_call,bird,call
447,4.340680272,0.365714286,4.706394558,Siteur_song,bird,song
447,4.471292517,0.222040816,4.693333333,Poepal_call,bird,call
447,4.797823129,0.056598639,4.854421768,Poepal_call,bird,call
448,4.096870748,0.054421769,4.151292517,Carcan_song,bird,song
448,4.205714286,0.078367347,4.2840816330000004,Carcan_song,bird,song
448,4.321088435,0.074013605,4.39510204,Carcan_song,bird,song
448,4.486530612,0.054421769,4.540952381,Carcan_song,bird,song
448,4.577959184,0.111020408,4.688979592,Carcan_song,bird,song
448,4.749931973,0.076190476,4.826122449,Carcan_song,bird,song
449,1.702312925,0.14585034,1.848163265,Regign_call,bird,call
449,1.80244898,0.047891156,1.850340136,Anttri_song,bird,song
449,1.928707483,0.080544218,2.009251701,Regign_call,bird,call
449,2.017959184,0.08707483,2.105034014,Anttri_song,bird,song
449,2.050612245,0.067482993,2.118095238,Regign_call,bird,call
449,2.172517007,0.193741497,2.366258504,Regign_call,bird,call
449,2.259591837,0.100136054,2.359727891,Anttri_song,bird,song
449,2.396734694,0.089251701,2.485986395,Anttri_song,bird,song
449,2.435918367,0.089251701,2.525170068,Regign_call,bird,call
449,2.540408163,0.054421769,2.594829932,Anttri_song,bird,song
449,2.557823129,0.100136054,2.657959183,Regign_call,bird,call
449,2.684081633,0.060952381,2.745034014,Anttri_song,bird,song
449,2.82122449,0.041360544,2.8625850340000003,Anttri_song,bird,song
449,3.256598639,0.082721088,3.339319727,Anttri_song,bird,song
449,3.472108844,0.126258503,3.598367347,Anttri_song,bird,song
449,3.78122449,0.171972789,3.953197279,Anttri_song,bird,song
449,4.120816327,0.211156463,4.33197279,Anttri_song,bird,song
449,4.521360544,0.222040816,4.74340136,Anttri_song,bird,song
449,4.780408163,0.05877551,4.839183673,Anttri_song,bird,song
449,4.900136054,0.078367347,4.978503401,Anttri_song,bird,song
450,0.008707483,0.067482993,0.07619047600000001,Unknown,Unknown,Unknown
450,0.222040816,0.080544218,0.30258503400000003,Unknown,Unknown,Unknown
450,0.394739229,0.040634921,0.43537415,Embcir_call,bird,call
450,0.67047619,0.067482993,0.7379591830000001,Unknown,Unknown,Unknown
450,0.847528345,0.040634921,0.888163266,Embcir_call,bird,call
450,0.940408163,0.052244898,0.992653061,Parmaj_song,bird,song
450,1.16462585,0.067482993,1.232108843,Parmaj_song,bird,song
450,1.468662132,0.043537415,1.512199547,Embcir_call,bird,call
450,1.822040816,0.065306122,1.8873469379999999,Parmaj_song,bird,song
451,0.171247166,0.040634921,0.211882087,Sylatr_call,bird,call
451,0.316371882,0.034829932,0.351201814,Sylatr_call,bird,call
451,0.43537415,0.029024943,0.46439909300000004,Sylatr_call,bird,call
451,0.676281179,0.029024943,0.705306122,Sylatr_call,bird,call
451,0.80399093,0.040634921,0.844625851,Sylatr_call,bird,call
451,1.010068027,0.043537415,1.053605442,Sylatr_call,bird,call
451,1.4338322,0.034829932,1.468662132,Sylatr_call,bird,call
451,1.544126984,0.040634921,1.5847619050000001,Sylatr_call,bird,call
451,1.677641723,0.031927438,1.7095691610000001,Sylatr_call,bird,call
451,1.82276644,0.040634921,1.8634013610000002,Sylatr_call,bird,call
451,1.967891156,0.031927438,1.9998185940000002,Sylatr_call,bird,call
451,2.098503401,0.029024943,2.127528344,Sylatr_call,bird,call
451,2.263945578,0.029024943,2.292970521,Sylatr_call,bird,call
451,2.438095238,0.037732426,2.4758276639999997,Sylatr_call,bird,call
451,2.609342404,0.040634921,2.649977325,Sylatr_call,bird,call
451,2.827029478,0.029024943,2.856054421,Sylatr_call,bird,call
451,3.004081633,0.034829932,3.0389115650000003,Sylatr_call,bird,call
451,3.146303855,0.040634921,3.1869387760000003,Sylatr_call,bird,call
451,3.320453515,0.034829932,3.355283447,Sylatr_call,bird,call
451,3.474285714,0.031927438,3.506213152,Sylatr_call,bird,call
451,3.616507937,0.029024943,3.64553288,Sylatr_call,bird,call
451,3.761632653,0.029024943,3.790657596,Sylatr_call,bird,call
451,3.90675737,0.023219955,3.929977325,Sylatr_call,bird,call
451,4.063492063,0.029024943,4.092517006,Sylatr_call,bird,call
451,4.214421769,0.034829932,4.249251701,Sylatr_call,bird,call
451,4.330521542,0.046439909,4.376961451,Sylatr_call,bird,call
451,4.466938776,0.075464853,4.542403629,Sylatr_call,bird,call
451,4.661405896,0.037732426,4.699138322,Sylatr_call,bird,call
452,0.477460317,0.154920635,0.632380952,Lusmeg_call,bird,call
452,1.546666667,0.157460317,1.704126984,Lusmeg_call,bird,call
452,2.587936508,0.16,2.747936508,Cetcet_song,bird,song
452,2.968888889,0.124444444,3.093333333,Lusmeg_call,bird,call
452,3.215238095,0.111746032,3.3269841270000002,Cetcet_song,bird,song
452,3.446349206,0.236190476,3.682539682,Cetcet_song,bird,song
452,3.939047619,0.172698413,4.111746032,Cetcet_song,bird,song
452,4.19047619,0.073650794,4.264126984,Cetcet_song,bird,song
452,4.429206349,0.111746032,4.540952381,Lusmeg_call,bird,call
452,4.739047619,0.038095238,4.777142857,Cetcet_song,bird,song
452,4.83047619,0.106666667,4.9371428569999996,Cetcet_song,bird,song
455,0.006530612,0.222040816,0.228571428,Sylund_call,bird,call
455,0.284444444,0.072562358,0.357006802,Sylund_call,bird,call
455,0.383129252,0.040634921,0.42376417299999997,Sylund_call,bird,call
455,2.017959184,0.267755102,2.285714286,Sylund_call,bird,call
455,2.324897959,0.104489796,2.429387755,Sylund_call,bird,call
455,4.016326531,0.346122449,4.36244898,Sylund_call,bird,call
455,4.464036281,0.037732426,4.501768707,Sylund_call,bird,call
455,4.59755102,0.023219955,4.620770975,Sylund_call,bird,call
455,4.704943311,0.031927438,4.736870749,Sylund_call,bird,call
455,4.841360544,0.040634921,4.881995464999999,Sylund_call,bird,call
456,0.017414966,0.089977324,0.10739229,Parmaj_call,bird,call
456,1.233560091,0.095782313,1.329342404,Lusmeg_song,bird,song
456,1.413514739,0.10739229,1.520907029,Lusmeg_song,bird,song
456,1.607981859,0.429569161,2.03755102,Strdec_song,bird,song
456,1.651519274,0.124807256,1.77632653,Lusmeg_song,bird,song
456,2.142040816,0.426666667,2.5687074830000003,Strdec_song,bird,song
456,2.333605442,0.238004535,2.571609977,Lusmeg_song,bird,song
457,0.0,1.175510204,1.175510204,Ptehey_song,insect,song
458,0.0,2.577414966,2.577414966,Cicorn_song,insect,song
458,1.367346939,0.173469388,1.540816327,Oriori_song,bird,song
458,1.646938776,0.185714286,1.832653062,Oriori_song,bird,song
459,0.004353741,0.165442177,0.169795918,Cerbra_song,bird,song
459,2.033197279,0.037006803,2.070204082,Parate_song,bird,song
459,2.089795918,0.124081633,2.213877551,Parate_song,bird,song
459,2.303129252,0.195918367,2.499047619,Parate_song,bird,song
459,2.573061224,0.11755102,2.690612244,Parate_song,bird,song
459,2.786394558,0.441904762,3.22829932,Parate_song,bird,song
459,3.284897959,0.215510204,3.500408163,Parate_song,bird,song
459,3.504761905,0.065306122,3.570068027,Parate_song,bird,song
459,3.561360544,0.176326531,3.7376870749999997,Parate_song,bird,song
459,3.813877551,0.254693878,4.068571429,Parate_song,bird,song
459,4.051156463,0.054421769,4.105578232,Parate_song,bird,song
459,4.114285714,0.195918367,4.310204081,Parate_song,bird,song
460,0.009795918,0.062040816,0.071836734,Aegcau_call,bird,call
460,0.963265306,0.075102041,1.038367347,Aegcau_call,bird,call
461,0.052244898,4.951655329,5.003900227,Unknown,Unknown,Unknown
461,0.104489796,0.626938776,0.731428572,Turmer_song,bird,song
461,1.515102041,0.548571429,2.06367347,Turmer_song,bird,song
461,3.252244898,0.248163265,3.500408163,Parate_call,bird,call
461,4.329795918,0.228571429,4.558367347,Parate_call,bird,call
461,4.401632653,0.602267574,5.003900227,Denmaj_drum,bird,drum
461,4.865306122,0.138594105,5.003900227,Parate_call,bird,call
462,0.0,0.101587302,0.101587302,Lusmeg_song,bird,song
462,0.198095238,0.071111111,0.269206349,Lusmeg_song,bird,song
462,0.444444444,0.040634921,0.485079365,Lusmeg_song,bird,song
462,0.525714286,0.081269841,0.606984127,Lusmeg_song,bird,song
462,0.645079365,0.078730159,0.723809524,Lusmeg_song,bird,song
462,0.782222222,0.076190476,0.858412698,Lusmeg_song,bird,song
462,0.919365079,0.076190476,0.9955555549999999,Lusmeg_song,bird,song
462,1.046349206,0.068571429,1.1149206349999998,Lusmeg_song,bird,song
462,1.142857143,0.114285714,1.257142857,Lusmeg_song,bird,song
462,1.31047619,0.116825397,1.4273015869999999,Lusmeg_song,bird,song
462,3.758730159,0.175238095,3.9339682540000003,Cetcet_song,bird,song
462,4.477460317,0.18031746,4.657777777000001,Cetcet_song,bird,song
462,4.713650794,0.083809524,4.797460318000001,Cetcet_song,bird,song
462,4.827936508,0.16,4.987936508,Cetcet_song,bird,song
464,0.05877551,0.37877551,0.43755102,Serser_song,bird,song
464,0.515918367,0.20244898,0.718367347,Embcir_call,bird,call
464,0.835918367,0.280816327,1.116734694,Serser_song,bird,song
464,1.188571429,0.104489796,1.293061225,Embcir_call,bird,call
464,1.39755102,0.11755102,1.5151020400000001,Serser_song,bird,song
464,1.71755102,0.091428571,1.808979591,Serser_song,bird,song
464,2.12244898,0.150204082,2.2726530620000003,Embcir_call,bird,call
464,4.114285714,0.163265306,4.277551020000001,Embcir_call,bird,call
464,4.767346939,0.143673469,4.911020408000001,Embcir_call,bird,call
465,0.027936508,1.414603175,1.4425396830000001,Siteur_song,bird,song
465,0.098684807,0.238004535,0.336689342,Parate_song,bird,song
465,0.423764172,0.121904762,0.545668934,Parate_song,bird,song
465,1.097142857,0.182857143,1.2799999999999998,Unknown,Unknown,Unknown
465,1.668571429,0.134603175,1.803174604,Anttri_song,bird,song
465,1.737142857,1.325714286,3.062857143,Unknown,Unknown,Unknown
465,1.897142857,0.126984127,2.024126984,Anttri_song,bird,song
465,3.583492063,0.165079365,3.748571428,Anttri_song,bird,song
465,3.751111111,0.099047619,3.85015873,Parate_song,bird,song
465,3.817142857,0.142222222,3.959365079,Anttri_song,bird,song
465,3.956825397,0.271746032,4.228571429,Parate_song,bird,song
465,4.093968254,0.14984127,4.2438095239999996,Anttri_song,bird,song
465,4.259047619,0.109206349,4.368253968,Parate_song,bird,song
465,4.452063492,0.205714286,4.657777778,Parate_song,bird,song
465,4.76952381,0.099047619,4.868571429,Parate_song,bird,song
465,4.975238095,0.028662132,5.003900227,Parate_song,bird,song
466,0.0,1.038367347,1.038367347,Unknown,Unknown,Unknown
466,1.613061224,0.992653061,2.605714285,Unknown,Unknown,Unknown
466,2.736326531,0.933877551,3.670204082,Turmer_song,bird,song
466,3.833469388,0.894693878,4.728163266,Gargla_call,bird,call
467,0.866394558,0.074013605,0.940408163,Parcae_call,bird,call
467,0.99845805,0.031927438,1.030385488,Parcae_call,bird,call
467,1.107301587,0.024671202,1.131972789,Parcae_call,bird,call
467,1.243718821,0.03047619,1.274195011,Parcae_call,bird,call
467,1.445442177,0.047891156,1.493333333,Parcae_call,bird,call
467,1.645714286,0.091428571,1.737142857,Sylatr_song,bird,song
467,1.652970522,0.047891156,1.7008616779999999,Parcae_call,bird,call
467,1.803900227,0.056598639,1.860498866,Parcae_call,bird,call
467,1.809705215,0.253968254,2.063673469,Sylatr_song,bird,song
467,2.130430839,0.085623583,2.216054422,Sylatr_song,bird,song
467,2.220408163,0.139319728,2.359727891,Sylatr_song,bird,song
467,2.401814059,0.0769161,2.478730159,Sylatr_song,bird,song
467,2.47292517,0.148027211,2.620952381,Sylatr_song,bird,song
467,2.674648526,0.152380952,2.827029478,Sylatr_song,bird,song
467,2.850249433,0.034829932,2.885079365,Phofem_song,insect,song
467,2.864761905,0.042086168,2.906848073,Sylatr_song,bird,song
467,2.902494331,0.069659864,2.9721541950000003,Phofem_song,insect,song
467,2.961995465,0.103038549,3.065034014,Sylatr_song,bird,song
467,3.094058957,0.148027211,3.242086168,Sylatr_song,bird,song
468,0.845714286,0.199183673,1.044897959,Turphi_song,bird,song
468,1.00244898,0.179591837,1.182040817,Turphi_song,bird,song
468,1.084081633,0.097959184,1.182040817,Prumod_song,bird,song
468,1.182040816,0.146938776,1.328979592,Prumod_song,bird,song
468,1.319183673,0.26122449,1.580408163,Prumod_song,bird,song
468,1.511836735,0.290612245,1.8024489799999999,Turphi_song,bird,song
468,1.570612245,0.346122449,1.916734694,Prumod_song,bird,song
468,1.926530612,0.130612245,2.057142857,Prumod_song,bird,song
468,2.073469388,0.111020408,2.184489796,Prumod_song,bird,song
468,2.13877551,0.287346939,2.4261224489999997,Turphi_song,bird,song
468,2.429387755,0.336326531,2.765714286,Prumod_song,bird,song
468,2.801632653,0.300408163,3.102040816,Turphi_song,bird,song
468,2.968163265,0.267755102,3.235918367,Prumod_song,bird,song
468,3.209795918,0.267755102,3.4775510200000004,Prumod_song,bird,song
468,3.467755102,0.323265306,3.791020408,Turphi_song,bird,song
468,3.552653061,0.130612245,3.683265306,Prumod_song,bird,song
468,3.715918367,0.267755102,3.983673469,Prumod_song,bird,song
468,4.414693878,0.326530612,4.74122449,Turphi_song,bird,song
469,0.035555556,0.431746032,0.467301588,Plaaff_song,insect,song
469,0.680634921,0.162539683,0.843174604,Plaaff_song,insect,song
469,1.188571429,2.443174603,3.631746032,Plaaff_song,insect,song
469,3.763809524,1.240090703,5.003900227,Plaaff_song,insect,song
469,4.403809524,0.472380952,4.876190476,Galcri_call,bird,call
470,0.638548753,0.116099773,0.754648526,Lusmeg_call,bird,call
470,0.774965986,0.113197279,0.888163265,Embcir_call,bird,call
470,2.028843537,0.10739229,2.136235827,Embcir_call,bird,call
470,3.323356009,0.104489796,3.427845805,Lusmeg_call,bird,call
472,0.0,0.130612245,0.130612245,Cetcet_song,bird,song
472,0.259183673,0.287755102,0.546938775,Cetcet_song,bird,song
472,0.648979592,0.067346939,0.716326531,Cetcet_song,bird,song
472,0.742857143,0.089795918,0.832653061,Cetcet_song,bird,song
472,0.885714286,0.216326531,1.102040817,Cetcet_song,bird,song
472,1.130612245,0.375510204,1.506122449,Cetcet_song,bird,song
472,1.512244898,0.487755102,2.0,Cetcet_song,bird,song
472,1.873469388,0.051020408,1.924489796,Oriori_song,bird,song
472,2.053061224,0.263265306,2.31632653,Oriori_song,bird,song
472,2.330612245,0.108163265,2.43877551,Oriori_song,bird,song
472,2.481632653,0.112244898,2.5938775510000003,Oriori_song,bird,song
473,0.063854875,0.191564626,0.255419501,Unknown,Unknown,Unknown
473,0.745941043,0.078367347,0.82430839,Unknown,Unknown,Unknown
473,0.91138322,0.1538322,1.0652154200000001,Unknown,Unknown,Unknown
473,1.227755102,0.058049887,1.2858049889999998,Sylatr_call,bird,call
473,1.912743764,0.063854875,1.976598639,Sylatr_call,bird,call
473,3.996734694,0.055147392,4.051882086,Parcae_call,bird,call
473,4.18829932,0.10739229,4.2956916099999995,Parcae_call,bird,call
473,4.391473923,0.139319728,4.530793651000001,Parcae_call,bird,call
473,4.583038549,0.098684807,4.681723356,Parcae_call,bird,call
473,4.736870748,0.148027211,4.884897959,Parcae_call,bird,call
473,4.90521542,0.098684807,5.003900227,Parcae_call,bird,call
474,0.0,0.045714286,0.045714286,Galthe_song,bird,song
474,0.111020408,0.063129252,0.17414965999999998,Galthe_song,bird,song
474,0.191564626,0.084897959,0.276462585,Galthe_song,bird,song
474,0.333061224,0.043537415,0.376598639,Galthe_song,bird,song
474,0.359183673,0.139319728,0.498503401,Galthe_song,bird,song
474,0.537687075,0.056598639,0.594285714,Galthe_song,bird,song
474,0.722721088,0.074013605,0.796734693,Galthe_song,bird,song
474,0.829387755,0.241632653,1.0710204079999999,Galthe_song,bird,song
474,1.131972789,0.139319728,1.271292517,Galthe_song,bird,song
474,1.290884354,0.152380952,1.4432653059999998,Galthe_song,bird,song
474,1.567346939,0.05877551,1.6261224490000001,Galthe_song,bird,song
474,1.724081633,0.045714286,1.7697959189999999,Galthe_song,bird,song
474,1.780680272,0.191564626,1.9722448979999998,Galthe_song,bird,song
474,1.917823129,0.11755102,2.035374149,Galthe_song,bird,song
474,2.176870748,0.134965986,2.311836734,Galthe_song,bird,song
474,2.274829932,0.245986395,2.520816327,Galthe_song,bird,song
474,2.673197279,0.250340136,2.923537415,Galthe_song,bird,song
474,3.038911565,0.128435374,3.1673469389999998,Galthe_song,bird,song
474,3.28707483,0.111020408,3.398095238,Galthe_song,bird,song
474,3.443809524,0.11755102,3.5613605440000002,Galthe_song,bird,song
474,3.615782313,0.113197279,3.728979592,Galthe_song,bird,song
474,3.787755102,0.091428571,3.879183673,Galthe_song,bird,song
474,3.98585034,0.063129252,4.048979592,Galthe_song,bird,song
474,4.140408163,0.311292517,4.45170068,Galthe_song,bird,song
474,4.584489796,0.050068027,4.634557823,Galthe_song,bird,song
474,4.725986395,0.043537415,4.76952381,Galthe_song,bird,song
474,4.82829932,0.054421769,4.882721089,Galthe_song,bird,song
474,4.897959184,0.105941043,5.003900227,Galthe_song,bird,song
475,0.0,0.314920635,0.314920635,Turmer_call,bird,call
475,0.076190476,1.026031746,1.102222222,Prumod_song,bird,song
475,1.031111111,0.665396825,1.696507936,Turmer_call,bird,call
475,1.874285714,0.416507937,2.290793651,Turmer_call,bird,call
475,2.84952381,0.091428571,2.940952381,Erirub_call,bird,call
475,2.961269841,1.29015873,4.251428571,Prumod_song,bird,song
475,3.073015873,0.106666667,3.17968254,Erirub_call,bird,call
475,3.311746032,0.116825397,3.428571429,Erirub_call,bird,call
475,3.387936508,0.411428571,3.799365079,Turmer_call,bird,call
475,4.535873016,0.101587302,4.6374603180000005,Erirub_call,bird,call
476,0.0,0.040634921,0.040634921,Motcin_call,bird,call
476,0.0,3.900952381,3.900952381,Lyrple_song,insect,song
476,0.0,3.900952381,3.900952381,Cicorn_song,insect,song
476,0.08,0.04952381,0.12952381000000002,Motcin_call,bird,call
476,1.267301587,0.057142857,1.324444444,Motcin_call,bird,call
476,1.347301587,0.05968254,1.406984127,Motcin_call,bird,call
478,0.002902494,0.121904762,0.124807256,Picpic_call,bird,call
478,0.394739229,0.258321995,0.653061224,Cerbra_call,bird,call
478,0.539863946,0.394739229,0.934603175,Picpic_call,bird,call
478,0.772063492,0.159637188,0.9317006800000001,Cerbra_call,bird,call
478,1.248072562,0.177052154,1.425124716,Cerbra_call,bird,call
478,1.724081633,0.098684807,1.8227664399999999,Picpic_call,bird,call
478,3.160816327,0.072562358,3.233378685,Picpic_call,bird,call
479,0.211882086,0.092879819,0.304761905,Unknown,Unknown,Unknown
479,0.290249433,0.06675737,0.357006803,Loxcur_call,bird,call
479,0.380226757,0.060952381,0.441179138,Unknown,Unknown,Unknown
479,0.711111111,0.101587302,0.812698413,Loxcur_call,bird,call
479,0.918367347,0.032653061,0.951020408,Denmaj_drum,bird,drum
479,0.99845805,0.055147392,1.053605442,Denmaj_drum,bird,drum
479,1.007142857,0.032653061,1.039795918,Loxcur_call,bird,call
479,1.078571429,0.023469388,1.102040817,Denmaj_drum,bird,drum
479,1.142857143,0.024489796,1.167346939,Denmaj_drum,bird,drum
479,1.206122449,0.020408163,1.226530612,Denmaj_drum,bird,drum
479,1.263265306,0.026530612,1.289795918,Denmaj_drum,bird,drum
479,1.282902494,0.089977324,1.372879818,Poepal_call,bird,call
479,1.31122449,0.023469388,1.3346938780000002,Denmaj_drum,bird,drum
479,1.366326531,0.023469388,1.389795919,Denmaj_drum,bird,drum
479,1.396099773,0.06675737,1.462857143,Poepal_call,bird,call
479,1.412244898,0.020408163,1.432653061,Denmaj_drum,bird,drum
479,1.453061224,0.024489796,1.47755102,Denmaj_drum,bird,drum
479,1.488979592,0.232199546,1.7211791379999999,Unknown,Unknown,Unknown
479,1.491882086,0.063854875,1.555736961,Poepal_call,bird,call
479,1.493877551,0.025510204,1.519387755,Denmaj_drum,bird,drum
479,1.541836735,0.021428571,1.563265306,Denmaj_drum,bird,drum
479,1.583673469,0.024489796,1.608163265,Denmaj_drum,bird,drum
479,1.584761905,0.072562358,1.657324263,Poepal_call,bird,call
479,1.674739229,0.063854875,1.7385941040000001,Loxcur_call,bird,call
479,1.773424036,0.063854875,1.837278911,Loxcur_call,bird,call
479,2.75446712,0.089977324,2.844444444,Loxcur_call,bird,call
479,3.079546485,0.052244898,3.131791383,Loxcur_call,bird,call
479,3.163265306,0.044897959,3.208163265,Poepal_call,bird,call
479,3.218866213,0.081269841,3.300136054,Loxcur_call,bird,call
479,3.262403628,0.084172336,3.346575964,Poepal_call,bird,call
479,3.352380952,0.043537415,3.3959183669999997,Poepal_call,bird,call
479,3.445260771,0.060952381,3.506213152,Loxcur_call,bird,call
479,3.642630385,0.060952381,3.703582766,Poepal_call,bird,call
479,3.810975057,0.049342404,3.8603174609999997,Loxcur_call,bird,call
479,3.970612245,0.043537415,4.01414966,Poepal_call,bird,call
479,4.307301587,0.104489796,4.411791383000001,Loxcur_call,bird,call
479,4.539501134,0.08707483,4.626575964,Loxcur_call,bird,call
479,4.707845805,0.272834467,4.980680272,Unknown,Unknown,Unknown
480,0.006530612,2.383673469,2.3902040810000003,Jyntor_song,bird,song
480,0.248163265,0.646530612,0.8946938769999999,Serser_song,bird,song
480,2.03755102,1.6,3.63755102,Serser_song,bird,song
480,3.95755102,0.332335601,4.289886621,Serser_song,bird,song
481,0.0,0.045714286,0.045714286,Siteur_song,bird,song
481,0.297142857,0.097959184,0.395102041,Siteur_song,bird,song
481,0.636734694,0.11755102,0.7542857140000001,Siteur_song,bird,song
481,1.00244898,0.124081633,1.1265306130000001,Siteur_song,bird,song
481,1.923265306,0.192653061,2.115918367,Lopcri_call,bird,call
481,2.253061224,0.329795918,2.582857142,Lopcri_call,bird,call
481,2.765714286,0.140408163,2.906122449,Lopcri_call,bird,call
481,2.955102041,0.375510204,3.330612245,Lopcri_call,bird,call
481,3.539591837,0.16,3.6995918370000003,Lopcri_call,bird,call
481,3.768163265,0.313469388,4.081632653,Lopcri_call,bird,call
482,0.004353741,0.080544218,0.084897959,Galthe_song,bird,song
482,0.169795918,0.037006803,0.206802721,Galthe_song,bird,song
482,0.217687075,0.452789116,0.670476191,Galthe_song,bird,song
482,2.947482993,0.14585034,3.093333333,Galthe_song,bird,song
482,3.189115646,0.065306122,3.254421768,Galthe_song,bird,song
482,3.391564626,0.163265306,3.554829932,Galthe_song,bird,song
482,3.676734694,0.108843537,3.7855782309999997,Galthe_song,bird,song
483,0.0,0.078367347,0.078367347,Carcar_call,bird,call
483,0.476734694,0.052244898,0.528979592,Carcar_call,bird,call
483,0.692244898,0.080544218,0.772789116,Carcar_call,bird,call
483,0.833741497,0.084897959,0.918639456,Carcar_call,bird,call
483,1.158095238,0.069659864,1.227755102,Carcar_call,bird,call
483,1.560816327,0.056598639,1.617414966,Carcar_call,bird,call
483,1.639183673,0.089251701,1.728435374,Carcar_call,bird,call
483,2.233469388,0.041360544,2.2748299320000003,Carcar_call,bird,call
483,2.311836735,0.071836735,2.38367347,Carcar_call,bird,call
484,0.050793651,0.690793651,0.741587302,Turmer_call,bird,call
484,1.000634921,0.802539683,1.803174604,Prumod_song,bird,song
484,2.458412698,0.055873016,2.514285714,Erirub_call,bird,call
484,2.661587302,0.101587302,2.763174604,Erirub_call,bird,call
484,2.783492063,0.076190476,2.859682539,Erirub_call,bird,call
484,3.692698413,1.107301587,4.8,Prumod_song,bird,song
484,4.165079365,0.726349206,4.8914285710000005,Turmer_call,bird,call
485,0.134603175,0.152380952,0.286984127,Fricoe_call,bird,call
485,0.45968254,0.16,0.61968254,Phycol_song,bird,song
485,0.787301587,0.210793651,0.998095238,Phycol_song,bird,song
485,1.102222222,0.200634921,1.302857143,Phycol_song,bird,song
485,1.45015873,0.261587302,1.7117460320000002,Phycol_song,bird,song
485,1.800634921,0.198095238,1.9987301590000002,Phycol_song,bird,song
485,2.130793651,0.251428571,2.382222222,Phycol_song,bird,song
485,2.499047619,0.177777778,2.676825397,Phycol_song,bird,song
485,2.70984127,0.093968254,2.803809524,Anttri_song,bird,song
485,2.867301587,0.175238095,3.042539682,Phycol_song,bird,song
485,3.07047619,0.157460317,3.227936507,Anttri_song,bird,song
485,3.299047619,0.152380952,3.451428571,Anttri_song,bird,song
485,3.563174603,0.099047619,3.662222222,Anttri_song,bird,song
485,3.923809524,0.099047619,4.022857143,Anttri_song,bird,song
485,4.281904762,0.043174603,4.325079365,Anttri_song,bird,song
485,4.406349206,0.581587302,4.987936508,Unknown,Unknown,Unknown
487,0.0,0.546938776,0.546938776,Ptehey_song,insect,song
487,2.187755102,0.331609977,2.519365079,Ptehey_song,insect,song
488,0.161632653,0.035918367,0.19755102,Sylund_song,bird,song
488,0.253061224,0.055510204,0.308571428,Sylund_song,bird,song
488,0.346122449,0.052244898,0.398367347,Sylund_song,bird,song
488,0.422857143,0.026122449,0.448979592,Sylund_song,bird,song
488,0.476734694,0.048979592,0.525714286,Sylund_song,bird,song
488,0.566530612,0.048979592,0.615510204,Sylund_song,bird,song
488,0.630204082,0.039183673,0.669387755,Sylund_song,bird,song
488,0.685714286,0.066938776,0.7526530619999999,Sylund_song,bird,song
488,0.759183673,0.029387755,0.788571428,Sylund_song,bird,song
488,0.829387755,0.024489796,0.853877551,Sylund_song,bird,song
488,0.883265306,0.027755102,0.911020408,Sylund_song,bird,song
488,0.911020408,0.031020408,0.942040816,Sylund_song,bird,song
488,0.971428571,0.096326531,1.067755102,Sylund_song,bird,song
488,1.103673469,0.032653061,1.13632653,Sylund_song,bird,song
488,1.154285714,0.047346939,1.201632653,Sylund_song,bird,song
488,1.25877551,0.027755102,1.286530612,Sylund_song,bird,song
488,1.307755102,0.055510204,1.363265306,Sylund_song,bird,song
488,1.430204082,0.055510204,1.4857142859999999,Sylund_song,bird,song
488,1.484081633,0.073469388,1.5575510209999999,Sylund_song,bird,song
488,1.567346939,0.163265306,1.730612245,Sylund_song,bird,song
488,1.766530612,0.045714286,1.8122448979999999,Sylund_song,bird,song
488,1.880816327,0.048979592,1.929795919,Sylund_song,bird,song
488,1.95755102,0.053877551,2.0114285709999997,Sylund_song,bird,song
488,2.019591837,0.04244898,2.062040817,Sylund_song,bird,song
488,2.104489796,0.03755102,2.142040816,Sylund_song,bird,song
488,2.169795918,0.048979592,2.21877551,Sylund_song,bird,song
488,2.254693878,0.031020408,2.2857142859999997,Sylund_song,bird,song
488,2.316734694,0.053877551,2.370612245,Sylund_song,bird,song
489,0.0,0.063265306,0.063265306,Fricoe_song,bird,song
489,0.12244898,0.07755102,0.2,Fricoe_song,bird,song
489,0.248979592,0.07755102,0.326530612,Fricoe_song,bird,song
489,0.383673469,0.102040816,0.485714285,Fricoe_song,bird,song
489,0.514285714,0.787755102,1.3020408159999999,Fricoe_song,bird,song
489,0.765306122,0.093877551,0.859183673,Parcae_call,bird,call
489,0.948979592,0.118367347,1.067346939,Parcae_call,bird,call
489,1.159183673,0.116326531,1.275510204,Parcae_call,bird,call
489,1.348979592,0.053061224,1.402040816,Fricoe_song,bird,song
489,1.391836735,0.306122449,1.6979591840000001,Fricoe_song,bird,song
489,1.844897959,0.079591837,1.924489796,Parcae_call,bird,call
489,2.030612245,0.114285714,2.144897959,Parcae_call,bird,call
489,2.308163265,0.073469388,2.381632653,Parcae_call,bird,call
489,2.714285714,0.12244898,2.836734694,Parcae_call,bird,call
491,0.532244898,0.05877551,0.591020408,Parate_call,bird,call
491,0.662857143,0.143673469,0.806530612,Parate_call,bird,call
491,1.247346939,0.068571429,1.315918368,Pyrpyr_call,bird,call
491,1.567346939,0.052244898,1.6195918370000002,Parate_call,bird,call
491,2.906122449,0.114285714,3.0204081630000004,Siteur_song,bird,song
491,3.102040816,0.120816327,3.222857143,Siteur_song,bird,song
491,4.447346939,0.169795918,4.617142857,Parate_call,bird,call
491,4.734693878,0.104489796,4.839183674,Parate_call,bird,call
493,0.019591837,0.052244898,0.071836735,Sylund_song,bird,song
493,0.137142857,0.275918367,0.413061224,Sylund_song,bird,song
493,0.440816327,0.088163265,0.528979592,Sylund_song,bird,song
493,0.56,0.053877551,0.6138775510000001,Sylund_song,bird,song
493,0.643265306,0.047346939,0.690612245,Sylund_song,bird,song
493,0.703673469,0.053877551,0.7575510200000001,Sylund_song,bird,song
494,0.0,0.049342404,0.049342404,Carcar_song,bird,song
494,0.0,3.140498866,3.140498866,Cicatr_song,insect,song
494,0.060952381,0.037732426,0.098684807,Picpic_call,bird,call
494,0.069659864,0.069659864,0.139319728,Carcar_song,bird,song
494,0.159637188,0.046439909,0.20607709700000001,Picpic_call,bird,call
494,0.165442177,0.049342404,0.214784581,Carcar_song,bird,song
494,0.238004535,0.06675737,0.304761905,Carcar_song,bird,song
494,0.28154195,0.043537415,0.325079365,Picpic_call,bird,call
494,0.325079365,0.055147392,0.380226757,Carcar_song,bird,song
494,0.403446712,0.046439909,0.449886621,Picpic_call,bird,call
494,0.464399093,0.208979592,0.673378685,Carcar_song,bird,song
494,0.510839002,0.052244898,0.5630839,Picpic_call,bird,call
494,0.62984127,0.043537415,0.673378685,Picpic_call,bird,call
494,0.743038549,0.058049887,0.801088436,Picpic_call,bird,call
494,0.769160998,0.179954649,0.9491156470000001,Carcar_song,bird,song
494,0.876553288,0.046439909,0.922993197,Picpic_call,bird,call
494,1.274195011,0.084172336,1.358367347,Carcar_song,bird,song
494,1.390294785,0.055147392,1.445442177,Carcar_song,bird,song
494,1.459954649,0.075464853,1.5354195019999999,Carcar_song,bird,song
494,1.576054422,0.043537415,1.619591837,Carcar_song,bird,song
494,1.64861678,0.055147392,1.703764172,Carcar_song,bird,song
494,1.758911565,0.206077098,1.964988663,Carcar_song,bird,song
494,1.959183673,0.084172336,2.043356009,Carcar_song,bird,song
494,2.092698413,0.185759637,2.27845805,Carcar_song,bird,song
494,2.351020408,0.116099773,2.4671201810000003,Carcar_song,bird,song
494,2.481632653,0.075464853,2.5570975060000003,Carcar_song,bird,song
494,2.638367347,0.095782313,2.73414966,Carcar_song,bird,song
494,2.696417234,0.055147392,2.751564626,Picpic_call,bird,call
494,2.73414966,0.095782313,2.829931973,Carcar_song,bird,song
494,2.783492063,0.046439909,2.8299319720000002,Picpic_call,bird,call
494,2.858956916,0.055147392,2.9141043079999998,Picpic_call,bird,call
494,2.925714286,0.081269841,3.006984127,Carcar_song,bird,song
494,2.954739229,0.055147392,3.0098866209999997,Picpic_call,bird,call
494,3.030204082,0.058049887,3.088253969,Carcar_song,bird,song
494,3.041814059,0.063854875,3.105668934,Unknown,Unknown,Unknown
495,0.0,0.037006803,0.037006803,Carcan_song,bird,song
495,0.20244898,0.039183673,0.241632653,Carcan_song,bird,song
495,0.400544218,0.039183673,0.439727891,Carcan_song,bird,song
495,0.822857143,0.050068027,0.87292517,Carcan_song,bird,song
495,0.916462585,0.069659864,0.986122449,Carcan_song,bird,song
495,4.808707483,0.050068027,4.85877551,Carcan_song,bird,song
495,4.952380952,0.051519275,5.003900227000001,Carcan_song,bird,song
496,0.008707483,0.119002268,0.12770975099999998,Sylcan_song,bird,song
496,0.185759637,0.197369615,0.38312925200000003,Sylcan_song,bird,song
496,0.528253968,0.031927438,0.560181406,Sylcan_song,bird,song
496,0.580498866,0.052244898,0.632743764,Sylcan_song,bird,song
496,0.664671202,0.052244898,0.7169161,Sylcan_song,bird,song
496,0.780770975,0.113197279,0.893968254,Sylcan_song,bird,song
496,0.917188209,0.060952381,0.97814059,Sylcan_song,bird,song
496,0.99845805,0.069659864,1.068117914,Sylcan_song,bird,song
496,1.184217687,0.026122449,1.2103401360000001,Sylcan_song,bird,song
496,1.236462585,0.171247166,1.407709751,Sylcan_song,bird,song
496,1.335147392,0.325079365,1.6602267570000002,Sylcan_song,bird,song
496,1.686349206,0.098684807,1.785034013,Sylcan_song,bird,song
496,1.857596372,0.063854875,1.921451247,Sylcan_song,bird,song
496,1.944671202,0.049342404,1.994013606,Sylcan_song,bird,song
496,2.063673469,0.10739229,2.1710657589999998,Sylcan_song,bird,song
496,2.179773243,0.037732426,2.217505669,Sylcan_song,bird,song
496,2.249433107,0.075464853,2.3248979600000004,Sylcan_song,bird,song
496,2.34521542,0.084172336,2.429387756,Sylcan_song,bird,song
496,2.49324263,0.078367347,2.571609977,Sylcan_song,bird,song
496,2.644172336,0.089977324,2.73414966,Sylcan_song,bird,song
496,2.780589569,0.040634921,2.82122449,Sylcan_song,bird,song
496,2.890884354,0.034829932,2.9257142860000003,Sylcan_song,bird,song
496,3.076643991,0.06675737,3.143401361,Sylcan_song,bird,song
496,3.125986395,0.124807256,3.250793651,Sylcan_song,bird,song
496,3.268208617,0.037732426,3.305941043,Sylcan_song,bird,song
496,3.308843537,0.075464853,3.38430839,Sylcan_song,bird,song
496,3.482993197,0.075464853,3.55845805,Sylcan_song,bird,song
496,3.543945578,0.159637188,3.7035827660000002,Unknown,Unknown,Unknown
496,4.159274376,0.101587302,4.260861678,Unknown,Unknown,Unknown
496,4.420498866,0.17414966,4.594648526,Unknown,Unknown,Unknown
497,2.819047619,0.167619048,2.986666667,Galthe_song,bird,song
497,3.753650794,0.111746032,3.865396826,Galthe_song,bird,song
497,3.936507937,0.182857143,4.11936508,Galthe_song,bird,song
497,4.561269841,0.193015873,4.754285714,Galthe_song,bird,song
497,4.754285714,0.249614513,5.003900227,Galthe_song,bird,song
500,0.274285714,0.033015873,0.307301587,Denmaj_call,bird,call
500,0.998095238,0.025396825,1.023492063,Denmaj_call,bird,call
500,1.513650794,0.700952381,2.2146031749999997,Erirub_song,bird,song
500,1.72952381,0.027936508,1.7574603180000001,Denmaj_call,bird,call
500,2.293333333,0.195555556,2.488888889,Erirub_song,bird,song
500,2.504126984,0.198095238,2.702222222,Erirub_song,bird,song
500,2.75047619,0.18031746,2.93079365,Erirub_song,bird,song
500,2.940952381,0.378412698,3.3193650789999998,Erirub_song,bird,song
500,3.111111111,0.040634921,3.151746032,Denmaj_call,bird,call
500,3.377777778,0.487619048,3.865396826,Erirub_song,bird,song
500,3.804444444,0.03047619,3.834920634,Denmaj_call,bird,call
500,3.890793651,0.538412698,4.429206349,Erirub_song,bird,song
500,4.858412698,0.027936508,4.886349206,Denmaj_call,bird,call
502,0.040816327,0.330612245,0.371428572,Turphi_song,bird,song
502,0.06122449,0.069387755,0.130612245,Poepal_song,bird,song
502,0.179591837,0.102040816,0.281632653,Poepal_song,bird,song
502,0.289795918,0.057142857,0.346938775,Poepal_song,bird,song
502,0.412244898,0.057142857,0.469387755,Poepal_song,bird,song
502,0.465306122,0.334693878,0.8,Turphi_song,bird,song
502,1.746938776,0.208163265,1.955102041,Turphi_song,bird,song
502,1.971428571,0.171428571,2.142857142,Turphi_song,bird,song
502,2.27755102,0.293877551,2.571428571,Turphi_song,bird,song
502,2.579591837,0.118367347,2.697959184,Turphi_song,bird,song
502,3.012244898,0.12244898,3.134693878,Turphi_song,bird,song
502,3.183673469,0.134693878,3.3183673469999997,Turphi_song,bird,song
502,3.571428571,0.27755102,3.848979591,Turphi_song,bird,song
502,3.828571429,0.085714286,3.914285715,Turphi_song,bird,song
502,3.946938776,0.06122449,4.008163266,Poepal_song,bird,song
502,4.069387755,0.048979592,4.118367347,Poepal_song,bird,song
502,4.183673469,0.069387755,4.2530612240000005,Poepal_song,bird,song
502,4.404081633,0.240816327,4.64489796,Poepal_song,bird,song
502,4.889795918,0.114104309,5.003900227,Unknown,Unknown,Unknown
503,1.62244898,0.03877551,1.66122449,Embcir_song,bird,song
503,1.685714286,0.040816327,1.726530613,Embcir_song,bird,song
503,1.736734694,0.040816327,1.7775510209999998,Embcir_song,bird,song
503,1.804081633,0.042857143,1.846938776,Embcir_song,bird,song
503,1.863265306,0.034693878,1.8979591839999999,Embcir_song,bird,song
503,1.930612245,1.06122449,2.991836735,Embcir_song,bird,song
503,2.97755102,0.089795918,3.067346938,Stuvul_call,bird,call
503,3.746938776,0.12244898,3.869387756,Stuvul_call,bird,call
504,1.079727891,0.272834467,1.3525623580000001,Butbut_call,bird,call
504,1.393197279,0.284444444,1.677641723,Butbut_call,bird,call
504,2.362630385,0.040634921,2.403265306,Turphi_call,bird,call
504,3.215963719,0.354104308,3.570068027,Butbut_call,bird,call
504,4.313106576,0.690793651,5.003900227,Regign_song,bird,song
506,0.004081633,0.163265306,0.167346939,Unknown,Unknown,Unknown
506,0.87755102,0.318367347,1.195918367,Cerbra_call,bird,call
506,1.734693878,0.269387755,2.004081633,Cerbra_call,bird,call
506,2.53877551,0.089795918,2.628571428,Siteur_song,bird,song
506,2.718367347,0.106122449,2.824489796,Siteur_song,bird,song
506,3.093877551,0.085714286,3.179591837,Unknown,Unknown,Unknown
506,3.281632653,0.073469388,3.355102041,Unknown,Unknown,Unknown
506,3.457142857,0.053061224,3.510204081,Embcir_call,bird,call
506,4.926530612,0.044897959,4.971428571,Embcir_call,bird,call
507,1.185306122,0.068571429,1.253877551,Chlchl_call,bird,call
507,1.479183673,0.084897959,1.5640816320000002,Chlchl_call,bird,call
507,2.654693878,0.05877551,2.7134693879999996,Chlchl_call,bird,call
508,0.0,0.03047619,0.03047619,Sylmel_song,bird,song
508,0.021768707,0.050793651,0.07256235800000001,Sylmel_song,bird,song
508,0.114648526,0.082721088,0.197369614,Sylmel_song,bird,song
508,0.217687075,0.052244898,0.269931973,Sylmel_song,bird,song
508,0.316371882,0.06675737,0.383129252,Sylmel_song,bird,song
508,0.426666667,0.092879819,0.519546486,Sylmel_song,bird,song
508,0.544217687,0.040634921,0.5848526079999999,Sylmel_song,bird,song
508,0.651609977,0.063854875,0.715464852,Sylmel_song,bird,song
508,0.767709751,0.026122449,0.7938322000000001,Sylmel_song,bird,song
508,0.805442177,0.026122449,0.831564626,Sylmel_song,bird,song
508,0.859138322,0.040634921,0.899773243,Sylmel_song,bird,song
508,0.92154195,0.03047619,0.9520181400000001,Sylmel_song,bird,song
508,0.985396825,0.024671202,1.010068027,Sylmel_song,bird,song
508,1.063764172,0.136417234,1.200181406,Sylmel_song,bird,song
508,1.24952381,0.034829932,1.284353742,Sylmel_song,bird,song
508,1.316281179,0.021768707,1.338049886,Sylmel_song,bird,song
508,1.349659864,0.027573696,1.3772335599999999,Sylmel_song,bird,song
508,1.436734694,0.047891156,1.48462585,Sylmel_song,bird,song
508,1.510748299,0.017414966,1.528163265,Sylmel_song,bird,song
508,1.544126984,0.024671202,1.568798186,Sylmel_song,bird,song
508,1.573151927,0.098684807,1.671836734,Sylmel_song,bird,song
508,1.66893424,0.034829932,1.703764172,Sylmel_song,bird,song
508,1.748752834,0.050793651,1.799546485,Sylmel_song,bird,song
509,0.0,0.274285714,0.274285714,Erirub_song,bird,song
509,0.193015873,0.147301587,0.34031746,Colpal_song,bird,song
509,0.683174603,0.048253968,0.731428571,Colpal_song,bird,song
509,0.716190476,0.177777778,0.893968254,Regign_call,bird,call
509,0.934603175,0.213333333,1.147936508,Regign_call,bird,call
509,1.049795918,0.169795918,1.219591836,Colpal_song,bird,song
509,1.145396825,0.185396825,1.33079365,Regign_call,bird,call
509,1.539047619,0.114285714,1.653333333,Colpal_song,bird,song
509,1.74984127,0.210793651,1.9606349209999998,Pyrpyr_call,bird,call
509,1.79047619,0.167619048,1.9580952379999998,Colpal_song,bird,song
509,2.405079365,0.177777778,2.582857143,Colpal_song,bird,song
509,2.674285714,0.13968254,2.8139682539999997,Colpal_song,bird,song
509,2.798730159,0.12952381,2.928253969,Regign_song,bird,song
509,2.973968254,0.14984127,3.123809524,Regign_song,bird,song
509,3.156825397,0.142222222,3.299047619,Regign_song,bird,song
509,3.324444444,0.144761905,3.4692063490000002,Regign_song,bird,song
509,3.49968254,0.058412698,3.558095238,Regign_song,bird,song
509,3.583492063,0.081269841,3.664761904,Regign_song,bird,song
509,3.674920635,0.109206349,3.784126984,Regign_song,bird,song
509,3.784126984,0.076190476,3.8603174599999996,Regign_song,bird,song
509,4.599365079,0.137142857,4.736507936,Pyrpyr_call,bird,call
510,2.93877551,0.022857143,2.961632653,Turphi_call,bird,call
512,1.764716553,0.040634921,1.805351474,Hirrus_call,bird,call
512,2.147845805,0.040634921,2.1884807260000003,Hirrus_call,bird,call
512,2.426485261,0.049342404,2.4758276649999997,Hirrus_call,bird,call
512,2.911201814,0.063854875,2.975056689,Hirrus_call,bird,call
512,3.268208617,0.043537415,3.311746032,Hirrus_call,bird,call
514,0.284444444,0.162539683,0.446984127,Musstr_call,bird,call
514,0.655963719,0.171247166,0.827210885,Musstr_call,bird,call
515,0.0,0.579591837,0.579591837,Serser_song,bird,song
515,0.657142857,0.248979592,0.9061224489999999,Serser_song,bird,song
515,0.820408163,0.163265306,0.983673469,Serser_song,bird,song
515,0.971428571,0.114285714,1.0857142850000001,Serser_song,bird,song
515,1.151020408,0.159183673,1.310204081,Serser_song,bird,song
515,1.436734694,0.130612245,1.567346939,Serser_song,bird,song
515,2.53877551,0.040816327,2.5795918369999997,Serser_song,bird,song
515,2.6,0.040816327,2.640816327,Serser_song,bird,song
515,2.657142857,0.036734694,2.6938775510000004,Serser_song,bird,song
515,2.710204082,0.036734694,2.7469387760000004,Serser_song,bird,song
515,2.771428571,0.028571429,2.8,Serser_song,bird,song
515,2.812244898,0.069387755,2.881632653,Serser_song,bird,song
517,0.0,0.034829932,0.034829932,Sylcan_call,bird,call
517,0.314920635,0.029024943,0.34394557800000003,Sylcan_call,bird,call
517,0.554376417,0.036281179,0.590657596,Sylcan_call,bird,call
517,0.798185941,0.033378685,0.8315646259999999,Sylcan_call,bird,call
517,1.044897959,0.037732426,1.082630385,Sylcan_call,bird,call
517,1.332244898,0.043537415,1.375782313,Sylcan_call,bird,call
517,1.570249433,0.031927438,1.6021768710000002,Sylcan_call,bird,call
517,1.80244898,0.037732426,1.8401814060000001,Sylcan_call,bird,call
517,4.273922902,0.033378685,4.3073015869999995,Sylcan_call,bird,call
517,4.585941043,0.036281179,4.622222222,Sylcan_call,bird,call
517,4.796371882,0.036281179,4.832653061,Sylcan_call,bird,call
518,0.0,1.863401361,1.863401361,Tibtom_song,insect,song
518,0.034829932,0.06675737,0.10158730199999999,Sylmel_song,bird,song
518,0.165442177,0.043537415,0.208979592,Sylmel_song,bird,song
518,0.246712018,0.058049887,0.304761905,Sylmel_song,bird,song
518,0.374421769,0.145124717,0.519546486,Sylmel_song,bird,song
518,0.568888889,0.121904762,0.690793651,Sylmel_song,bird,song
518,0.728526077,0.098684807,0.8272108840000001,Sylmel_song,bird,song
518,0.847528345,0.159637188,1.007165533,Cisjun_song,bird,song
518,1.041995465,0.060952381,1.1029478460000002,Cisjun_song,bird,song
518,1.216145125,0.121904762,1.338049887,Sylmel_song,bird,song
518,1.355464853,0.069659864,1.4251247169999999,Sylmel_song,bird,song
518,1.448344671,0.185759637,1.6341043080000002,Sylmel_song,bird,song
518,1.753106576,0.034829932,1.787936508,Cisjun_song,bird,song
518,1.811156463,0.081269841,1.892426304,Cisjun_song,bird,song
518,1.869206349,0.075464853,1.9446712019999999,Sylmel_song,bird,song
518,1.973696145,0.075464853,2.049160998,Tibtom_song,insect,song
518,2.423582766,0.116099773,2.539682539,Sylmel_song,bird,song
519,0.0,0.050068027,0.050068027,Carcan_song,bird,song
519,0.080544218,0.080544218,0.161088436,Carcan_song,bird,song
519,0.387482993,0.026122449,0.413605442,Carcan_song,bird,song
519,0.498503401,0.019591837,0.518095238,Carcan_song,bird,song
519,0.692244898,0.100136054,0.792380952,Carcan_song,bird,song
519,0.986122449,0.191564626,1.177687075,Carcan_song,bird,song
520,0.0,4.957460317,4.957460317,Plaaff_song,insect,song
520,3.037460317,0.193015873,3.23047619,Galcri_call,bird,call
521,0.0,0.039183673,0.039183673,Carcan_song,bird,song
521,0.178503401,0.047891156,0.226394557,Carcan_song,bird,song
521,0.576870748,0.045714286,0.6225850340000001,Carcan_song,bird,song
521,0.650884354,0.139319728,0.790204082,Carcan_song,bird,song
521,2.394557823,0.206802721,2.601360544,Unknown,Unknown,Unknown
522,0.661768707,2.583219955,3.244988662,Plaaff_song,insect,song
523,0.47600907,0.055147392,0.531156462,Sylmel_call,bird,call
523,0.606621315,0.046439909,0.653061224,Sylmel_call,bird,call
523,0.728526077,0.052244898,0.780770975,Sylmel_call,bird,call
523,0.856235828,0.037732426,0.893968254,Sylmel_call,bird,call
523,0.969433107,0.060952381,1.0303854879999998,Sylmel_call,bird,call
523,1.094240363,0.060952381,1.1551927439999998,Sylmel_call,bird,call
523,1.221950113,0.063854875,1.285804988,Sylmel_call,bird,call
523,1.352562358,0.052244898,1.404807256,Sylmel_call,bird,call
523,1.47446712,0.069659864,1.5441269839999998,Sylmel_call,bird,call
523,1.596371882,0.069659864,1.6660317459999998,Sylmel_call,bird,call
524,0.0,2.64707483,2.64707483,Cicorn_song,insect,song
524,0.0,2.64707483,2.64707483,Lyrple_song,insect,song
524,0.0,0.040634921,0.040634921,Motcin_call,bird,call
524,0.077460317,0.053333333,0.13079364999999998,Motcin_call,bird,call
525,4.059863946,0.130612245,4.190476191,Phycol_call,bird,call
527,0.535510204,0.026122449,0.5616326530000001,Sylcan_call,bird,call
527,1.982403628,0.033378685,2.015782313,Sylcan_call,bird,call
527,3.950294785,0.026122449,3.976417234,Sylcan_call,bird,call
528,0.0,0.248163265,0.248163265,Lusmeg_call,bird,call
528,1.937414966,0.191564626,2.128979592,Lusmeg_call,bird,call
529,0.0,0.228571429,0.228571429,Sylund_call,bird,call
529,2.306031746,0.218412698,2.524444444,Sylund_call,bird,call
530,0.167346939,0.040816327,0.208163266,Phofem_song,insect,song
530,0.240816327,0.048979592,0.289795919,Phofem_song,insect,song
530,0.312244898,0.046938776,0.359183674,Phofem_song,insect,song
530,1.63877551,0.057142857,1.6959183670000002,Lularb_song,bird,song
530,1.732653061,0.089795918,1.822448979,Lularb_song,bird,song
530,1.844897959,0.063265306,1.908163265,Lularb_song,bird,song
530,3.275510204,0.128571429,3.404081633,Lularb_song,bird,song
530,3.636734694,0.110204082,3.746938776,Lularb_song,bird,song
530,4.310204082,0.048979592,4.3591836740000005,Phofem_song,insect,song
530,4.373469388,0.048979592,4.42244898,Phofem_song,insect,song
532,0.0,2.525170068,2.525170068,Tibtom_song,insect,song
532,0.383129252,0.098684807,0.48181405899999996,Unknown,Unknown,Unknown
532,0.54276644,0.084172336,0.6269387759999999,Unknown,Unknown,Unknown
532,0.728526077,0.069659864,0.7981859410000001,Sylmel_song,bird,song
532,0.821405896,0.1538322,0.975238096,Sylmel_song,bird,song
532,1.015873016,0.121904762,1.137777778,Unknown,Unknown,Unknown
532,1.178412698,0.089977324,1.268390022,Unknown,Unknown,Unknown
532,1.349659864,0.098684807,1.4483446709999999,Unknown,Unknown,Unknown
532,1.523809524,0.098684807,1.622494331,Sylmel_song,bird,song
532,1.634104308,0.092879819,1.726984127,Sylmel_song,bird,song
532,1.729886621,0.084172336,1.8140589569999999,Sylmel_song,bird,song
532,1.90984127,0.075464853,1.985306123,Sylmel_song,bird,song
532,1.994013605,0.168344671,2.162358276,Sylmel_song,bird,song
533,0.01015873,0.116825397,0.126984127,Prumod_song,bird,song
533,0.162539683,0.706031746,0.868571429,Turmer_call,bird,call
533,1.488253968,0.086349206,1.574603174,Erirub_call,bird,call
533,1.533968254,0.60952381,2.143492064,Turmer_call,bird,call
533,1.676190476,0.081269841,1.7574603169999998,Erirub_call,bird,call
533,1.706666667,1.564444444,3.2711111109999997,Prumod_song,bird,song
533,1.813333333,0.086349206,1.899682539,Erirub_call,bird,call
533,2.102857143,0.071111111,2.173968254,Erirub_call,bird,call
533,2.839365079,0.538412698,3.377777777,Turmer_call,bird,call
533,4.038095238,0.599365079,4.637460317,Turmer_call,bird,call
533,4.855873016,0.148027211,5.003900227,Turmer_call,bird,call
534,0.001632653,1.235918367,1.23755102,Ptehey_song,insect,song
534,0.367346939,0.040816327,0.40816326599999997,Serser_call,bird,call
534,0.483265306,0.039183673,0.522448979,Serser_call,bird,call
534,1.467755102,0.029387755,1.4971428569999998,Serser_call,bird,call
534,2.050612245,0.048979592,2.0995918369999997,Unknown,Unknown,Unknown
534,2.119183673,0.044081633,2.163265306,Unknown,Unknown,Unknown
534,2.210612245,0.034285714,2.244897959,Unknown,Unknown,Unknown
534,2.287346939,0.034285714,2.321632653,Unknown,Unknown,Unknown
534,2.377142857,0.047346939,2.424489796,Unknown,Unknown,Unknown
535,0.481632653,0.179591837,0.66122449,Parate_call,bird,call
535,1.2,0.102040816,1.3020408159999999,Prumod_song,bird,song
535,1.440816327,0.636734694,2.077551021,Prumod_song,bird,song
535,1.812244898,0.269387755,2.081632653,Unknown,Unknown,Unknown
535,2.114285714,0.363265306,2.4775510200000004,Prumod_song,bird,song
535,2.951020408,0.47755102,3.428571428,Unknown,Unknown,Unknown
535,3.2,0.212244898,3.412244898,Unknown,Unknown,Unknown
535,3.546938776,0.048979592,3.595918368,Erirub_call,bird,call
536,0.012244898,0.281632653,0.293877551,Prumod_song,bird,song
536,0.391836735,0.195918367,0.587755102,Prumod_song,bird,song
536,0.640816327,0.269387755,0.910204082,Prumod_song,bird,song
536,1.975510204,0.142857143,2.118367347,Parcae_call,bird,call
536,2.208163265,0.167346939,2.3755102040000002,Parcae_call,bird,call
536,2.420408163,0.134693878,2.5551020409999996,Parcae_call,bird,call
536,3.734693878,0.06122449,3.7959183679999997,Parcae_call,bird,call
536,3.844897959,0.097959184,3.942857143,Parcae_call,bird,call
537,0.002902494,0.08707483,0.08997732400000001,Stuvul_call,bird,call
537,0.130612245,0.089977324,0.22058956899999999,Stuvul_call,bird,call
537,2.115918367,0.217687075,2.333605442,Stuvul_call,bird,call
538,0.618231293,0.1538322,0.772063493,Musstr_call,bird,call
538,4.417596372,0.130612245,4.548208617,Musstr_call,bird,call
538,4.780408163,0.127709751,4.908117914,Musstr_call,bird,call
539,0.716734694,0.066938776,0.78367347,Lularb_song,bird,song
539,0.84244898,0.086530612,0.928979592,Lularb_song,bird,song
539,0.986122449,0.084897959,1.071020408,Lularb_song,bird,song
539,1.229387755,0.125714286,1.355102041,Lularb_song,bird,song
539,1.428571429,0.146938776,1.575510205,Lularb_song,bird,song
539,1.608163265,0.044081633,1.652244898,Lularb_song,bird,song
539,1.727346939,0.052244898,1.7795918370000001,Lularb_song,bird,song
539,1.867755102,0.145306122,2.013061224,Lularb_song,bird,song
539,2.353015873,0.137142857,2.49015873,Lularb_song,bird,song
539,2.553015873,0.055873016,2.608888889,Lularb_song,bird,song
539,2.615873016,0.052698413,2.668571429,Lularb_song,bird,song
539,2.725079365,0.111111111,2.836190476,Lularb_song,bird,song
539,2.89968254,0.065396825,2.9650793650000002,Lularb_song,bird,song
539,2.966349206,0.075464853,3.041814059,Lularb_song,bird,song
539,3.062131519,0.142222222,3.204353741,Lularb_song,bird,song
539,3.242086168,0.055147392,3.29723356,Lularb_song,bird,song
539,3.29723356,0.081269841,3.378503401,Lularb_song,bird,song
539,3.300136054,0.101587302,3.401723356,Lularb_song,bird,song
539,3.393015873,0.156734694,3.549750567,Lularb_song,bird,song
539,3.555555556,0.484716553,4.040272109,Strtur_song,bird,song
539,3.561360544,0.10739229,3.6687528339999997,Lularb_song,bird,song
539,3.657142857,0.081269841,3.7384126980000003,Lularb_song,bird,song
539,3.712290249,0.159637188,3.871927437,Lularb_song,bird,song
539,3.92707483,0.139319728,4.066394558,Lularb_song,bird,song
539,4.095419501,0.124807256,4.220226757000001,Lularb_song,bird,song
539,4.29569161,0.092879819,4.388571429000001,Lularb_song,bird,song
539,4.391473923,0.063854875,4.455328798,Lularb_song,bird,song
539,4.405986395,0.534058957,4.940045352,Strtur_song,bird,song
540,0.411428571,0.233650794,0.645079365,Pasdom_call,bird,call
540,0.716190476,0.076190476,0.7923809519999999,Unknown,Unknown,Unknown
540,0.99047619,0.518095238,1.508571428,Aegcau_call,bird,call
540,1.076825397,0.081269841,1.1580952379999998,Unknown,Unknown,Unknown
540,2.473650794,0.103764172,2.577414966,Unknown,Unknown,Unknown
541,0.12244898,0.102040816,0.22448979600000002,Sylatr_song,bird,song
541,0.244897959,0.2,0.444897959,Sylatr_song,bird,song
542,0.487755102,0.1,0.587755102,Fricoe_song,bird,song
542,0.665306122,0.079591837,0.744897959,Fricoe_song,bird,song
542,0.82244898,0.091836735,0.914285715,Fricoe_song,bird,song
542,0.96122449,0.018367347,0.979591837,Fricoe_song,bird,song
542,0.989795918,0.093877551,1.083673469,Fricoe_song,bird,song
542,1.089795918,0.120408163,1.210204081,Fricoe_song,bird,song
542,1.255102041,0.055102041,1.310204082,Fricoe_song,bird,song
542,1.344897959,0.069387755,1.414285714,Fricoe_song,bird,song
542,1.432653061,0.089795918,1.522448979,Fricoe_song,bird,song
542,1.614285714,0.165306122,1.779591836,Fricoe_song,bird,song
542,2.120408163,0.053061224,2.173469387,Lularb_song,bird,song
542,2.42244898,0.067346939,2.489795919,Lularb_song,bird,song
542,2.755102041,0.073469388,2.8285714289999997,Lularb_song,bird,song
542,2.891836735,0.03877551,2.930612245,Lularb_song,bird,song
542,3.059183673,0.110204082,3.1693877550000003,Lularb_song,bird,song
542,3.393877551,0.085714286,3.479591837,Lularb_song,bird,song
542,3.520408163,0.067346939,3.587755102,Embcir_call,bird,call
542,3.593877551,0.081632653,3.675510204,Lularb_song,bird,song
542,3.940816327,0.051020408,3.9918367349999997,Embcir_call,bird,call
542,4.171428571,0.028571429,4.2,Embcir_call,bird,call
542,4.375510204,0.034693878,4.410204082,Embcir_call,bird,call
542,4.673469388,0.026530612,4.7,Embcir_call,bird,call
543,2.049160998,2.676099773,4.725260771,Plaaff_song,insect,song
544,0.198095238,0.093605442,0.29170068,Galthe_song,bird,song
544,0.341768707,0.067482993,0.4092517,Galthe_song,bird,song
544,0.474557823,0.03047619,0.505034013,Galthe_song,bird,song
544,0.583401361,0.095782313,0.6791836739999999,Galthe_song,bird,song
545,0.008163265,0.130612245,0.13877551,Aegcau_call,bird,call
545,0.179591837,0.134693878,0.314285715,Aegcau_call,bird,call
545,0.355102041,0.142857143,0.49795918399999994,Aegcau_call,bird,call
545,0.4,0.236734694,0.636734694,Unknown,Unknown,Unknown
547,0.0,0.217687075,0.217687075,Turmer_call,bird,call
547,0.359909297,0.084172336,0.44408163300000003,Turmer_call,bird,call
547,0.568888889,0.139319728,0.708208617,Turmer_call,bird,call
547,0.899773243,0.121904762,1.021678005,Turmer_call,bird,call
547,1.010068027,1.538321996,2.548390023,Jyntor_song,bird,song
547,1.660226757,0.148027211,1.808253968,Turmer_call,bird,call
548,0.0,0.024489796,0.024489796,Oriori_song,bird,song
548,0.040816327,0.13877551,0.17959183699999998,Oriori_song,bird,song
548,0.224489796,0.242857143,0.467346939,Oriori_song,bird,song
548,0.565306122,0.034693878,0.6,Carcar_song,bird,song
548,0.642857143,0.130612245,0.773469388,Carcar_song,bird,song
548,1.024489796,0.089795918,1.114285714,Carcar_song,bird,song
548,1.232653061,0.148979592,1.381632653,Carcar_song,bird,song
548,1.444897959,0.112244898,1.5571428569999999,Carcar_song,bird,song
548,1.67755102,0.140816327,1.818367347,Carcar_song,bird,song
548,1.96122449,0.03877551,2.0,Carcar_song,bird,song
548,2.063265306,0.144897959,2.208163265,Carcar_song,bird,song
548,2.248979592,0.073469388,2.32244898,Carcar_song,bird,song
548,2.363265306,0.2,2.5632653060000004,Carcar_song,bird,song
548,2.812244898,0.087755102,2.9,Carcar_song,bird,song
549,0.975238095,0.081269841,1.056507936,Galcri_song,bird,song
549,1.114920635,0.068571429,1.183492064,Galcri_song,bird,song
549,1.224126984,0.134603175,1.358730159,Galcri_song,bird,song
549,1.424761905,0.104126984,1.528888889,Galcri_song,bird,song
549,1.57968254,0.045714286,1.625396826,Galcri_song,bird,song
549,1.643174603,0.13968254,1.782857143,Galcri_song,bird,song
549,3.946666667,0.269206349,4.215873016,Galcri_song,bird,song
549,4.632380952,0.093968254,4.726349206,Galcri_song,bird,song
549,4.764444444,0.076190476,4.840634919999999,Galcri_song,bird,song
549,4.876190476,0.127709751,5.003900227,Galcri_song,bird,song
550,0.0,5.003900227,5.003900227,Lyrple_song,insect,song
550,0.0,5.003900227,5.003900227,Cicorn_song,insect,song
550,1.277097506,0.043537415,1.3206349210000001,Motcin_call,bird,call
550,1.358367347,0.043537415,1.401904762,Motcin_call,bird,call
550,1.616689342,0.052244898,1.66893424,Motcin_call,bird,call
550,1.695056689,0.063854875,1.7589115640000001,Motcin_call,bird,call
550,1.793741497,0.063854875,1.8575963720000002,Motcin_call,bird,call
550,2.252335601,0.046439909,2.29877551,Motcin_call,bird,call
550,2.333605442,0.058049887,2.391655329,Motcin_call,bird,call
550,2.983764172,0.052244898,3.03600907,Motcin_call,bird,call
550,3.073741497,0.060952381,3.1346938779999998,Motcin_call,bird,call
550,3.961904762,0.043537415,4.005442177,Motcin_call,bird,call
550,4.043174603,0.052244898,4.095419500999999,Motcin_call,bird,call
551,0.0,0.116099773,0.116099773,Petpet_song,bird,song
551,1.163900227,0.19446712,1.3583673470000002,Petpet_song,bird,song
551,1.962086168,0.058049886,2.020136054,Petpet_song,bird,song
554,0.106666667,0.436825397,0.543492064,Galthe_song,bird,song
555,0.0,0.157460317,0.157460317,Corcor_call,bird,call
555,0.33015873,0.421587302,0.751746032,Corcor_call,bird,call
555,0.462222222,0.198095238,0.66031746,Cerbra_call,bird,call
555,1.127619048,0.147301587,1.274920635,Pasdom_call,bird,call
555,1.914920635,0.167619048,2.0825396830000003,Pasdom_call,bird,call
556,0.0,4.962539683,4.962539683,Plasab_song,insect,song
556,0.005079365,0.462222222,0.467301587,Galcri_call,bird,call
556,0.568888889,0.406349206,0.975238095,Galcri_call,bird,call
556,2.021587302,0.462222222,2.4838095239999998,Galcri_call,bird,call
556,2.915555556,0.416507937,3.332063493,Galcri_call,bird,call
556,4.236190476,0.761904762,4.998095238,Galcri_call,bird,call
557,0.0,0.28952381,0.28952381,Sylund_call,bird,call
557,0.34031746,0.147301587,0.487619047,Sylund_call,bird,call
557,2.53968254,0.28952381,2.8292063499999998,Sylund_call,bird,call
557,2.89015873,0.086349206,2.976507936,Sylund_call,bird,call
558,0.0,0.040634921,0.040634921,Galcri_song,bird,song
558,0.076190476,0.147301587,0.22349206300000002,Galcri_song,bird,song
558,0.286984127,0.121904762,0.408888889,Galcri_song,bird,song
558,2.06984127,0.121904762,2.191746032,Galcri_song,bird,song
558,2.275555556,0.114285714,2.3898412700000002,Galcri_song,bird,song
558,2.506666667,0.093968254,2.600634921,Galcri_song,bird,song
558,2.712380952,0.126984127,2.8393650790000002,Galcri_song,bird,song
558,4.33015873,0.673741497,5.003900227,Embcir_song,bird,song
560,0.001451247,0.027573696,0.029024943,Sylcan_call,bird,call
560,0.190113379,0.039183673,0.229297052,Sylcan_call,bird,call
560,0.415056689,0.023219955,0.438276644,Sylcan_call,bird,call
560,0.683537415,0.023219955,0.7067573699999999,Sylcan_call,bird,call
560,0.902675737,0.037732426,0.9404081630000001,Sylcan_call,bird,call
560,1.391746032,0.049342404,1.4410884359999998,Sylcan_call,bird,call
560,1.590566893,0.036281179,1.626848072,Sylcan_call,bird,call
560,2.034648526,0.037732426,2.0723809519999996,Sylcan_call,bird,call
560,2.34521542,0.040634921,2.3858503410000003,Sylcan_call,bird,call
560,2.587573696,0.043537415,2.631111111,Sylcan_call,bird,call
560,2.755918367,0.017414966,2.773333333,Sylcan_call,bird,call
561,0.136417234,0.043537415,0.179954649,Sylatr_call,bird,call
561,0.316371882,0.040634921,0.357006803,Sylatr_call,bird,call
561,0.536961451,0.043537415,0.580498866,Sylatr_call,bird,call
561,0.743038549,0.049342404,0.792380953,Sylatr_call,bird,call
561,1.001360544,0.055147392,1.056507936,Sylatr_call,bird,call
561,1.265487528,0.043537415,1.309024943,Sylatr_call,bird,call
561,1.436734694,0.046439909,1.4831746030000001,Sylatr_call,bird,call
562,0.318367347,0.06122449,0.37959183700000004,Lularb_song,bird,song
562,0.753061224,0.069387755,0.822448979,Lularb_song,bird,song
562,0.973469388,0.081632653,1.055102041,Lularb_song,bird,song
563,0.0,0.336689342,0.336689342,Turmer_call,bird,call
563,1.303219955,0.896870748,2.200090703,Ptehey_song,insect,song
564,0.0,0.080544218,0.080544218,Galthe_song,bird,song
564,0.106666667,0.071836735,0.178503402,Galthe_song,bird,song
564,0.267755102,0.05877551,0.326530612,Galthe_song,bird,song
564,0.372244898,0.069659864,0.441904762,Galthe_song,bird,song
564,0.505034014,0.259047619,0.764081633,Galthe_song,bird,song
564,0.833741497,0.304761905,1.138503402,Galthe_song,bird,song
564,1.297414966,0.306938776,1.604353742,Galthe_song,bird,song
564,1.785034014,0.185034014,1.970068028,Galthe_song,bird,song
564,1.989659864,0.054421769,2.0440816330000002,Galthe_song,bird,song
564,2.120272109,0.037006803,2.157278912,Galthe_song,bird,song
564,2.165986395,0.17414966,2.340136055,Galthe_song,bird,song
564,2.372789116,0.254693878,2.6274829939999997,Galthe_song,bird,song
564,2.721088435,0.161088435,2.88217687,Galthe_song,bird,song
564,2.99537415,0.050068027,3.045442177,Galthe_song,bird,song
564,3.128163265,0.080544218,3.208707483,Galthe_song,bird,song
564,3.326258503,0.093605442,3.419863945,Galthe_song,bird,song
564,3.600544218,0.180680272,3.78122449,Galthe_song,bird,song
564,3.935782313,0.298231293,4.2340136059999995,Galthe_song,bird,song
564,4.388571429,0.309115646,4.697687075,Galthe_song,bird,song
564,4.795646259,0.056598639,4.8522448979999995,Galthe_song,bird,song
564,4.978503401,0.025396826,5.003900227,Galthe_song,bird,song
565,0.0,1.201632653,1.201632653,Tetpyg_song,insect,song
566,0.0,0.412154195,0.412154195,Oriori_call,bird,call
567,0.0,0.458594104,0.458594104,Turmer_call,bird,call
567,0.078367347,0.296054422,0.374421769,Lusmeg_song,bird,song
567,0.493424036,0.240907029,0.734331065,Turmer_call,bird,call
567,0.714013605,0.223492063,0.937505668,Lusmeg_song,bird,song
567,1.004263039,0.069659864,1.073922903,Sylatr_call,bird,call
567,1.007165533,0.496326531,1.503492064,Lusmeg_song,bird,song
567,1.294512472,0.095782313,1.390294785,Sylatr_call,bird,call
567,1.488979592,0.072562358,1.56154195,Sylatr_call,bird,call
567,1.671836735,0.235102041,1.906938776,Turmer_call,bird,call
567,1.976598639,0.156734694,2.133333333,Lusmeg_song,bird,song
567,2.336507937,0.060952381,2.397460318,Sylatr_call,bird,call
567,2.513560091,0.058049887,2.571609978,Sylatr_call,bird,call
567,2.777687075,0.075464853,2.853151928,Turmer_call,bird,call
567,2.890884354,0.095782313,2.986666667,Sylatr_call,bird,call
567,2.946031746,0.075464853,3.0214965990000002,Turmer_call,bird,call
570,0.062040816,0.150204082,0.212244898,Phycol_song,bird,song
570,0.404897959,0.176326531,0.58122449,Phycol_song,bird,song
570,0.764081633,0.111020408,0.875102041,Phycol_song,bird,song
570,0.904489796,0.045714286,0.9502040820000001,Denmaj_call,bird,call
570,1.113469388,0.091428571,1.204897959,Phycol_song,bird,song
570,1.430204082,0.173061224,1.603265306,Phycol_song,bird,song
570,1.777777778,0.086349206,1.8641269839999999,Siteur_song,bird,song
570,1.779591837,0.21877551,1.9983673469999998,Phycol_song,bird,song
570,1.970793651,0.081269841,2.052063492,Siteur_song,bird,song
570,2.068571429,0.027755102,2.096326531,Parate_song,bird,song
570,2.135510204,0.112653061,2.248163265,Phycol_song,bird,song
570,2.148571429,0.135510204,2.284081633,Parate_song,bird,song
570,2.347755102,0.03755102,2.385306122,Parate_song,bird,song
570,2.356825397,0.091428571,2.448253968,Siteur_song,bird,song
570,2.432653061,0.153469388,2.586122449,Parate_song,bird,song
570,2.497959184,0.111020408,2.608979592,Phycol_song,bird,song
570,2.633469388,0.034285714,2.667755102,Parate_song,bird,song
570,2.710204082,0.133877551,2.844081633,Parate_song,bird,song
570,2.912653061,0.039183673,2.951836734,Parate_song,bird,song
570,3.000816327,0.132244898,3.133061225,Parate_song,bird,song
570,3.2,0.03755102,3.23755102,Parate_song,bird,song
570,3.288163265,0.205714286,3.493877551,Parate_song,bird,song
570,3.672380952,0.121904762,3.794285714,Siteur_song,bird,song
570,3.743673469,0.176326531,3.92,Unknown,Unknown,Unknown
570,4.530068027,0.056598639,4.586666666,Denmaj_call,bird,call
571,0.606122449,0.032653061,0.63877551,Phofem_song,insect,song
571,0.665306122,0.036734694,0.702040816,Phofem_song,insect,song
573,0.751746032,1.483174603,2.234920635,Turmer_song,bird,song
573,2.533877551,0.169795918,2.703673469,Cerbra_song,bird,song
573,2.906122449,0.150204082,3.0563265310000003,Cerbra_song,bird,song
573,3.108571429,0.084897959,3.193469388,Cerbra_song,bird,song
573,4.688253968,0.315646259,5.003900227,Turmer_song,bird,song
576,0.0,0.146938776,0.146938776,Aegcau_call,bird,call
576,0.160204082,0.158163265,0.318367347,Aegcau_call,bird,call
576,0.346938776,0.159183673,0.506122449,Aegcau_call,bird,call
576,2.130612245,0.057142857,2.187755102,Aegcau_call,bird,call
576,2.719387755,0.060204082,2.779591837,Aegcau_call,bird,call
577,0.006530612,0.222040816,0.228571428,Petpet_call,bird,call
577,0.235102041,0.225306122,0.460408163,Petpet_call,bird,call
577,1.296326531,0.088163265,1.384489796,Sylcan_song,bird,song
577,1.776326531,0.10122449,1.877551021,Sylcan_song,bird,song
577,2.961632653,0.244897959,3.206530612,Petpet_call,bird,call
577,3.585306122,0.241632653,3.826938775,Petpet_call,bird,call
577,4.764081633,0.127346939,4.891428572,Sylcan_song,bird,song
577,4.920816327,0.065306122,4.986122449,Sylcan_song,bird,song
579,0.0,1.573877551,1.573877551,Serser_song,bird,song
579,0.724897959,1.462857143,2.1877551019999997,Turphi_song,bird,song
579,1.593469388,0.274285714,1.8677551019999998,Serser_call,bird,call
579,2.44244898,0.039183673,2.481632653,Turphi_song,bird,song
579,2.749387755,0.868571429,3.617959184,Serser_song,bird,song
579,2.840816327,0.111020408,2.951836735,Turphi_song,bird,song
579,4.068571429,0.935328798,5.003900227000001,Serser_song,bird,song
579,4.36244898,0.64,5.00244898,Turphi_song,bird,song
580,0.325079365,0.078367347,0.40344671200000004,Carcan_call,bird,call
580,1.056507937,0.063854875,1.120362812,Carcan_call,bird,call
580,1.526712018,0.06675737,1.593469388,Carcan_call,bird,call
580,1.637006803,0.040634921,1.6776417240000001,Carcan_call,bird,call
580,1.721179138,0.084172336,1.805351474,Carcan_call,bird,call
580,2.446802721,0.058049887,2.504852608,Picpic_call,bird,call
580,2.533877551,0.060952381,2.5948299319999997,Picpic_call,bird,call
580,2.62675737,0.046439909,2.673197279,Picpic_call,bird,call
580,2.710929705,0.060952381,2.7718820859999997,Picpic_call,bird,call
580,2.983764172,0.075464853,3.059229025,Carcan_call,bird,call
581,0.001451247,0.055147392,0.056598639000000006,Carcan_call,bird,call
581,1.084081633,0.042086168,1.126167801,Carcan_call,bird,call
581,1.519455782,0.056598639,1.576054421,Carcan_call,bird,call
581,2.455510204,0.033378685,2.488888889,Carcan_call,bird,call
583,0.0,0.069659864,0.069659864,Alaarv_song,bird,song
583,0.113197279,0.751020408,0.864217687,Alaarv_song,bird,song
583,1.184217687,0.306938776,1.491156463,Alaarv_song,bird,song
583,1.565170068,0.11537415,1.680544218,Alaarv_song,bird,song
583,1.704489796,0.143673469,1.8481632650000002,Alaarv_song,bird,song
583,1.878639456,0.041360544,1.92,Alaarv_song,bird,song
583,1.913469388,0.097959184,2.011428572,Alaarv_song,bird,song
583,2.048435374,0.137142857,2.185578231,Alaarv_song,bird,song
583,2.222585034,0.130612245,2.353197279,Alaarv_song,bird,song
583,2.427210884,0.134965986,2.56217687,Alaarv_song,bird,song
583,2.625306122,0.176326531,2.801632653,Alaarv_song,bird,song
583,2.747210884,0.071836735,2.819047619,Phofem_song,insect,song
583,2.858231293,0.278639456,3.136870749,Alaarv_song,bird,song
583,3.210884354,0.080544218,3.291428572,Alaarv_song,bird,song
583,3.291428571,0.093605442,3.385034013,Alaarv_song,bird,song
583,3.644081633,0.14585034,3.789931973,Alaarv_song,bird,song
583,3.805170068,0.052244898,3.857414966,Alaarv_song,bird,song
583,3.890068027,0.139319728,4.029387755,Alaarv_song,bird,song
583,4.066394558,0.063129252,4.12952381,Alaarv_song,bird,song
583,4.166530612,0.074013605,4.240544217,Alaarv_song,bird,song
583,4.303673469,0.045714286,4.3493877549999995,Alaarv_song,bird,song
583,4.399455782,0.372244898,4.77170068,Alaarv_song,bird,song
583,4.865306122,0.119727891,4.985034013,Alaarv_song,bird,song
584,0.0,0.111746032,0.111746032,Galcri_call,bird,call
584,1.097142857,0.446984127,1.544126984,Galcri_call,bird,call
584,1.980952381,0.076190476,2.057142857,Unknown,Unknown,Unknown
584,2.819047619,0.396190476,3.215238095,Galcri_call,bird,call
584,4.424126984,0.096507937,4.520634921,Unknown,Unknown,Unknown
585,0.0,0.213333333,0.213333333,Sylund_call,bird,call
586,0.0,0.100136054,0.100136054,Pelgra_call,amphibian,call
586,0.17414966,0.021768707,0.195918367,Carcar_call,bird,call
586,0.276462585,0.043537415,0.32,Carcar_call,bird,call
586,0.354829932,0.121904762,0.476734694,Pelgra_call,amphibian,call
586,0.557278912,0.189387755,0.746666667,Pelgra_call,amphibian,call
586,0.583401361,0.041360544,0.624761905,Carcar_call,bird,call
586,0.783673469,0.039183673,0.822857142,Carcar_call,bird,call
586,0.903401361,0.182857143,1.086258504,Pelgra_call,amphibian,call
586,0.96,0.063129252,1.023129252,Carcar_call,bird,call
586,1.177687075,0.143673469,1.321360544,Pelgra_call,amphibian,call
586,1.358367347,0.03047619,1.3888435369999999,Carcar_call,bird,call
586,1.445442177,0.043537415,1.4889795920000002,Carcar_call,bird,call
586,1.917823129,0.050068027,1.967891156,Pelgra_call,amphibian,call
586,2.020136054,0.045714286,2.06585034,Pelgra_call,amphibian,call
586,2.246530612,0.02829932,2.274829932,Pelgra_call,amphibian,call
586,2.337959184,0.060952381,2.3989115649999997,Carcar_call,bird,call
586,2.520816327,0.343945578,2.864761905,Pelgra_call,amphibian,call
586,2.692789116,0.032653061,2.725442177,Carcar_call,bird,call
586,2.797278912,0.039183673,2.836462585,Carcar_call,bird,call
586,3.119455782,0.17414966,3.293605442,Pelgra_call,amphibian,call
587,0.0,0.284444444,0.284444444,Butbut_call,bird,call
587,0.0,0.876553288,0.876553288,Regign_song,bird,song
587,1.30031746,0.208979592,1.509297052,Butbut_call,bird,call
587,1.515102041,0.052244898,1.567346939,Regign_call,bird,call
587,3.105668934,0.319274376,3.42494331,Butbut_call,bird,call
587,4.098321995,0.65015873,4.748480725,Regign_song,bird,song
589,0.0,2.594829932,2.594829932,Lyrple_song,insect,song
589,0.0,0.019591837,0.019591837,Carcar_call,bird,call
589,0.095782313,0.050068027,0.14585034,Carcar_call,bird,call
589,0.102312925,0.023945578,0.126258503,Carcar_call,bird,call
589,0.426666667,0.034829932,0.461496599,Carcar_call,bird,call
589,0.557278912,0.054421769,0.611700681,Carcar_call,bird,call
589,1.097142857,0.08707483,1.1842176869999999,Carcar_call,bird,call
589,1.22122449,0.034829932,1.256054422,Carcar_call,bird,call
589,1.297414966,0.134965986,1.4323809520000002,Carcar_call,bird,call
589,1.898231293,0.054421769,1.952653062,Carcar_call,bird,call
589,2.546938776,0.045714286,2.592653062,Carcar_call,bird,call
591,0.0,0.039183673,0.039183673,Parcae_song,bird,song
591,0.089251701,0.134965986,0.224217687,Parcae_song,bird,song
591,0.485442177,0.093605442,0.579047619,Parmaj_song,bird,song
591,0.888163265,0.093605442,0.981768707,Parmaj_song,bird,song
591,1.299591837,0.113197279,1.412789116,Parmaj_song,bird,song
591,1.451972789,0.124081633,1.5760544220000001,Parcae_song,bird,song
591,1.684897959,0.113197279,1.798095238,Parcae_song,bird,song
591,1.730612245,0.126258503,1.8568707480000002,Parmaj_song,bird,song
591,1.89170068,0.095782313,1.987482993,Parcae_song,bird,song
591,2.059319728,0.106666667,2.165986395,Parcae_song,bird,song
591,2.196462585,0.119727891,2.316190476,Parmaj_song,bird,song
591,2.405442177,0.017414966,2.422857143,Parmaj_song,bird,song
591,2.660136054,0.141496599,2.801632653,Parmaj_song,bird,song
591,2.847346939,0.021768707,2.869115646,Parmaj_song,bird,song
591,3.289251701,0.03047619,3.319727891,Parmaj_song,bird,song
591,3.37414966,0.095782313,3.469931973,Parcae_song,bird,song
591,3.591836735,0.121904762,3.713741497,Parcae_song,bird,song
591,3.789931973,0.102312925,3.892244898,Parcae_song,bird,song
591,3.959727891,0.104489796,4.064217687,Unknown,Unknown,Unknown
592,0.017414966,0.296054422,0.31346938799999996,Stuvul_call,bird,call
592,0.417959184,0.240907029,0.658866213,Unknown,Unknown,Unknown
592,1.782131519,0.069659864,1.851791383,Unknown,Unknown,Unknown
592,1.953378685,0.26122449,2.2146031749999997,Unknown,Unknown,Unknown
592,2.324897959,0.06675737,2.3916553289999998,Unknown,Unknown,Unknown
593,0.391836735,0.123356009,0.515192744,Unknown,Unknown,Unknown
593,1.053605442,0.751020408,1.80462585,Denmaj_drum,bird,drum
593,1.10585034,0.043537415,1.149387755,Parmaj_song,bird,song
593,1.214693878,0.108843537,1.323537415,Parmaj_song,bird,song
593,1.410612245,0.113197279,1.523809524,Parmaj_song,bird,song
593,1.532517007,0.165442177,1.6979591840000001,Parmaj_song,bird,song
593,1.750204082,0.095782313,1.845986395,Parmaj_song,bird,song
593,1.845986395,0.17414966,2.020136055,Parmaj_song,bird,song
593,2.076734694,0.104489796,2.1812244900000004,Parmaj_song,bird,song
593,2.176870748,0.126258503,2.3031292509999997,Parmaj_song,bird,song
593,2.446802721,0.217687075,2.6644897960000002,Parmaj_song,bird,song
593,2.577414966,0.605170068,3.182585034,Trotro_song,bird,song
593,2.795102041,0.091428571,2.8865306119999996,Parmaj_song,bird,song
593,3.234829932,0.161088435,3.3959183669999997,Trotro_song,bird,song
593,3.365442177,0.060952381,3.4263945579999997,Trotro_song,bird,song
593,3.448163265,0.11755102,3.565714285,Trotro_song,bird,song
593,3.622312925,0.08707483,3.7093877550000003,Trotro_song,bird,song
593,3.705034014,0.078367347,3.783401361,Trotro_song,bird,song
593,3.818231293,0.052244898,3.8704761910000003,Trotro_song,bird,song
593,4.109931973,0.100136054,4.210068027,Trotro_song,bird,song
593,4.20861678,0.795283447,5.003900227,Trotro_song,bird,song
596,0.194829932,0.02829932,0.223129252,Turphi_call,bird,call
596,4.495238095,0.022857143,4.518095238000001,Turphi_call,bird,call
597,0.0,0.243265306,0.243265306,Strtur_song,bird,song
597,1.869387755,0.251428571,2.120816326,Strtur_song,bird,song
598,0.007256236,0.210430839,0.217687075,Turmer_call,bird,call
598,0.384580499,0.464399093,0.8489795920000001,Turmer_call,bird,call
598,1.153741497,1.001360544,2.155102041,Prumod_song,bird,song
598,1.683446712,0.52244898,2.205895692,Turmer_call,bird,call
598,3.004081633,0.058049887,3.0621315200000003,Erirub_call,bird,call
598,3.095510204,0.054421769,3.149931973,Erirub_call,bird,call
598,3.215238095,0.076190476,3.291428571,Erirub_call,bird,call
598,3.339319728,0.067482993,3.406802721,Erirub_call,bird,call
598,3.570068027,0.631292517,4.201360544,Turmer_call,bird,call
598,4.005442177,0.667573696,4.673015873,Prumod_song,bird,song
598,4.745578231,0.258321996,5.003900227,Turmer_call,bird,call
599,0.0,0.126258503,0.126258503,Lusmeg_call,bird,call
599,0.156734694,0.056598639,0.213333333,Unknown,Unknown,Unknown
599,1.023129252,0.20462585,1.227755102,Lusmeg_call,bird,call
599,1.314829932,0.191564626,1.506394558,Lularb_song,bird,song
599,1.562993197,0.091428571,1.654421768,Lularb_song,bird,song
599,1.702312925,0.195918367,1.898231292,Lularb_song,bird,song
599,1.937414966,0.08707483,2.024489796,Lularb_song,bird,song
599,2.076734694,0.178503401,2.255238095,Lularb_song,bird,song
599,2.290068027,0.08707483,2.377142857,Lularb_song,bird,song
599,2.433741497,0.126258503,2.56,Lularb_song,bird,song
600,0.351201814,0.110294785,0.461496599,Sylatr_song,bird,song
600,0.467301587,0.043537415,0.510839002,Sylatr_song,bird,song
600,0.597913832,0.098684807,0.6965986390000001,Stuvul_call,bird,call
600,0.65015873,0.089977324,0.740136054,Sylatr_song,bird,song
600,1.08553288,0.17414966,1.25968254,Sylatr_song,bird,song
600,1.352562358,0.121904762,1.47446712,Sylatr_song,bird,song
600,1.529614512,0.081269841,1.6108843529999999,Sylatr_song,bird,song
600,1.651519274,0.150929705,1.802448979,Sylatr_song,bird,song
600,1.866303855,0.075464853,1.941768708,Sylatr_song,bird,song
600,2.020136054,0.084172336,2.10430839,Sylatr_song,bird,song
600,2.173968254,0.197369615,2.371337869,Sylatr_song,bird,song
600,2.409070295,0.104489796,2.513560091,Sylatr_song,bird,song
600,2.56,0.092879819,2.6528798190000002,Sylatr_song,bird,song
600,2.760272109,0.084172336,2.844444445,Sylatr_song,bird,song
600,2.844444444,0.127709751,2.972154195,Sylatr_song,bird,song
600,3.038911565,0.069659864,3.108571429,Sylatr_song,bird,song
600,3.134693878,0.110294785,3.244988663,Sylatr_song,bird,song
600,3.262403628,0.084172336,3.346575964,Sylatr_song,bird,song
600,3.390113379,0.104489796,3.4946031750000004,Sylatr_song,bird,song
600,3.604897959,0.060952381,3.66585034,Sylatr_song,bird,song
601,0.901587302,0.114285714,1.015873016,Galcri_song,bird,song
601,1.086984127,0.104126984,1.1911111110000001,Galcri_song,bird,song
601,1.24952381,0.078730159,1.328253969,Galcri_song,bird,song
602,0.052244898,0.142222222,0.19446712,Musstr_call,bird,call
602,0.333786848,0.069659864,0.40344671200000004,Musstr_call,bird,call
602,0.484716553,0.139319728,0.624036281,Musstr_call,bird,call
602,0.711111111,0.052244898,0.763356009,Musstr_call,bird,call
603,0.004353741,0.03047619,0.034829931,Galthe_song,bird,song
603,0.126258503,0.104489796,0.230748299,Galthe_song,bird,song
603,0.324353741,0.128435374,0.45278911499999996,Galthe_song,bird,song
603,0.561632653,0.124081633,0.685714286,Galthe_song,bird,song
604,0.247619048,0.237460317,0.48507936500000004,Alaarv_song,bird,song
604,0.613333333,0.294603175,0.907936508,Alaarv_song,bird,song
604,1.06031746,0.295873016,1.356190476,Alaarv_song,bird,song
604,1.541587302,0.082539683,1.624126985,Alaarv_song,bird,song
605,1.175510204,0.039183673,1.214693877,Sylcan_call,bird,call
605,3.507664399,0.023219955,3.530884354,Sylcan_call,bird,call
606,0.0,2.565804989,2.565804989,Tibtom_song,insect,song
606,0.08707483,0.116099773,0.203174603,Cisjun_song,bird,song
606,0.272834467,0.124807256,0.397641723,Pasdom_call,bird,call
606,0.638548753,0.089977324,0.728526077,Pasdom_call,bird,call
606,1.210340136,0.116099773,1.3264399089999999,Cisjun_song,bird,song
606,1.311927438,0.084172336,1.3960997739999998,Pasdom_call,bird,call
606,1.671836735,0.095782313,1.767619048,Pasdom_call,bird,call
606,2.046258503,0.08707483,2.133333333,Pasdom_call,bird,call
606,2.118820862,0.110294785,2.2291156470000004,Cisjun_song,bird,song
606,2.420680272,0.06675737,2.4874376419999997,Pasdom_call,bird,call
607,0.0,2.536780045,2.536780045,Cicorn_song,insect,song
607,0.0,2.536780045,2.536780045,Lyrple_song,insect,song
607,1.697959184,0.050793651,1.748752835,Motcin_call,bird,call
608,2.132244898,0.306938776,2.439183674,Petpet_call,bird,call
608,3.585306122,0.140408163,3.725714285,Petpet_call,bird,call
609,0.185714286,0.085714286,0.27142857200000003,Lopcri_call,bird,call
609,0.332653061,0.051020408,0.38367346900000004,Lopcri_call,bird,call
609,0.52244898,0.314285714,0.836734694,Lopcri_call,bird,call
609,1.073469388,0.063265306,1.1367346939999998,Lopcri_call,bird,call
609,1.193877551,0.206122449,1.4,Lopcri_call,bird,call
609,1.806122449,0.073469388,1.879591837,Fricoe_song,bird,song
609,1.953061224,0.087755102,2.040816326,Fricoe_song,bird,song
609,2.093877551,0.093877551,2.1877551019999997,Fricoe_song,bird,song
609,2.265306122,0.093877551,2.359183673,Fricoe_song,bird,song
609,2.308163265,0.097959184,2.406122449,Lopcri_call,bird,call
609,2.406122449,0.091836735,2.497959184,Fricoe_song,bird,song
609,2.453061224,0.083673469,2.5367346929999997,Lopcri_call,bird,call
609,2.546938776,0.312244898,2.859183674,Fricoe_song,bird,song
609,2.583673469,0.051020408,2.6346938769999997,Lopcri_call,bird,call
609,2.895918367,0.044897959,2.940816326,Fricoe_song,bird,song
609,2.987755102,0.210204082,3.197959184,Fricoe_song,bird,song
609,3.020408163,0.293877551,3.314285714,Erirub_song,bird,song
609,3.924489796,0.189795918,4.114285714,Erirub_song,bird,song
609,4.136734694,0.371428571,4.508163265,Erirub_song,bird,song
609,4.220408163,0.07755102,4.297959183,Lopcri_call,bird,call
609,4.367346939,0.065306122,4.432653061,Lopcri_call,bird,call
609,4.497959184,0.040816327,4.538775511,Lopcri_call,bird,call
609,4.634693878,0.369206349,5.003900227,Erirub_song,bird,song
610,0.0,0.223492063,0.223492063,Galcri_call,bird,call
610,0.015238095,4.988662132,5.003900227,Plasab_song,insect,song
610,1.071746032,0.406349206,1.478095238,Galcri_call,bird,call
610,2.158730159,0.431746032,2.590476191,Galcri_call,bird,call
610,3.631746032,0.406349206,4.038095238,Galcri_call,bird,call
611,0.0,5.003900227,5.003900227,Tetpyg_song,insect,song
611,0.02244898,0.179591837,0.202040817,Unknown,Unknown,Unknown
611,0.104081633,0.051020408,0.15510204100000002,Phofem_song,insect,song
611,0.16122449,0.030612245,0.191836735,Phofem_song,insect,song
611,0.212244898,0.040816327,0.253061225,Phofem_song,insect,song
611,1.985714286,0.040816327,2.0265306130000003,Phofem_song,insect,song
611,2.034693878,0.028571429,2.063265307,Phofem_song,insect,song
612,1.652244898,0.16,1.8122448979999999,Sylcan_song,bird,song
612,1.838367347,0.088163265,1.9265306119999999,Sylcan_song,bird,song
612,2.027755102,0.195918367,2.223673469,Sylcan_song,bird,song
612,2.328163265,0.068571429,2.396734694,Sylcan_song,bird,song
612,2.491428571,0.068571429,2.56,Sylcan_song,bird,song
612,2.644897959,0.127346939,2.7722448980000003,Sylcan_song,bird,song
612,2.798367347,0.032653061,2.831020408,Sylcan_song,bird,song
612,2.876734694,0.039183673,2.915918367,Sylcan_song,bird,song
612,3.056326531,0.091428571,3.1477551019999996,Sylcan_song,bird,song
612,3.167346939,0.10122449,3.268571429,Sylcan_song,bird,song
612,3.340408163,0.062040816,3.4024489790000003,Sylcan_song,bird,song
612,3.425306122,0.04244898,3.467755102,Sylcan_song,bird,song
612,3.490612245,0.026122449,3.5167346939999997,Sylcan_song,bird,song
612,3.568979592,0.039183673,3.608163265,Sylcan_song,bird,song
612,3.617959184,0.068571429,3.686530613,Sylcan_song,bird,song
612,3.719183673,0.075102041,3.794285714,Sylcan_song,bird,song
612,3.774693878,0.16,3.934693878,Sylcan_song,bird,song
612,4.310204082,0.300408163,4.610612245,Petpet_call,bird,call
612,4.316734694,0.068571429,4.385306123,Sylcan_song,bird,song
612,4.424489796,0.097959184,4.522448979999999,Sylcan_song,bird,song
613,0.004353741,0.034829932,0.039183673,Motcin_call,bird,call
613,0.082721088,0.052244898,0.13496598599999998,Motcin_call,bird,call
613,0.235102041,0.060952381,0.296054422,Phycol_call,bird,call
613,0.716553288,0.036281179,0.752834467,Carcan_call,bird,call
613,1.358730159,0.03446712,1.393197279,Carcan_call,bird,call
613,1.690702948,0.047165533,1.737868481,Carcan_call,bird,call
613,2.128979592,0.043537415,2.1725170069999997,Carcan_call,bird,call
613,2.381496599,0.052244898,2.433741497,Carcan_call,bird,call
613,2.456235828,0.050793651,2.5070294790000003,Unknown,Unknown,Unknown
614,3.320453515,0.043537415,3.36399093,Sylmel_call,bird,call
614,3.442358277,0.060952381,3.5033106579999997,Sylmel_call,bird,call
614,3.561360544,0.069659864,3.631020408,Sylmel_call,bird,call
614,3.694875283,0.092879819,3.787755102,Sylmel_call,bird,call
614,3.845804989,0.075464853,3.921269842,Sylmel_call,bird,call
614,3.979319728,0.098684807,4.078004535,Sylmel_call,bird,call
614,4.159274376,0.069659864,4.22893424,Sylmel_call,bird,call
614,4.313106576,0.063854875,4.376961451,Sylmel_call,bird,call
614,4.452426304,0.08707483,4.539501134,Sylmel_call,bird,call
614,4.623673469,0.008707483,4.632380952,Sylmel_call,bird,call
614,4.66430839,0.031927438,4.696235828000001,Sylmel_call,bird,call
615,0.034829932,0.19446712,0.229297052,Fricoe_song,bird,song
615,0.095782313,0.145124717,0.24090702999999997,Colpal_song,bird,song
615,0.429569161,0.505034014,0.934603175,Colpal_song,bird,song
615,1.198730159,0.043537415,1.242267574,Unknown,Unknown,Unknown
615,1.282902494,0.133514739,1.416417233,Colpal_song,bird,song
615,1.428027211,0.081269841,1.509297052,Unknown,Unknown,Unknown
615,1.828571429,0.406349206,2.234920635,Colpal_song,bird,song
615,2.321995465,0.049342404,2.371337869,Sylatr_song,bird,song
615,2.377142857,0.040634921,2.417777778,Sylatr_song,bird,song
615,2.481632653,0.243809524,2.725442177,Colpal_song,bird,song
615,2.917006803,0.055147392,2.972154195,Sylatr_song,bird,song
615,3.08244898,0.063854875,3.146303855,Sylatr_song,bird,song
615,3.250793651,0.223492063,3.474285714,Colpal_song,bird,song
615,3.465578231,0.127709751,3.5932879819999997,Sylatr_song,bird,song
615,3.654240363,0.084172336,3.738412699,Sylatr_song,bird,song
615,3.668752834,0.116099773,3.7848526070000004,Colpal_song,bird,song
615,3.761632653,0.081269841,3.842902494,Sylatr_song,bird,song
615,3.921269841,0.052244898,3.973514739,Sylatr_song,bird,song
615,4.002539683,0.078367347,4.0809070300000005,Sylatr_song,bird,song
615,4.243446712,0.10739229,4.350839002,Sylatr_song,bird,song
615,4.571428571,0.063854875,4.635283446,Sylatr_song,bird,song
615,4.574331066,0.290249433,4.864580499,Colpal_song,bird,song
615,4.670113379,0.110294785,4.780408164,Sylatr_song,bird,song
615,4.832653061,0.119002268,4.951655329,Sylatr_song,bird,song
618,0.638367347,0.057142857,0.695510204,Sylund_song,bird,song
618,0.747755102,0.091428571,0.839183673,Sylund_song,bird,song
618,0.878367347,0.031020408,0.909387755,Sylund_song,bird,song
618,0.940408163,0.02122449,0.961632653,Sylund_song,bird,song
618,0.986122449,0.083265306,1.069387755,Sylund_song,bird,song
618,1.170612245,0.026122449,1.196734694,Sylund_song,bird,song
618,1.25877551,0.16,1.41877551,Sylund_song,bird,song
618,1.493877551,0.070204082,1.564081633,Sylund_song,bird,song
618,1.650612245,0.053877551,1.704489796,Sylund_song,bird,song
618,1.766530612,0.285714286,2.052244898,Sylund_song,bird,song
619,0.0,0.452789116,0.452789116,Oriori_call,bird,call
620,1.207437642,0.191564626,1.3990022679999998,Petpet_song,bird,song
621,0.519546485,0.133514739,0.653061224,Picpic_call,bird,call
621,2.542585034,0.060952381,2.603537415,Picpic_call,bird,call
621,3.697777778,0.08707483,3.784852608,Picpic_call,bird,call
622,0.0,0.417959184,0.417959184,Oriori_call,bird,call
623,0.0,0.36861678,0.36861678,Serser_call,bird,call
623,0.0,2.623854875,2.623854875,Ptehey_song,insect,song
623,1.773424036,0.060952381,1.834376417,Carcar_call,bird,call
623,1.863401361,0.058049887,1.921451248,Carcar_call,bird,call
623,2.020136054,0.406349206,2.4264852599999998,Serser_call,bird,call
623,3.871927438,0.876553288,4.748480726,Ptehey_song,insect,song
624,0.005079365,3.84,3.8450793649999997,Lyrple_song,insect,song
624,0.005079365,3.843628118,3.8487074829999997,Plaaff_song,insect,song
624,1.675102041,0.078367347,1.7534693879999999,Chlchl_call,bird,call
624,1.799183673,0.026122449,1.825306122,Chlchl_call,bird,call
624,1.854693878,0.062040816,1.916734694,Chlchl_call,bird,call
625,1.313378685,0.047891156,1.361269841,Carcan_call,bird,call
625,1.410612245,0.044988662,1.455600907,Carcan_call,bird,call
625,1.751655329,0.046439909,1.7980952380000002,Carcan_call,bird,call
625,1.917097506,0.161088435,2.078185941,Sylmel_call,bird,call
625,2.136235828,0.049342404,2.1855782319999997,Sylmel_call,bird,call
625,2.233469388,0.052244898,2.285714286,Sylmel_call,bird,call
625,2.314739229,0.049342404,2.364081633,Sylmel_call,bird,call
625,2.388752834,0.042086168,2.430839002,Sylmel_call,bird,call
625,2.467120181,0.046439909,2.51356009,Sylmel_call,bird,call
625,2.548390023,0.03047619,2.578866213,Sylmel_call,bird,call
625,2.620952381,0.037732426,2.6586848069999998,Sylmel_call,bird,call
625,2.700770975,0.037732426,2.738503401,Sylmel_call,bird,call
625,2.776235828,0.034829932,2.81106576,Sylmel_call,bird,call
625,2.854603175,0.037732426,2.8923356009999996,Sylmel_call,bird,call
625,2.932970522,0.042086168,2.97505669,Sylmel_call,bird,call
625,3.009886621,0.031927438,3.041814059,Sylmel_call,bird,call
625,3.089705215,0.036281179,3.125986394,Sylmel_call,bird,call
625,3.16952381,0.040634921,3.210158731,Sylmel_call,bird,call
625,3.246439909,0.042086168,3.2885260769999998,Sylmel_call,bird,call
625,3.326258503,0.042086168,3.368344671,Sylmel_call,bird,call
625,3.422040816,0.036281179,3.458321995,Sylmel_call,bird,call
625,3.506213152,0.031927438,3.53814059,Sylmel_call,bird,call
625,3.586031746,0.040634921,3.6266666670000003,Sylmel_call,bird,call
625,3.67600907,0.029024943,3.705034013,Sylmel_call,bird,call
625,3.755827664,0.040634921,3.796462585,Sylmel_call,bird,call
625,3.848707483,0.049342404,3.898049887,Sylmel_call,bird,call
625,3.931428571,0.047891156,3.979319727,Sylmel_call,bird,call
625,4.022857143,0.046439909,4.0692970520000005,Sylmel_call,bird,call
625,4.105578231,0.052244898,4.157823129,Sylmel_call,bird,call
625,4.194104308,0.049342404,4.243446712,Sylmel_call,bird,call
625,4.282630385,0.049342404,4.331972789,Sylmel_call,bird,call
625,4.374058957,0.052244898,4.426303855,Sylmel_call,bird,call
625,4.468390023,0.059501134,4.527891157,Sylmel_call,bird,call
625,4.549659864,0.027573696,4.57723356,Unknown,Unknown,Unknown
625,4.642539683,0.046439909,4.688979592,Unknown,Unknown,Unknown
626,0.0,0.050793651,0.050793651,Lusmeg_call,bird,call
626,0.34829932,0.214058957,0.562358277,Parmaj_call,bird,call
626,0.580498866,0.464399093,1.044897959,Parmaj_call,bird,call
626,0.707482993,0.065306122,0.7727891149999999,Lusmeg_call,bird,call
626,1.327891156,0.097959184,1.42585034,Lusmeg_call,bird,call
626,1.654421769,0.366439909,2.020861678,Parmaj_call,bird,call
626,2.057142857,0.112471655,2.169614512,Lusmeg_call,bird,call
626,2.59047619,0.188662132,2.779138322,Parmaj_call,bird,call
626,2.76462585,0.116099773,2.880725623,Lusmeg_call,bird,call
626,2.786394558,0.112471655,2.898866213,Parmaj_call,bird,call
626,3.051247166,0.199546485,3.250793651,Parmaj_call,bird,call
626,3.765986395,0.10521542,3.871201815,Lusmeg_call,bird,call
626,4.752834467,0.192290249,4.945124716,Parmaj_call,bird,call
628,0.007256236,0.126984127,0.134240363,Trotro_song,bird,song
628,0.185034014,0.126984127,0.312018141,Trotro_song,bird,song
628,0.362811791,0.185034014,0.547845805,Trotro_song,bird,song
628,0.605895692,0.054421769,0.660317461,Trotro_song,bird,song
628,0.682086168,0.029024943,0.711111111,Trotro_song,bird,song
628,0.816326531,0.090702948,0.907029479,Trotro_song,bird,song
628,0.936054422,0.595011338,1.53106576,Trotro_song,bird,song
628,1.6,0.123356009,1.7233560090000002,Trotro_song,bird,song
628,1.766893424,0.076190476,1.8430839,Trotro_song,bird,song
628,1.955555556,0.061678005,2.017233561,Trotro_song,bird,song
628,2.078911565,0.116099773,2.195011338,Regign_song,bird,song
628,2.129705215,0.083446712,2.213151927,Trotro_song,bird,song
628,2.26031746,0.15600907,2.41632653,Regign_song,bird,song
628,2.321995465,0.076190476,2.398185941,Trotro_song,bird,song
628,2.448979592,0.094331066,2.5433106580000002,Regign_song,bird,song
628,2.517913832,0.076190476,2.594104308,Trotro_song,bird,song
628,2.597732426,1.480272109,4.078004535,Regign_song,bird,song
628,2.710204082,0.145124717,2.855328799,Unknown,Unknown,Unknown
628,2.996825397,0.373696145,3.3705215419999996,Turphi_song,bird,song
628,3.141950113,0.108843537,3.25079365,Unknown,Unknown,Unknown
628,3.522902494,0.076190476,3.59909297,Turphi_song,bird,song
628,3.758730159,0.769160998,4.527891157,Trotro_song,bird,song
628,3.827664399,0.130612245,3.958276644,Turphi_song,bird,song
628,4.023582766,0.079818594,4.103401359999999,Turphi_song,bird,song
628,4.088888889,0.076190476,4.1650793649999995,Regign_song,bird,song
628,4.172335601,0.061678005,4.234013606,Regign_song,bird,song
628,4.27755102,0.047165533,4.324716553,Regign_song,bird,song
628,4.582312925,0.224943311,4.807256236,Unknown,Unknown,Unknown
628,4.669387755,0.123356009,4.792743764,Turphi_song,bird,song
628,4.872562358,0.116099773,4.988662131,Turphi_song,bird,song
629,0.060952381,0.20462585,0.265578231,Lusmeg_call,bird,call
630,1.16244898,0.302585034,1.465034014,Petpet_call,bird,call
630,2.969251701,0.206802721,3.176054422,Petpet_call,bird,call
630,3.866122449,0.134965986,4.001088435,Petpet_call,bird,call
630,4.040272109,0.104489796,4.144761905,Petpet_call,bird,call
631,0.975238095,0.690793651,1.666031746,Butbut_call,bird,call
631,3.999637188,0.058049887,4.057687075,Hirrus_call,bird,call
631,4.864580499,0.052244898,4.916825396999999,Unknown,Unknown,Unknown
633,0.509387755,0.102312925,0.61170068,Phycol_call,bird,call
633,1.613061224,0.11537415,1.728435374,Parate_song,bird,song
633,1.758911565,0.235102041,1.994013606,Unknown,Unknown,Unknown
633,1.92,0.124081633,2.044081633,Parate_song,bird,song
633,2.004897959,0.298231293,2.303129252,Unknown,Unknown,Unknown
633,2.139863946,0.039183673,2.1790476190000003,Parate_song,bird,song
633,2.263945578,0.126258503,2.390204081,Parate_song,bird,song
633,2.455510204,0.050068027,2.505578231,Parate_song,bird,song
633,2.562176871,0.150204082,2.7123809530000003,Parate_song,bird,song
633,2.803809524,0.039183673,2.842993197,Parate_song,bird,song
633,2.919183673,0.224217687,3.14340136,Unknown,Unknown,Unknown
634,0.11755102,0.026122449,0.143673469,Carcan_song,bird,song
634,0.285170068,0.054421769,0.339591837,Carcan_song,bird,song
634,0.372244898,0.043537415,0.415782313,Carcan_song,bird,song
634,0.505034014,0.165442177,0.670476191,Unknown,Unknown,Unknown
634,0.829387755,0.05877551,0.888163265,Unknown,Unknown,Unknown
634,1.208163265,0.134965986,1.3431292510000001,Unknown,Unknown,Unknown
634,1.852517007,0.491972789,2.344489796,Unknown,Unknown,Unknown
634,2.607891156,0.150204082,2.758095238,Unknown,Unknown,Unknown
634,2.897414966,0.224217687,3.121632653,Unknown,Unknown,Unknown
634,3.304489796,0.272108844,3.57659864,Unknown,Unknown,Unknown
634,4.471292517,0.245986395,4.717278912,Unknown,Unknown,Unknown
635,0.0,5.003900227,5.003900227,Plasab_song,insect,song
635,0.487619048,0.152380952,0.64,Galcri_call,bird,call
635,4.12952381,0.35047619,4.48,Galcri_call,bird,call
635,4.83047619,0.172698413,5.003174603,Galcri_call,bird,call
636,0.0,0.044081633,0.044081633,Sylund_song,bird,song
636,0.044081633,0.026122449,0.070204082,Sylund_song,bird,song
636,0.114285714,0.148571429,0.262857143,Sylund_song,bird,song
636,0.287346939,0.05877551,0.346122449,Sylund_song,bird,song
636,0.382040816,0.040816327,0.422857143,Sylund_song,bird,song
636,0.457142857,0.03755102,0.494693877,Sylund_song,bird,song
636,0.519183673,0.03755102,0.556734693,Sylund_song,bird,song
636,0.605714286,0.027755102,0.633469388,Sylund_song,bird,song
636,0.679183673,0.065306122,0.744489795,Sylund_song,bird,song
636,0.827755102,0.166530612,0.994285714,Sylund_song,bird,song
636,1.046530612,0.045714286,1.092244898,Sylund_song,bird,song
636,1.14122449,0.039183673,1.1804081629999998,Sylund_song,bird,song
636,1.328979592,0.044081633,1.373061225,Sylund_song,bird,song
637,2.562902494,0.044988662,2.607891156,Sylmel_song,bird,song
637,2.687709751,0.091428571,2.7791383219999997,Sylmel_song,bird,song
637,2.825578231,0.085623583,2.911201814,Sylmel_song,bird,song
637,2.924263039,0.034829932,2.959092971,Sylmel_song,bird,song
637,2.977959184,0.044988662,3.022947846,Sylmel_song,bird,song
637,3.054875283,0.031927438,3.0868027209999997,Sylmel_song,bird,song
637,3.137596372,0.015963719,3.153560091,Sylmel_song,bird,song
637,3.175328798,0.018866213,3.1941950109999997,Sylmel_song,bird,song
637,3.233378685,0.036281179,3.269659864,Sylmel_song,bird,song
637,3.316099773,0.050793651,3.366893424,Sylmel_song,bird,song
637,3.39446712,0.044988662,3.439455782,Sylmel_song,bird,song
637,3.510566893,0.024671202,3.535238095,Sylmel_song,bird,song
637,3.667301587,0.024671202,3.691972789,Sylmel_song,bird,song
637,3.703582766,0.037732426,3.7413151919999996,Sylmel_song,bird,song
637,3.774693878,0.03047619,3.805170068,Sylmel_song,bird,song
637,3.854512472,0.026122449,3.880634921,Sylmel_song,bird,song
637,3.953197279,0.042086168,3.995283447,Sylmel_song,bird,song
637,4.040272109,0.026122449,4.066394558,Sylmel_song,bird,song
637,4.099773243,0.031927438,4.131700681,Sylmel_song,bird,song
637,4.278276644,0.294603175,4.572879819,Sylmel_song,bird,song
638,0.002176871,0.078367347,0.080544218,Galthe_song,bird,song
638,0.113197279,0.032653061,0.14585034,Galthe_song,bird,song
638,0.195918367,0.189387755,0.38530612200000003,Galthe_song,bird,song
638,0.433197279,0.108843537,0.542040816,Galthe_song,bird,song
638,0.677006803,0.063129252,0.740136055,Galthe_song,bird,song
638,0.774965986,0.126258503,0.901224489,Galthe_song,bird,song
638,1.667482993,0.074013605,1.741496598,Galthe_song,bird,song
638,1.787210884,0.067482993,1.854693877,Galthe_song,bird,song
638,2.002721088,0.128435374,2.131156462,Galthe_song,bird,song
638,2.29877551,0.17414966,2.47292517,Galthe_song,bird,song
639,0.126984127,0.16,0.286984127,Strdec_song,bird,song
639,0.332698413,0.827936508,1.160634921,Parmaj_call,bird,call
639,0.383492063,0.286984127,0.67047619,Strdec_song,bird,song
639,1.168253968,0.079818594,1.248072562,Strdec_song,bird,song
640,0.644353741,0.116099773,0.7604535139999999,Fricoe_call,bird,call
640,0.946213152,0.081269841,1.027482993,Fricoe_call,bird,call
640,1.303219955,0.055147392,1.3583673470000002,Fricoe_call,bird,call
640,1.404807256,0.06675737,1.471564626,Fricoe_call,bird,call
640,1.637006803,0.08707483,1.724081633,Fricoe_call,bird,call
642,0.005804989,0.142222222,0.14802721100000002,Petpet_song,bird,song
642,1.129070295,0.037732426,1.166802721,Sylcan_call,bird,call
642,1.515102041,0.031927438,1.547029479,Sylcan_call,bird,call
642,1.741496599,0.034829932,1.776326531,Sylcan_call,bird,call
642,2.052063492,0.052244898,2.10430839,Sylcan_call,bird,call
642,4.574331066,0.162539683,4.736870749,Petpet_song,bird,song
643,0.243809524,0.148027211,0.391836735,Cisjun_song,bird,song
643,0.258321995,0.092879819,0.35120181400000006,Pasdom_call,bird,call
644,0.006349206,0.274285714,0.28063492,Alaarv_song,bird,song
644,0.349206349,0.269206349,0.618412698,Alaarv_song,bird,song
644,0.661587302,0.226031746,0.887619048,Alaarv_song,bird,song
644,0.938412698,0.029206349,0.967619047,Alaarv_song,bird,song
644,0.977777778,0.027936508,1.005714286,Alaarv_song,bird,song
644,1.01968254,0.011428571,1.031111111,Alaarv_song,bird,song
644,1.067936508,0.099047619,1.166984127,Alaarv_song,bird,song
644,1.201269841,0.445714286,1.646984127,Alaarv_song,bird,song
644,1.732063492,0.048253968,1.78031746,Alaarv_song,bird,song
644,1.815873016,0.043174603,1.859047619,Alaarv_song,bird,song
644,1.892063492,0.261587302,2.153650794,Alaarv_song,bird,song
644,2.401269841,0.140952381,2.542222222,Alaarv_song,bird,song
644,2.548571429,0.115555556,2.664126985,Alaarv_song,bird,song
645,1.635555556,0.238730159,1.8742857149999999,Galcri_call,bird,call
646,0.005079365,0.203174603,0.208253968,Sylund_call,bird,call
647,0.0,0.135510204,0.135510204,Sylund_song,bird,song
647,0.21877551,0.068571429,0.287346939,Sylund_song,bird,song
647,0.355918367,0.062040816,0.417959183,Sylund_song,bird,song
647,0.489795918,0.106122449,0.595918367,Sylund_song,bird,song
647,0.653061224,0.097959184,0.751020408,Sylund_song,bird,song
647,0.765714286,0.05877551,0.824489796,Sylund_song,bird,song
647,0.906122449,0.106122449,1.012244898,Sylund_song,bird,song
647,1.015510204,0.04244898,1.057959184,Sylund_song,bird,song
647,1.395918367,0.065306122,1.461224489,Sylund_song,bird,song
647,1.580408163,0.048979592,1.629387755,Sylund_song,bird,song
647,1.751836735,0.03755102,1.789387755,Sylund_song,bird,song
647,1.838367347,0.205714286,2.044081633,Sylund_song,bird,song
647,2.076734694,0.060408163,2.137142857,Sylund_song,bird,song
648,0.002902494,0.075464853,0.078367347,Sylcan_song,bird,song
648,0.10739229,0.101587302,0.208979592,Sylcan_song,bird,song
648,0.203174603,0.075464853,0.278639456,Sylcan_song,bird,song
648,0.316371882,0.034829932,0.351201814,Sylcan_song,bird,song
648,0.499229025,0.034829932,0.534058957,Sylcan_song,bird,song
648,0.560181406,0.063854875,0.624036281,Sylcan_song,bird,song
648,0.714013605,0.078367347,0.792380952,Sylcan_song,bird,song
648,0.80399093,0.052244898,0.856235828,Petpet_song,bird,song
648,0.908480726,0.116099773,1.024580499,Petpet_song,bird,song
648,1.782131519,0.208979592,1.991111111,Petpet_song,bird,song
648,2.455510204,0.119002268,2.574512472,Petpet_song,bird,song
648,2.702222222,0.226394558,2.92861678,Petpet_song,bird,song
648,4.388571429,0.208979592,4.597551021,Petpet_song,bird,song
649,0.012698413,0.076190476,0.088888889,Cetcet_song,bird,song
649,0.12952381,0.096507937,0.226031747,Cetcet_song,bird,song
649,0.269206349,0.096507937,0.365714286,Cetcet_song,bird,song
649,0.391111111,0.035555556,0.426666667,Cetcet_song,bird,song
649,0.452063492,0.045714286,0.497777778,Cetcet_song,bird,song
649,0.546031746,0.088888889,0.6349206350000001,Cetcet_song,bird,song
649,0.695873016,0.076190476,0.7720634919999999,Cetcet_song,bird,song
649,0.845714286,0.106666667,0.952380953,Cetcet_song,bird,song
649,0.99047619,0.104126984,1.094603174,Cetcet_song,bird,song
649,1.163174603,0.096507937,1.25968254,Cetcet_song,bird,song
651,0.168344671,0.162539683,0.330884354,Unknown,Unknown,Unknown
651,0.505034014,0.139319728,0.6443537420000001,Unknown,Unknown,Unknown
651,0.835918367,0.081269841,0.917188208,Unknown,Unknown,Unknown
651,1.886621315,0.069659864,1.9562811789999999,Lularb_song,bird,song
651,2.281360544,0.092879819,2.374240363,Lularb_song,bird,song
651,2.449705215,0.034829932,2.484535147,Phofem_song,insect,song
651,2.519365079,0.058049887,2.577414966,Phofem_song,insect,song
651,2.629659864,0.17414966,2.803809524,Lularb_song,bird,song
651,3.041814059,0.116099773,3.157913832,Lularb_song,bird,song
651,3.372698413,0.116099773,3.4887981860000004,Lularb_song,bird,song
651,3.523628118,0.058049887,3.581678005,Lularb_song,bird,song
651,3.697777778,0.121904762,3.8196825399999996,Lularb_song,bird,song
651,4.046077098,0.162539683,4.208616781,Lularb_song,bird,song
651,4.440816327,0.069659864,4.510476191,Lularb_song,bird,song
651,4.568526077,0.267029478,4.835555554999999,Lularb_song,bird,song
652,0.145124717,0.027573696,0.172698413,Sylcan_call,bird,call
652,1.056507937,0.03047619,1.0869841269999998,Sylcan_call,bird,call
652,1.297414966,0.023219955,1.3206349210000001,Sylcan_call,bird,call
652,1.542675737,0.018866213,1.5615419499999998,Sylcan_call,bird,call
652,1.803900227,0.033378685,1.837278912,Sylcan_call,bird,call
652,3.657142857,0.024671202,3.681814059,Sylcan_call,bird,call
652,3.857414966,0.03047619,3.887891156,Sylcan_call,bird,call
652,4.532244898,0.024671202,4.5569161000000005,Sylcan_call,bird,call
652,4.803628118,0.026122449,4.829750567,Sylcan_call,bird,call
653,0.326530612,0.06893424,0.395464852,Phycol_call,bird,call
653,2.133333333,0.036281179,2.169614512,Turphi_song,bird,song
653,2.253061224,0.054421769,2.3074829930000003,Turphi_song,bird,song
653,2.692063492,0.054421769,2.746485261,Turphi_song,bird,song
653,3.239909297,0.043537415,3.283446712,Turphi_song,bird,song
653,3.381405896,0.061678005,3.443083901,Turphi_song,bird,song
653,3.675283447,0.036281179,3.711564626,Turphi_song,bird,song
654,0.017414966,0.052244898,0.069659864,Sylcan_call,bird,call
654,0.383129252,0.19446712,0.5775963719999999,Petpet_song,bird,song
654,0.893968254,0.162539683,1.0565079370000001,Unknown,Unknown,Unknown
654,1.175510204,0.185759637,1.3612698410000001,Petpet_song,bird,song
654,2.046258503,0.284444444,2.330702947,Unknown,Unknown,Unknown
654,2.4061678,0.206077098,2.612244898,Petpet_song,bird,song
654,3.288526077,0.342494331,3.6310204080000004,Sylcan_song,bird,song
654,3.720997732,0.043537415,3.7645351469999997,Sylcan_song,bird,song
654,3.825487528,0.104489796,3.929977324,Sylcan_song,bird,song
654,3.985124717,0.139319728,4.124444445,Sylcan_song,bird,song
654,4.147664399,0.258321995,4.405986394,Sylcan_song,bird,song
654,4.455328798,0.165442177,4.620770975,Sylcan_song,bird,song
654,4.646893424,0.040634921,4.687528345,Sylcan_song,bird,song
654,4.77170068,0.069659864,4.8413605440000005,Sylcan_song,bird,song
654,4.847165533,0.075464853,4.922630386,Sylcan_song,bird,song
654,4.922630385,0.046439909,4.969070294,Sylcan_song,bird,song
655,0.012698413,0.050793651,0.063492064,Carcar_call,bird,call
655,0.474920635,0.045714286,0.520634921,Motcin_call,bird,call
655,0.551111111,0.055873016,0.606984127,Motcin_call,bird,call
655,0.853333333,0.060952381,0.914285714,Carcar_call,bird,call
655,1.084444444,0.043174603,1.127619047,Carcar_call,bird,call
655,1.24952381,0.063492063,1.313015873,Carcar_call,bird,call
655,2.008888889,0.053333333,2.062222222,Carcar_call,bird,call
655,2.344126984,0.040634921,2.384761905,Carcar_call,bird,call
655,2.819047619,0.045714286,2.864761905,Carcar_call,bird,call
655,2.88,0.060952381,2.940952381,Motcin_call,bird,call
655,2.976507937,0.045714286,3.022222223,Motcin_call,bird,call
655,3.093333333,0.043174603,3.136507936,Carcar_call,bird,call
655,3.253333333,0.053333333,3.306666666,Carcar_call,bird,call
655,3.558095238,0.050793651,3.608888889,Carcar_call,bird,call
655,4.012698413,0.043174603,4.055873016,Carcar_call,bird,call
655,4.13968254,0.048253968,4.187936508,Carcar_call,bird,call
655,4.297142857,0.050793651,4.347936508,Carcar_call,bird,call
655,4.462222222,0.063492063,4.525714285,Carcar_call,bird,call
655,4.853333333,0.045714286,4.899047619,Carcar_call,bird,call
655,4.99047619,0.013424037,5.003900227,Motcin_call,bird,call
656,0.0,0.06675737,0.06675737,Carcar_song,bird,song
656,0.08707483,0.024671202,0.11174603200000001,Carcar_song,bird,song
656,0.175600907,0.046439909,0.222040816,Carcar_song,bird,song
656,0.25106576,0.044988662,0.29605442200000004,Carcar_song,bird,song
656,0.349750567,0.044988662,0.394739229,Carcar_song,bird,song
656,0.467301587,0.047891156,0.5151927430000001,Carcar_song,bird,song
656,0.53260771,0.026122449,0.558730159,Carcar_song,bird,song
656,0.883809524,0.042086168,0.925895692,Carcar_song,bird,song
656,1.071020408,0.052244898,1.1232653060000002,Carcar_song,bird,song
656,1.155192744,0.079818594,1.235011338,Carcar_song,bird,song
656,1.293061224,0.069659864,1.3627210879999998,Carcar_song,bird,song
656,1.400453515,0.039183673,1.4396371879999998,Carcar_song,bird,song
656,1.47446712,0.136417234,1.610884354,Carcar_song,bird,song
656,1.607981859,0.108843537,1.716825396,Carcar_song,bird,song
656,1.902585034,0.206077098,2.108662132,Carcar_song,bird,song
656,2.456961451,0.0769161,2.5338775510000002,Carcar_song,bird,song
656,2.571609977,0.043537415,2.615147392,Carcar_song,bird,song
656,2.676099773,0.089977324,2.7660770969999997,Carcar_song,bird,song
656,2.790748299,0.047891156,2.838639455,Carcar_song,bird,song
656,2.885079365,0.094331066,2.9794104310000002,Carcar_song,bird,song
656,3.008435374,0.055147392,3.0635827659999997,Carcar_song,bird,song
656,3.070839002,0.043537415,3.114376417,Carcar_song,bird,song
656,3.13324263,0.049342404,3.1825850339999997,Carcar_song,bird,song
656,3.214512472,0.050793651,3.2653061230000002,Carcar_song,bird,song
656,3.310294785,0.082721088,3.393015873,Carcar_song,bird,song
656,3.442358277,0.026122449,3.4684807259999997,Carcar_song,bird,song
656,3.484444444,0.031927438,3.516371882,Carcar_song,bird,song
656,3.570068027,0.047891156,3.617959183,Carcar_song,bird,song
656,3.63537415,0.055147392,3.690521542,Carcar_song,bird,song
656,3.713741497,0.047891156,3.761632653,Carcar_song,bird,song
656,3.808072562,0.039183673,3.847256235,Carcar_song,bird,song
656,3.884988662,0.055147392,3.940136054,Carcar_song,bird,song
656,4.008344671,0.105941043,4.114285713999999,Carcar_song,bird,song
656,4.195555556,0.191564626,4.387120182,Carcar_song,bird,song
656,4.410340136,0.052244898,4.462585034,Carcar_song,bird,song
656,4.536598639,0.059501134,4.596099773,Carcar_song,bird,song
656,4.629478458,0.044988662,4.67446712,Carcar_song,bird,song
656,4.736870748,0.071111111,4.807981859,Carcar_song,bird,song
656,4.835555556,0.031927438,4.867482994,Carcar_song,bird,song
656,4.934240363,0.069659864,5.003900227,Carcar_song,bird,song
657,0.568888889,0.319274376,0.888163265,Oriori_call,bird,call
657,3.140498866,0.238004535,3.378503401,Oriori_call,bird,call
658,0.002176871,0.054421769,0.05659864,Sylcan_song,bird,song
658,1.177687075,0.054421769,1.2321088439999999,Sylcan_song,bird,song
658,1.382312925,0.050068027,1.432380952,Sylcan_song,bird,song
658,1.621768707,0.093605442,1.715374149,Sylcan_song,bird,song
658,1.737142857,0.056598639,1.793741496,Sylcan_song,bird,song
658,1.815510204,0.052244898,1.867755102,Sylcan_song,bird,song
658,1.952653061,0.021768707,1.974421768,Sylcan_song,bird,song
658,1.989659864,0.03047619,2.020136054,Sylcan_song,bird,song
658,2.039727891,0.03047619,2.070204081,Sylcan_song,bird,song
658,2.292244898,0.276462585,2.568707483,Petpet_call,bird,call
658,2.690612245,0.045714286,2.736326531,Sylcan_song,bird,song
658,2.782040816,0.071836735,2.853877551,Sylcan_song,bird,song
658,2.912653061,0.043537415,2.9561904759999997,Sylcan_song,bird,song
658,2.971428571,0.424489796,3.395918367,Sylcan_song,bird,song
658,3.517823129,0.02829932,3.546122449,Sylcan_song,bird,song
658,3.60707483,0.021768707,3.6288435370000003,Sylcan_song,bird,song
658,3.678911565,0.100136054,3.779047619,Sylcan_song,bird,song
658,3.835646259,0.045714286,3.8813605449999997,Sylcan_song,bird,song
658,3.940136054,0.043537415,3.9836734689999997,Sylcan_song,bird,song
658,4.146938776,0.206802721,4.353741497,Sylcan_song,bird,song
658,4.44952381,0.074013605,4.523537415,Sylcan_song,bird,song
658,4.708571429,0.067482993,4.776054422,Sylcan_song,bird,song
659,1.195102041,0.189387755,1.384489796,Petpet_call,bird,call
659,1.902585034,0.256870748,2.1594557819999998,Petpet_call,bird,call
659,2.435918367,0.14585034,2.581768707,Petpet_call,bird,call
659,2.82122449,0.224217687,3.045442177,Petpet_call,bird,call
659,3.650612245,0.113197279,3.763809524,Petpet_call,bird,call
659,3.794285714,0.041360544,3.8356462579999997,Petpet_call,bird,call
659,3.866122449,0.222040816,4.088163265,Petpet_call,bird,call
659,4.636734694,0.287346939,4.924081633,Petpet_call,bird,call
660,0.0,0.104489796,0.104489796,Trotro_song,bird,song
660,0.128979592,0.13877551,0.26775510199999997,Trotro_song,bird,song
660,0.336326531,0.156734694,0.493061225,Trotro_song,bird,song
660,0.524081633,0.057142857,0.58122449,Trotro_song,bird,song
660,0.607346939,0.039183673,0.6465306120000001,Trotro_song,bird,song
660,0.679183673,0.062040816,0.741224489,Trotro_song,bird,song
660,0.765714286,0.044081633,0.809795919,Trotro_song,bird,song
660,0.840816327,0.057142857,0.897959184,Trotro_song,bird,song
660,0.925714286,0.047346939,0.973061225,Trotro_song,bird,song
660,1.008979592,0.045714286,1.054693878,Trotro_song,bird,song
660,1.084081633,0.047346939,1.1314285720000001,Trotro_song,bird,song
660,1.164081633,0.052244898,1.216326531,Trotro_song,bird,song
660,1.250612245,0.047346939,1.297959184,Trotro_song,bird,song
660,1.335510204,0.324897959,1.660408163,Trotro_song,bird,song
660,1.533061224,0.03755102,1.5706122439999999,Trotro_song,bird,song
660,1.650612245,0.088163265,1.73877551,Trotro_song,bird,song
660,1.78122449,0.127346939,1.908571429,Trotro_song,bird,song
660,1.94122449,0.155102041,2.096326531,Trotro_song,bird,song
660,2.12244898,0.142040816,2.2644897960000003,Trotro_song,bird,song
660,2.337959184,0.081632653,2.4195918369999996,Trotro_song,bird,song
660,2.457142857,0.094693878,2.551836735,Trotro_song,bird,song
660,2.563265306,0.088163265,2.651428571,Trotro_song,bird,song
660,2.666122449,0.091428571,2.7575510199999997,Trotro_song,bird,song
660,2.775510204,0.081632653,2.8571428570000004,Trotro_song,bird,song
660,2.891428571,0.097959184,2.989387755,Trotro_song,bird,song
660,3.004081633,0.388571429,3.3926530620000004,Trotro_song,bird,song
660,3.426938776,0.076734694,3.5036734700000003,Trotro_song,bird,song
660,3.502040816,0.073469388,3.575510204,Trotro_song,bird,song
660,3.580408163,0.114285714,3.694693877,Trotro_song,bird,song
660,3.663673469,0.060408163,3.724081632,Trotro_song,bird,song
660,3.761632653,0.109387755,3.871020408,Trotro_song,bird,song
660,3.857959184,0.035918367,3.8938775509999997,Trotro_song,bird,song
660,3.921632653,0.119183673,4.040816326,Trotro_song,bird,song
660,3.937959184,0.12244898,4.060408164,Siteur_call,bird,call
660,4.009795918,0.062040816,4.071836734,Trotro_song,bird,song
660,4.091428571,0.088163265,4.179591836,Trotro_song,bird,song
660,4.176326531,0.044081633,4.220408164,Trotro_song,bird,song
660,4.244897959,0.099591837,4.344489796,Trotro_song,bird,song
660,4.326530612,0.053877551,4.380408163,Trotro_song,bird,song
660,4.403265306,0.10122449,4.504489796,Trotro_song,bird,song
660,4.434285714,0.119183673,4.553469387,Siteur_call,bird,call
660,4.50122449,0.065306122,4.566530612,Trotro_song,bird,song
662,0.0,0.151111111,0.151111111,Galcri_song,bird,song
662,0.182857143,0.125714286,0.308571429,Galcri_song,bird,song
662,0.356825397,0.182857143,0.53968254,Galcri_song,bird,song
662,1.541587302,0.101587302,1.643174604,Alaarv_song,bird,song
662,1.742222222,0.052063492,1.7942857140000001,Alaarv_song,bird,song
662,1.867936508,0.04952381,1.917460318,Alaarv_song,bird,song
662,1.968253968,0.294603175,2.2628571429999997,Alaarv_song,bird,song
662,2.453333333,0.189206349,2.642539682,Alaarv_song,bird,song
662,2.731428571,0.050793651,2.782222222,Alaarv_song,bird,song
662,2.829206349,0.052063492,2.881269841,Alaarv_song,bird,song
663,0.0,2.554195011,2.554195011,Ptehey_song,insect,song
663,0.004081633,0.051020408,0.055102041000000004,Oriori_song,bird,song
663,0.104081633,0.13877551,0.242857143,Oriori_song,bird,song
663,0.281632653,0.232653061,0.514285714,Oriori_song,bird,song
663,1.097959184,0.06122449,1.159183674,Lusmeg_call,bird,call
663,2.0,0.065306122,2.065306122,Lusmeg_call,bird,call
664,0.0,0.12244898,0.12244898,Sylund_song,bird,song
664,0.16,0.017959184,0.177959184,Sylund_song,bird,song
664,0.205714286,0.019591837,0.225306123,Sylund_song,bird,song
664,0.257959184,0.094693878,0.352653062,Sylund_song,bird,song
664,0.427755102,0.073469388,0.50122449,Sylund_song,bird,song
664,0.512653061,0.08,0.5926530609999999,Sylund_song,bird,song
664,0.61877551,0.02122449,0.64,Sylund_song,bird,song
664,0.664489796,0.032653061,0.697142857,Sylund_song,bird,song
664,0.760816327,0.08,0.840816327,Sylund_song,bird,song
664,0.857142857,0.093061224,0.9502040810000001,Sylund_song,bird,song
664,1.010612245,0.071836735,1.08244898,Sylund_song,bird,song
664,1.100408163,0.032653061,1.133061224,Sylund_song,bird,song
664,1.183673469,0.040816327,1.2244897959999999,Sylund_song,bird,song
664,1.248979592,0.050612245,1.299591837,Sylund_song,bird,song
664,1.377959184,0.155102041,1.533061225,Sylund_song,bird,song
664,1.596734694,0.047346939,1.644081633,Sylund_song,bird,song
664,1.848163265,0.171428571,2.019591836,Sylund_song,bird,song
665,0.215510204,2.220408163,2.435918367,Turmer_song,bird,song
665,0.483265306,0.137142857,0.620408163,Parate_call,bird,call
665,0.829387755,1.547755102,2.377142857,Embcir_song,bird,song
665,2.703673469,0.150204082,2.853877551,Parate_call,bird,call
665,3.343673469,0.561632653,3.905306122,Poepal_song,bird,song
667,0.0,0.116825397,0.116825397,Cetcet_song,bird,song
667,0.198095238,0.060952381,0.259047619,Cetcet_song,bird,song
667,0.322539683,0.116825397,0.43936508,Cetcet_song,bird,song
667,0.855873016,0.099047619,0.954920635,Cetcet_song,bird,song
667,0.982857143,0.078730159,1.061587302,Cetcet_song,bird,song
667,1.153015873,0.091428571,1.244444444,Cetcet_song,bird,song
667,1.325714286,0.121904762,1.447619048,Cetcet_song,bird,song
667,1.541587302,0.126984127,1.668571429,Cetcet_song,bird,song
667,1.79047619,0.116825397,1.9073015869999999,Cetcet_song,bird,song
667,2.062222222,0.063492063,2.125714285,Lusmeg_song,bird,song
667,2.196825397,0.035555556,2.232380953,Lusmeg_song,bird,song
667,2.293333333,0.03047619,2.323809523,Lusmeg_song,bird,song
667,2.364444444,0.025396825,2.389841269,Lusmeg_song,bird,song
667,2.425396825,0.060952381,2.486349206,Lusmeg_song,bird,song
667,4.266666667,0.071111111,4.3377777779999995,Lusmeg_call,bird,call
668,0.114285714,0.10122449,0.21551020399999998,Aegcau_call,bird,call
668,0.310204082,0.11755102,0.427755102,Aegcau_call,bird,call
668,0.470204082,0.10122449,0.5714285720000001,Aegcau_call,bird,call
668,0.659591837,0.071836735,0.731428572,Aegcau_call,bird,call
671,0.004897959,0.065306122,0.070204081,Sylund_song,bird,song
671,0.088163265,0.089795918,0.17795918300000002,Sylund_song,bird,song
671,0.168163265,0.073469388,0.241632653,Sylund_song,bird,song
671,0.256326531,0.094693878,0.35102040900000003,Sylund_song,bird,song
671,0.393469388,0.094693878,0.488163266,Sylund_song,bird,song
671,0.519183673,0.063673469,0.582857142,Sylund_song,bird,song
671,0.610612245,0.022857143,0.633469388,Sylund_song,bird,song
671,0.68244898,0.096326531,0.778775511,Sylund_song,bird,song
671,0.817959184,0.08,0.897959184,Sylund_song,bird,song
671,0.935510204,0.076734694,1.012244898,Sylund_song,bird,song
671,1.06122449,0.052244898,1.1134693880000002,Sylund_song,bird,song
671,1.147755102,0.127346939,1.275102041,Sylund_song,bird,song
671,1.315918367,0.048979592,1.364897959,Sylund_song,bird,song
671,1.422040816,0.093061224,1.51510204,Sylund_song,bird,song
671,1.555918367,0.093061224,1.648979591,Sylund_song,bird,song
672,2.191020408,0.173061224,2.364081632,Pyrpyr_call,bird,call
672,4.675918367,0.04244898,4.718367347,Pyrpyr_call,bird,call
673,0.046938776,0.06122449,0.10816326600000001,Lularb_song,bird,song
673,0.13877551,0.079591837,0.218367347,Lularb_song,bird,song
673,0.340816327,0.087755102,0.428571429,Lularb_song,bird,song
673,0.455102041,0.093877551,0.548979592,Lularb_song,bird,song
673,0.687755102,0.067346939,0.755102041,Lularb_song,bird,song
673,0.779591837,0.081632653,0.86122449,Lularb_song,bird,song
673,0.985714286,0.059183673,1.044897959,Lularb_song,bird,song
673,1.1,0.069387755,1.169387755,Lularb_song,bird,song
673,1.295918367,0.063265306,1.359183673,Lularb_song,bird,song
673,1.389795918,0.083673469,1.473469387,Lularb_song,bird,song
673,1.6,0.073469388,1.673469388,Lularb_song,bird,song
673,1.693877551,0.095918367,1.7897959179999998,Picpic_call,bird,call
673,1.7,0.093877551,1.793877551,Lularb_song,bird,song
673,1.895918367,0.07755102,1.973469387,Lularb_song,bird,song
673,1.973469388,0.046938776,2.020408164,Picpic_call,bird,call
673,2.010204082,0.083673469,2.093877551,Lularb_song,bird,song
673,2.065306122,0.046938776,2.112244898,Picpic_call,bird,call
673,2.181632653,0.053061224,2.2346938769999998,Picpic_call,bird,call
673,2.240816327,0.067346939,2.308163266,Lularb_song,bird,song
673,2.318367347,0.03877551,2.357142857,Picpic_call,bird,call
673,2.395918367,0.057142857,2.4530612240000003,Picpic_call,bird,call
673,2.495918367,0.06122449,2.5571428569999997,Picpic_call,bird,call
673,2.610204082,0.07755102,2.687755102,Picpic_call,bird,call
673,2.730612245,0.053061224,2.783673469,Picpic_call,bird,call
673,3.532653061,0.03877551,3.5714285709999998,Unknown,Unknown,Unknown
673,3.789795918,0.059183673,3.848979591,Unknown,Unknown,Unknown
674,0.473106576,0.058049887,0.531156463,Embcir_call,bird,call
674,1.198730159,0.08707483,1.2858049889999998,Embcir_call,bird,call
674,1.915646259,0.06675737,1.982403629,Embcir_call,bird,call
674,2.187755102,1.687619048,3.87537415,Serser_song,bird,song
674,2.763174603,0.058049887,2.82122449,Embcir_call,bird,call
674,3.424943311,0.084172336,3.509115647,Embcir_call,bird,call
674,4.22893424,0.081269841,4.310204081,Embcir_call,bird,call
674,4.911020408,0.089977324,5.000997732,Embcir_call,bird,call
675,0.507936508,0.072562358,0.580498866,Anttri_song,bird,song
675,0.673378685,0.10739229,0.780770975,Anttri_song,bird,song
675,0.888163265,0.10739229,0.9955555549999999,Anttri_song,bird,song
675,0.97814059,0.124807256,1.102947846,Parmaj_song,bird,song
675,1.123265306,0.133514739,1.256780045,Anttri_song,bird,song
675,1.160997732,0.034829932,1.195827664,Parmaj_song,bird,song
675,1.30031746,0.159637188,1.459954648,Parmaj_song,bird,song
675,1.320634921,0.055147392,1.375782313,Anttri_song,bird,song
675,1.428027211,0.08707483,1.515102041,Anttri_song,bird,song
675,1.529614512,0.034829932,1.564444444,Parmaj_song,bird,song
675,1.602176871,0.069659864,1.6718367349999999,Anttri_song,bird,song
675,1.66893424,0.17414966,1.8430839,Parmaj_song,bird,song
675,1.75600907,0.089977324,1.8459863939999999,Anttri_song,bird,song
675,1.88952381,0.084172336,1.973696146,Anttri_song,bird,song
675,1.999818594,0.17414966,2.173968254,Parmaj_song,bird,song
675,2.069478458,0.081269841,2.150748299,Anttri_song,bird,song
675,2.234920635,0.104489796,2.339410431,Anttri_song,bird,song
675,2.388752834,0.191564626,2.58031746,Parmaj_song,bird,song
675,2.432290249,0.081269841,2.51356009,Anttri_song,bird,song
675,2.612244898,0.08707483,2.6993197280000003,Anttri_song,bird,song
675,2.629659864,0.026122449,2.655782313,Parmaj_song,bird,song
675,2.768979592,0.110294785,2.8792743769999998,Anttri_song,bird,song
675,2.777687075,0.220589569,2.9982766439999997,Parmaj_song,bird,song
675,2.966349206,0.095782313,3.062131519,Anttri_song,bird,song
675,3.009886621,0.02031746,3.030204081,Parmaj_song,bird,song
675,3.131791383,0.10739229,3.239183673,Anttri_song,bird,song
675,3.146303855,0.185759637,3.332063492,Parmaj_song,bird,song
675,3.308843537,0.119002268,3.427845805,Anttri_song,bird,song
675,3.355283447,0.023219955,3.378503402,Parmaj_song,bird,song
675,3.509115646,0.095782313,3.604897959,Anttri_song,bird,song
675,3.529433107,0.179954649,3.709387756,Parmaj_song,bird,song
675,3.689070295,0.121904762,3.8109750570000003,Anttri_song,bird,song
675,3.877732426,0.121904762,3.9996371880000003,Anttri_song,bird,song
675,4.078004535,0.049342404,4.127346939,Anttri_song,bird,song
675,4.176689342,0.046439909,4.2231292510000005,Anttri_song,bird,song
675,4.281179138,0.029024943,4.310204080999999,Anttri_song,bird,song
675,4.385668934,0.60952381,4.995192744,Anttri_song,bird,song
676,0.0,0.069659864,0.069659864,Pyrpyr_call,bird,call
676,0.400544218,0.272834467,0.6733786850000001,Butbut_call,bird,call
676,1.106122449,0.057142857,1.163265306,Regign_call,bird,call
676,1.257142857,0.053061224,1.310204081,Regign_call,bird,call
676,1.358367347,0.238004535,1.596371882,Butbut_call,bird,call
676,1.432653061,0.044897959,1.47755102,Regign_call,bird,call
676,2.292970522,0.267029478,2.56,Butbut_call,bird,call
676,2.676099773,0.238004535,2.9141043079999998,Pyrpyr_call,bird,call
676,3.291428571,0.272834467,3.564263038,Butbut_call,bird,call
676,4.249251701,0.267029478,4.516281179,Butbut_call,bird,call
676,4.870385488,0.133514739,5.003900227,Pyrpyr_call,bird,call
677,0.0,0.116099773,0.116099773,Pasdom_call,bird,call
677,0.007256236,0.41723356,0.42448979600000003,Aegcau_call,bird,call
677,0.395464853,0.203174603,0.598639456,Pasdom_call,bird,call
677,1.153741497,0.054421769,1.208163266,Pasdom_call,bird,call
677,1.603628118,0.032653061,1.636281179,Pasdom_call,bird,call
677,2.147845805,0.036281179,2.184126984,Pasdom_call,bird,call
677,2.637641723,0.195918367,2.83356009,Pasdom_call,bird,call
677,2.760997732,0.489795918,3.25079365,Aegcau_call,bird,call
677,3.004081633,0.112471655,3.1165532880000004,Pasdom_call,bird,call
677,3.385034014,0.159637188,3.544671202,Pasdom_call,bird,call
677,3.867573696,0.043537415,3.911111111,Pasdom_call,bird,call
677,4.03446712,0.137868481,4.172335601,Pasdom_call,bird,call
677,4.299319728,0.032653061,4.331972789000001,Pasdom_call,bird,call
677,4.64399093,0.043537415,4.6875283450000005,Pasdom_call,bird,call
677,4.839909297,0.039909297,4.8798185940000005,Pasdom_call,bird,call
678,0.0,0.052244898,0.052244898,Parmaj_song,bird,song
678,0.121904762,0.052244898,0.17414965999999998,Parmaj_song,bird,song
678,0.255419501,0.203174603,0.458594104,Parmaj_song,bird,song
678,1.584761905,0.072562358,1.657324263,Parate_song,bird,song
678,1.753106576,0.075464853,1.828571429,Parate_song,bird,song
678,1.901133787,0.104489796,2.005623583,Parate_song,bird,song
678,2.069478458,0.084172336,2.153650794,Parate_song,bird,song
678,2.226213152,0.078367347,2.304580499,Parate_song,bird,song
678,2.255238095,0.351201814,2.606439909,Poepal_call,bird,call
678,2.684807256,0.095782313,2.780589569,Unknown,Unknown,Unknown
678,2.986666667,0.179954649,3.166621316,Phycol_song,bird,song
678,3.31755102,0.156734694,3.4742857139999996,Phycol_song,bird,song
678,3.66585034,0.165442177,3.831292517,Phycol_song,bird,song
678,3.996734694,0.168344671,4.165079365,Phycol_song,bird,song
678,4.025759637,0.510839002,4.536598639,Poepal_call,bird,call
678,4.255056689,0.731428571,4.98648526,Denmaj_drum,bird,drum
678,4.292789116,0.142222222,4.435011338,Phycol_song,bird,song
679,0.245986395,0.041360544,0.28734693899999997,Motcin_call,bird,call
679,0.34829932,0.069659864,0.41795918400000004,Motcin_call,bird,call
679,0.811972789,0.40707483,1.219047619,Chlchl_call,bird,call
679,2.004897959,0.093605442,2.098503401,Regign_call,bird,call
679,2.372789116,0.082721088,2.455510204,Cerbra_call,bird,call
680,0.001632653,0.308571429,0.310204082,Strtur_song,bird,song
680,0.006530612,0.091428571,0.097959183,Lularb_song,bird,song
680,0.096326531,0.053877551,0.15020408200000002,Lularb_song,bird,song
680,0.267755102,0.109387755,0.37714285700000005,Lularb_song,bird,song
680,0.390204082,0.057142857,0.447346939,Lularb_song,bird,song
680,0.535510204,0.10122449,0.636734694,Lularb_song,bird,song
680,0.648163265,0.063673469,0.711836734,Lularb_song,bird,song
680,0.767346939,0.119183673,0.8865306119999999,Lularb_song,bird,song
680,0.884897959,0.065306122,0.950204081,Lularb_song,bird,song
680,1.013877551,0.102857143,1.116734694,Lularb_song,bird,song
680,1.128163265,0.055510204,1.183673469,Lularb_song,bird,song
680,1.206530612,0.331428571,1.537959183,Strtur_song,bird,song
680,1.248979592,0.111020408,1.3599999999999999,Lularb_song,bird,song
680,1.36,0.060408163,1.420408163,Lularb_song,bird,song
680,1.475918367,0.107755102,1.583673469,Lularb_song,bird,song
680,1.609795918,0.048979592,1.6587755100000001,Lularb_song,bird,song
680,1.709387755,0.093061224,1.802448979,Lularb_song,bird,song
680,1.828571429,0.099591837,1.9281632659999999,Lularb_song,bird,song
680,1.947755102,0.096326531,2.044081633,Lularb_song,bird,song
680,2.053877551,0.066938776,2.120816327,Lularb_song,bird,song
680,2.124081633,0.346122449,2.470204082,Strtur_song,bird,song
680,2.176326531,0.102857143,2.279183674,Lularb_song,bird,song
681,0.189387755,1.208163265,1.39755102,Turmer_song,bird,song
681,2.057142857,0.404897959,2.462040816,Gargla_call,bird,call
681,2.56,0.045714286,2.605714286,Sylatr_call,bird,call
681,2.840816327,0.091428571,2.932244898,Sylatr_call,bird,call
681,2.873469388,0.64,3.5134693880000003,Gargla_call,bird,call
681,3.382857143,0.267755102,3.650612245,Sylatr_call,bird,call
681,3.467755102,1.536145125,5.003900227,Siteur_song,bird,song
681,3.748571429,0.293877551,4.04244898,Sylatr_call,bird,call
681,4.081632653,0.620408163,4.702040816,Gargla_call,bird,call
682,0.032653061,0.05877551,0.091428571,Sylund_song,bird,song
682,0.142040816,0.057142857,0.19918367299999998,Sylund_song,bird,song
682,0.199183673,0.063673469,0.262857142,Sylund_song,bird,song
682,0.29877551,0.068571429,0.36734693900000004,Sylund_song,bird,song
682,0.367346939,0.243265306,0.610612245,Sylund_song,bird,song
682,0.636734694,0.096326531,0.733061225,Sylund_song,bird,song
682,0.737959184,0.081632653,0.819591837,Sylund_song,bird,song
682,0.826122449,0.063673469,0.889795918,Sylund_song,bird,song
682,0.896326531,0.062040816,0.958367347,Sylund_song,bird,song
682,1.000816327,0.133877551,1.134693878,Sylund_song,bird,song
682,1.172244898,0.065306122,1.23755102,Sylund_song,bird,song
682,3.740408163,0.210612245,3.951020408,Sylund_song,bird,song
682,4.001632653,0.048979592,4.050612245,Sylund_song,bird,song
682,4.081632653,0.099591837,4.18122449,Sylund_song,bird,song
682,4.220408163,0.065306122,4.285714285,Sylund_song,bird,song
682,4.318367347,0.084897959,4.403265306,Sylund_song,bird,song
682,4.434285714,0.075102041,4.509387755,Sylund_song,bird,song
682,4.563265306,0.168163265,4.731428571,Sylund_song,bird,song
682,4.803265306,0.096326531,4.899591837,Sylund_song,bird,song
682,4.946938776,0.055510204,5.00244898,Sylund_song,bird,song
683,0.097959184,0.171972789,0.269931973,Phycol_song,bird,song
683,0.446258503,0.211156463,0.6574149659999999,Phycol_song,bird,song
683,0.78585034,0.180680272,0.966530612,Phycol_song,bird,song
683,1.110204082,0.20462585,1.314829932,Phycol_song,bird,song
683,1.449795918,0.198095238,1.647891156,Phycol_song,bird,song
683,1.787210884,0.208979592,1.996190476,Phycol_song,bird,song
683,2.163809524,0.189387755,2.3531972789999998,Phycol_song,bird,song
683,2.351020408,0.054421769,2.4054421770000003,Anttri_song,bird,song
683,2.479455782,0.08707483,2.566530612,Anttri_song,bird,song
683,2.640544218,0.076190476,2.716734694,Anttri_song,bird,song
683,2.862585034,0.11537415,2.977959184,Anttri_song,bird,song
683,3.215238095,0.100136054,3.315374149,Anttri_song,bird,song
683,3.583129252,0.106666667,3.689795919,Anttri_song,bird,song
683,4.068571429,0.045714286,4.114285715,Anttri_song,bird,song
683,4.166530612,0.121904762,4.288435374,Parmaj_song,bird,song
683,4.297142857,0.045714286,4.342857143,Anttri_song,bird,song
683,4.395102041,0.082721088,4.477823129000001,Parmaj_song,bird,song
683,4.519183673,0.060952381,4.580136054,Anttri_song,bird,song
683,4.575782313,0.163265306,4.739047619000001,Parmaj_song,bird,song
683,4.845714286,0.089251701,4.934965987,Parmaj_song,bird,song
684,0.012244898,0.085714286,0.097959184,Parcae_call,bird,call
684,0.048979592,0.089795918,0.13877551,Parcae_call,bird,call
684,0.151020408,0.093877551,0.244897959,Parcae_call,bird,call
684,0.265306122,0.081632653,0.346938775,Parcae_call,bird,call
684,0.371428571,0.085714286,0.457142857,Parcae_call,bird,call
684,0.46122449,0.102040816,0.563265306,Parcae_call,bird,call
684,0.579591837,0.114285714,0.693877551,Parcae_call,bird,call
684,2.011428571,0.43537415,2.446802721,Parcae_call,bird,call
684,2.551020408,0.07755102,2.628571428,Parcae_call,bird,call
684,2.673469388,0.048979592,2.72244898,Parcae_call,bird,call
684,2.763265306,0.06122449,2.824489796,Parcae_call,bird,call
684,2.865306122,0.183673469,3.0489795909999997,Parcae_call,bird,call
685,0.005804989,0.116099773,0.121904762,Lusmeg_song,bird,song
685,0.336689342,1.468662132,1.805351474,Lusmeg_song,bird,song
685,1.039092971,0.238004535,1.277097506,Turmer_call,bird,call
685,3.131428571,0.107755102,3.239183673,Unknown,Unknown,Unknown
685,3.742040816,0.179591837,3.9216326529999996,Unknown,Unknown,Unknown
686,0.0,0.979591837,0.979591837,Serser_song,bird,song
686,0.124081633,1.208163265,1.3322448980000001,Jyntor_song,bird,song
686,0.587755102,0.143673469,0.731428571,Pasdom_call,bird,call
686,1.606530612,0.111020408,1.71755102,Pasdom_call,bird,call
686,2.115918367,2.351020408,4.466938775,Serser_song,bird,song
686,3.088979592,0.143673469,3.2326530609999997,Pasdom_call,bird,call
686,4.688979592,0.150204082,4.839183674,Pasdom_call,bird,call
687,0.053877551,0.156734694,0.210612245,Poepal_call,bird,call
687,0.406530612,0.148571429,0.555102041,Poepal_call,bird,call
687,1.208163265,0.20244898,1.410612245,Poepal_call,bird,call
687,1.590204082,0.133877551,1.7240816330000002,Unknown,Unknown,Unknown
687,1.81877551,0.055510204,1.874285714,Unknown,Unknown,Unknown
687,1.973877551,0.088163265,2.062040816,Unknown,Unknown,Unknown
687,2.091428571,0.119183673,2.210612244,Unknown,Unknown,Unknown
687,2.238367347,0.106122449,2.344489796,Unknown,Unknown,Unknown
687,2.360816327,0.132244898,2.4930612250000004,Unknown,Unknown,Unknown
687,2.556734694,0.174693878,2.731428572,Poepal_call,bird,call
687,2.88,0.145306122,3.025306122,Phycol_song,bird,song
687,3.208163265,0.163265306,3.371428571,Unknown,Unknown,Unknown
687,3.547755102,0.106122449,3.653877551,Poepal_call,bird,call
687,3.662040816,0.045714286,3.707755102,Poepal_call,bird,call
687,3.732244898,0.145306122,3.87755102,Poepal_call,bird,call
687,4.076734694,0.097959184,4.174693877999999,Poepal_call,bird,call
687,4.236734694,0.10122449,4.337959184,Poepal_call,bird,call
687,4.419591837,0.186122449,4.6057142859999995,Poepal_call,bird,call
687,4.911020408,0.091428571,5.0024489789999995,Unknown,Unknown,Unknown
